areaperil_id,buildings,tiv_usd
66,181,122544200.0
67,207,195171000.0
193,48,58438700.0
194,70,49734700.0
195,1076,698888600.0
196,889,738637600.0
197,541,508362800.0
198,8,10108600.0
200,9,65394100.0
321,2,5167700.0
322,151,288085200.0
323,682,769517900.0
324,947,959641300.0
325,1664,988290200.0
326,1642,1185940300.0
327,926,720714200.0
328,31,156777400.0
329,54,160251200.0
330,6,12367500.0
331,4,5261500.0
332,1,4382900.0
445,5,18844400.0
446,22,254444500.0
449,15,11505000.0
450,347,386574100.0
451,399,663075100.0
452,401,671350300.0
453,298,437460800.0
454,749,733654300.0
455,1315,1389947200.0
456,1486,1524954700.0
457,1311,2381386300.0
458,46,212238300.0
459,50,796915900.0
460,10,8274700.0
461,7,13229700.0
465,20,17030100.0
466,16,65641100.0
467,7,10067900.0
574,19,36070700.0
575,91,177934000.0
576,294,596506200.0
577,156,230535700.0
578,149,177860900.0
579,75,84990400.0
580,36,55020600.0
581,98,188403500.0
582,354,574448600.0
583,465,626218800.0
584,908,1030925500.0
585,1241,788166100.0
586,1503,916892300.0
587,1054,1320062300.0
588,31,125479600.0
589,48,395968800.0
590,13,32083200.0
591,5,5008500.0
592,10,13285800.0
593,21,60670400.0
594,18,28418400.0
595,46,328605200.0
596,23,55298900.0
597,4,9586100.0
603,289,194904800.0
604,93,72250300.0
704,172,319440500.0
705,452,742695100.0
706,447,855878000.0
707,221,496134800.0
708,130,231285100.0
709,134,221215600.0
710,92,183214200.0
711,164,293425900.0
712,226,387575100.0
713,348,472821700.0
714,907,1019776600.0
715,654,1138451700.0
716,753,650959900.0
717,95,150045100.0
718,35,182830200.0
719,42,255544700.0
720,29,125479200.0
721,17,74291000.0
722,7,41668700.0
723,13,44075700.0
724,8,14784900.0
725,62,375490400.0
726,35,93984200.0
727,13,27491800.0
731,282,270093700.0
732,1062,943167000.0
733,1259,991837700.0
734,296,596128000.0
735,32,129974900.0
736,172,104368400.0
833,34,85560900.0
834,525,753594400.0
835,448,725173300.0
836,473,840084800.0
837,540,996091400.0
838,558,1057736200.0
839,243,538371800.0
840,99,220683200.0
841,126,218376800.0
842,252,391824200.0
843,423,556873500.0
844,745,856577300.0
845,757,1307681200.0
846,349,555009900.0
847,45,1722555500.0
848,23,28014200.0
849,89,403265200.0
850,55,232486500.0
851,30,112695800.0
852,9,7452400.0
853,37,84527300.0
854,60,173697900.0
855,33,517601800.0
856,99,4243873900.0
857,277,2350388700.0
858,747,1455091800.0
859,830,1320859500.0
860,1343,1301089100.0
861,1695,1532482700.0
862,1643,1359089700.0
863,927,955458400.0
864,572,685401600.0
865,228,719902600.0
866,100,451233100.0
963,232,327494700.0
964,601,810143600.0
965,691,1025366000.0
966,798,1198564100.0
967,687,1671918400.0
968,516,1243320800.0
969,589,912249800.0
970,379,505272700.0
971,263,385208900.0
972,298,381098200.0
973,330,403034000.0
974,345,505551900.0
975,149,238541300.0
976,72,756102800.0
977,260,655196900.0
978,1007,919908100.0
979,662,894055400.0
980,135,499508000.0
981,63,120592200.0
982,103,532883900.0
983,67,335869600.0
984,87,1061325800.0
985,295,604061600.0
986,999,2824402100.0
987,1012,2093960600.0
988,1794,1834841500.0
989,1711,1668953800.0
990,1758,1714179900.0
991,1629,1451246900.0
992,426,384433100.0
993,1029,1058416600.0
994,492,1658802700.0
995,661,909563100.0
996,106,121261300.0
1093,25,49449200.0
1094,429,554069000.0
1095,363,654888800.0
1096,424,732255500.0
1097,728,856044600.0
1098,692,693182800.0
1099,728,857677500.0
1100,381,561545600.0
1101,186,403678000.0
1102,882,916880000.0
1103,608,798125300.0
1104,1164,1204463100.0
1105,1266,1142793200.0
1106,235,538673700.0
1107,143,529675900.0
1108,1729,1125004200.0
1109,1505,1275137400.0
1110,1062,947522700.0
1111,915,643659800.0
1112,119,506228400.0
1113,104,661528900.0
1114,361,891288500.0
1115,192,631569200.0
1116,1099,1646074100.0
1117,1006,1684282700.0
1118,1666,1306491800.0
1119,1739,1561374400.0
1120,1296,1757158800.0
1121,1470,1528180500.0
1122,732,1210625400.0
1123,729,895156100.0
1124,245,1010882500.0
1125,815,1075149300.0
1126,507,386598300.0
1225,258,409874900.0
1226,533,823128600.0
1227,340,521475600.0
1228,293,371559900.0
1229,556,680722400.0
1230,417,541896200.0
1231,1000,1084555000.0
1232,470,649630100.0
1233,1485,1067321100.0
1234,1406,1139419800.0
1235,1506,1255443700.0
1236,1035,1307576900.0
1237,499,602769800.0
1238,1342,926529600.0
1239,1413,1096280300.0
1240,592,430202100.0
1241,586,744820200.0
1242,203,1365908600.0
1243,131,1382977000.0
1244,1209,1218869600.0
1245,1244,671487900.0
1246,1670,1654263900.0
1247,1768,1392785200.0
1248,913,970593400.0
1249,1020,1272511500.0
1250,605,1281197300.0
1251,1088,1211353400.0
1252,850,1015431400.0
1253,1128,1088264600.0
1254,1491,1027163600.0
1255,1153,879659000.0
1256,700,556257600.0
1257,4,6980200.0
1355,19,41555100.0
1356,201,400238000.0
1357,872,1109373400.0
1358,928,906546300.0
1359,850,1057072100.0
1360,917,1454165700.0
1361,337,509278500.0
1362,67,1291583300.0
1363,1209,1199001600.0
1364,1321,1078938600.0
1365,991,1122735600.0
1366,1214,1323009900.0
1367,135,544170900.0
1368,486,1154813200.0
1369,1386,1043807900.0
1370,479,959160700.0
1371,109,1409732800.0
1372,135,1667422300.0
1373,144,842947600.0
1374,1731,999635600.0
1375,1136,619608100.0
1376,1296,1116209900.0
1377,734,1847854500.0
1378,294,627423300.0
1379,209,1101416700.0
1380,181,1955252500.0
1381,335,954550200.0
1382,813,834600700.0
1383,1062,823083900.0
1384,968,876980400.0
1385,1256,993359200.0
1386,126,105235300.0
1387,52,81202100.0
1388,25,61060300.0
1486,34,42957900.0
1487,883,1570773500.0
1488,1075,1235646000.0
1489,894,1120993200.0
1490,832,1082443300.0
1491,404,2439444600.0
1492,724,1649799500.0
1493,1262,1363093000.0
1494,1361,1196288900.0
1495,888,1344085800.0
1496,1126,1246124400.0
1497,1217,1169080300.0
1498,1439,1020093500.0
1499,937,1813582400.0
1500,40,4163135700.0
1501,137,2132881700.0
1502,126,410178700.0
1503,198,161548400.0
1504,1374,1007165500.0
1505,1225,663659300.0
1506,1379,1004857600.0
1507,415,842693600.0
1508,703,807317500.0
1509,138,1566765900.0
1510,9,67151700.0
1511,5,7376900.0
1512,636,725616000.0
1513,1337,831929000.0
1514,1224,857345600.0
1515,1247,988878900.0
1516,1266,854644900.0
1517,126,134799600.0
1518,804,899846600.0
1519,104,85270100.0
1616,9,31389100.0
1617,1377,1578715800.0
1618,1319,1201327000.0
1619,1301,1122379000.0
1620,734,1064407900.0
1621,573,950276700.0
1622,1052,2003301400.0
1623,438,869243900.0
1624,1219,1321491000.0
1625,1379,1008706900.0
1626,1174,1298244700.0
1627,1045,1142125700.0
1628,1268,1030133700.0
1629,1241,1047998500.0
1630,622,1788674800.0
1631,554,1293926400.0
1632,70,1477153700.0
1633,797,676408100.0
1634,968,1272368100.0
1635,378,254498200.0
1636,1063,952130400.0
1637,1114,1208054100.0
1638,1699,1031154300.0
1639,460,642860300.0
1640,11,110528300.0
1641,43,558885400.0
1642,672,2817046500.0
1643,1366,864853900.0
1644,1533,1062208000.0
1645,1364,941428500.0
1646,979,719668200.0
1647,272,615213700.0
1648,1545,1110717400.0
1649,919,666393100.0
1746,16,108088600.0
1747,1281,2052996700.0
1748,1028,1449734900.0
1749,1299,1377729100.0
1750,497,3531297700.0
1751,518,1839654600.0
1752,1473,1158462900.0
1753,1516,1155970500.0
1754,591,1525461200.0
1755,1295,1031616700.0
1756,1222,1319476200.0
1757,991,1154325300.0
1758,1282,1099327400.0
1759,840,1012656900.0
1760,400,1104279000.0
1761,855,865329300.0
1762,165,2880268100.0
1763,863,1624577300.0
1764,981,1432064800.0
1765,135,483335600.0
1766,569,653300700.0
1767,1099,1413806400.0
1768,1513,1090299400.0
1769,843,907838700.0
1770,565,738549100.0
1771,483,1225026500.0
1772,980,1126836200.0
1773,978,955786100.0
1774,1025,740774100.0
1775,1206,778561500.0
1776,867,660163200.0
1777,1001,940234600.0
1778,893,907723300.0
1779,974,954725200.0
1780,35,90124700.0
1875,1,255300.0
1876,183,729649600.0
1877,1088,1690975100.0
1878,1207,1392993100.0
1879,835,1587415000.0
1880,773,1606324600.0
1881,453,1264334000.0
1882,196,1432414400.0
1883,366,1792695500.0
1884,147,2178053400.0
1885,701,2481144100.0
1886,886,1227688900.0
1887,212,647195100.0
1888,319,246654700.0
1889,128,427259800.0
1890,591,1483174700.0
1891,367,586483600.0
1892,341,1483611100.0
1893,50,3099478800.0
1894,67,2377970900.0
1895,301,1037531900.0
1896,1374,939733800.0
1897,1219,938210600.0
1898,1488,987833500.0
1899,973,776917700.0
1900,1313,898447800.0
1901,1232,1039198200.0
1902,937,794451300.0
1903,1392,1100593800.0
1904,1377,944893300.0
1905,1335,870312200.0
1906,607,583489000.0
1907,1137,968664500.0
1908,990,947637800.0
1909,902,872162400.0
1910,97,92554200.0
2005,26,15155800.0
2006,1132,1465319300.0
2007,1625,1251587100.0
2008,937,1055614600.0
2009,1198,1052839900.0
2010,962,964669600.0
2011,234,935451200.0
2012,428,912828700.0
2013,125,821916400.0
2014,130,1471142700.0
2015,51,4181449800.0
2016,130,1371963600.0
2017,88,835838800.0
2018,135,152045400.0
2019,706,710838900.0
2020,971,1048868200.0
2021,1086,1448985800.0
2022,574,1376181700.0
2023,583,2695762400.0
2024,70,963493000.0
2025,126,1156033800.0
2026,1879,1036631000.0
2027,1794,1080563300.0
2028,1636,974930300.0
2029,847,1252787500.0
2030,1279,1097173900.0
2031,1015,1136171300.0
2032,830,851572700.0
2033,1379,858948200.0
2034,1061,835177000.0
2035,943,867348600.0
2036,796,821920200.0
2037,944,1074971400.0
2038,1132,982347600.0
2039,886,887381800.0
2040,890,1099086200.0
2041,216,272540300.0
2135,574,579430300.0
2136,1560,1836719100.0
2137,2229,1486692100.0
2138,1707,1675507400.0
2139,1473,1267432900.0
2140,808,933810300.0
2141,1153,951244700.0
2142,931,703035000.0
2143,988,1294703500.0
2144,1179,1020653100.0
2145,1122,1069317500.0
2146,896,768728400.0
2147,93,609079400.0
2148,677,1164752600.0
2149,901,926346800.0
2150,453,951525300.0
2151,107,2400967100.0
2152,57,3190363000.0
2153,488,1876483100.0
2154,137,1264112800.0
2155,420,1699939800.0
2156,926,465307200.0
2157,1572,923453400.0
2158,1890,1009321700.0
2159,602,987206200.0
2160,821,985017500.0
2161,1287,857895600.0
2162,1428,809716300.0
2163,1465,835470400.0
2164,962,827825400.0
2165,716,879572900.0
2166,274,2207131600.0
2167,1003,1087450900.0
2168,1336,955918700.0
2169,764,1209585700.0
2170,960,1208496700.0
2171,993,1012631100.0
2172,405,663889400.0
2173,2,19987200.0
2265,1595,1251056300.0
2266,1048,1145420900.0
2267,1352,1303567100.0
2268,1663,1762529000.0
2269,1495,1533573600.0
2270,1425,1998734000.0
2271,1201,823719000.0
2272,1195,1151254800.0
2273,1296,944873500.0
2274,1050,1140239600.0
2275,1098,1071627400.0
2276,708,706647300.0
2277,457,613968000.0
2278,340,821059000.0
2279,447,820211300.0
2280,390,1135770500.0
2281,113,1682500800.0
2282,67,2100543100.0
2283,58,1907986800.0
2284,134,812263000.0
2285,1172,992215300.0
2286,1003,507417300.0
2287,835,687225600.0
2288,1176,742035300.0
2289,338,850884200.0
2290,773,649161500.0
2291,819,662466700.0
2292,1095,845009800.0
2293,718,697168000.0
2294,545,575190400.0
2295,211,279958900.0
2296,629,863025500.0
2297,641,969460100.0
2298,855,871960000.0
2299,791,1225853600.0
2300,771,834687800.0
2301,1051,1069015000.0
2302,505,1218091200.0
2303,47,1149726900.0
2304,44,1106204600.0
2394,380,460111100.0
2395,1651,1702074000.0
2396,1218,1430833400.0
2397,1223,1198047100.0
2398,1215,1749694500.0
2399,1189,1145031700.0
2400,1658,1069419200.0
2401,1352,822925800.0
2402,494,681246700.0
2403,1058,1348706000.0
2404,1374,1140545000.0
2405,937,1191421200.0
2406,661,669769500.0
2407,495,570356300.0
2408,311,1439411700.0
2409,548,942446100.0
2410,1237,802129500.0
2411,986,622939500.0
2412,1033,660021500.0
2413,1096,625501500.0
2414,859,736317900.0
2415,1424,838427100.0
2416,1410,773412300.0
2417,929,789195600.0
2418,854,832058200.0
2419,452,1063311700.0
2420,975,1005089000.0
2421,1176,895783700.0
2422,872,622180400.0
2423,705,925822600.0
2424,1045,964272600.0
2425,449,824813200.0
2426,597,686617900.0
2427,970,889587300.0
2428,969,683774500.0
2429,729,1179994300.0
2430,103,2929408600.0
2431,366,1718594500.0
2432,200,1238875800.0
2433,88,1492160500.0
2434,128,2645394100.0
2435,408,1409774200.0
2436,109,87712400.0
2524,1549,1477213400.0
2525,1726,1698731200.0
2526,1184,1632309200.0
2527,781,1804211800.0
2528,197,1737564500.0
2529,271,1131106400.0
2530,1598,1316360800.0
2531,1630,1304129800.0
2532,1446,1054979800.0
2533,1679,1067379100.0
2534,1595,989925400.0
2535,1329,1204537000.0
2536,1094,1162349000.0
2537,574,897441600.0
2538,154,1227497500.0
2539,562,938243800.0
2540,1109,745998800.0
2541,1385,837977300.0
2542,1474,922857600.0
2543,897,1031520400.0
2544,1217,887516100.0
2545,1284,904656400.0
2546,1620,955616000.0
2547,855,585633100.0
2548,1184,1147650600.0
2549,407,1202648900.0
2550,1227,1096961800.0
2551,1120,1125932900.0
2552,1400,1007986300.0
2553,1453,1003840200.0
2554,1041,986290300.0
2555,1127,748632500.0
2556,1342,1045143200.0
2557,1292,899526500.0
2558,1393,805094200.0
2559,868,920806500.0
2560,252,1313511800.0
2561,180,1039701100.0
2562,103,2214638800.0
2563,457,1081481000.0
2564,1106,908265100.0
2565,1041,1007044700.0
2566,868,683502800.0
2567,66,125066600.0
2653,195,332288300.0
2654,626,1603134700.0
2655,530,636226200.0
2656,169,597189400.0
2657,85,2400078300.0
2658,844,1053715300.0
2659,1659,1045303300.0
2660,1564,1267517100.0
2661,1201,1863596800.0
2662,1328,2067755900.0
2663,1160,1404851700.0
2664,509,1643682600.0
2665,415,1346731300.0
2666,1278,1059732200.0
2667,633,1226564800.0
2668,474,1217911400.0
2669,886,1123164600.0
2670,876,1757007800.0
2671,1312,806676000.0
2672,1565,909298000.0
2673,1183,1285750500.0
2674,1790,972895100.0
2675,1120,911840900.0
2676,1522,864863500.0
2677,998,518227700.0
2678,791,1010787600.0
2679,660,938610100.0
2680,1157,1109439500.0
2681,1245,1040247400.0
2682,1267,998463700.0
2683,1106,861565400.0
2684,1227,963542800.0
2685,870,677716500.0
2686,1098,778342300.0
2687,1133,966269800.0
2688,904,896072700.0
2689,922,859460900.0
2690,668,907073500.0
2691,231,2300225600.0
2692,540,1330369600.0
2693,1056,889122100.0
2694,700,997795100.0
2695,374,410184700.0
2696,507,660417100.0
2697,748,911167100.0
2698,128,199702700.0
2783,224,588327600.0
2784,431,961994600.0
2785,262,1202614100.0
2786,73,1470703600.0
2787,93,2907384000.0
2788,786,1029747200.0
2789,1408,1075793700.0
2790,1278,1588613400.0
2791,1366,1646625200.0
2792,892,1443611300.0
2793,823,1591728800.0
2794,895,851611600.0
2795,662,1194918400.0
2796,1107,972001100.0
2797,588,1011128200.0
2798,710,1130837900.0
2799,1040,738688700.0
2800,967,643587400.0
2801,1236,739768100.0
2802,1285,796529200.0
2803,1140,928735500.0
2804,1385,1188046200.0
2805,1260,947565800.0
2806,1253,904981500.0
2807,1063,816714100.0
2808,649,432225400.0
2809,1149,850857400.0
2810,1274,926579500.0
2811,1153,825996200.0
2812,743,853157600.0
2813,793,1036784900.0
2814,720,848136500.0
2815,778,670768200.0
2816,1248,906188200.0
2817,855,937380600.0
2818,614,884099600.0
2819,570,1022286700.0
2820,402,1841558700.0
2821,385,2470202200.0
2822,1084,1142526300.0
2823,1086,904923800.0
2824,906,924334800.0
2825,630,738130900.0
2826,666,912457000.0
2827,1003,1236899400.0
2828,270,367849700.0
2912,38,434911800.0
2913,1094,980866200.0
2914,1471,1354626700.0
2915,1469,1315612300.0
2916,343,2086295500.0
2917,123,2752173200.0
2918,936,1021354800.0
2919,1212,925559600.0
2920,1255,1706088400.0
2921,1515,1413197600.0
2922,818,763279900.0
2923,562,1005056400.0
2924,822,691370800.0
2925,633,902124000.0
2926,997,771744900.0
2927,957,588119000.0
2928,1381,807927600.0
2929,1241,724950300.0
2930,942,562780300.0
2931,911,1187727200.0
2932,1013,742430000.0
2933,193,1744768100.0
2934,1131,846625400.0
2935,1024,974262600.0
2936,1353,930155800.0
2937,1639,1138944500.0
2938,484,630525900.0
2939,537,1425872400.0
2940,857,1151999200.0
2941,1230,1082683700.0
2942,1059,944777500.0
2943,700,1129839400.0
2944,384,1315494200.0
2945,601,623634400.0
2946,1214,923943800.0
2947,1129,845058600.0
2948,1253,947957900.0
2949,245,992517300.0
2950,805,913160800.0
2951,1388,844180900.0
2952,740,687741000.0
2953,857,868849500.0
2954,1038,910006400.0
2955,985,904830300.0
2956,1181,1104954000.0
2957,927,898259400.0
2958,289,268807200.0
3041,1,346000.0
3042,14,60228500.0
3043,86,116378500.0
3044,122,189237900.0
3045,131,144588900.0
3046,11,351558000.0
3047,6,362971900.0
3048,39,606452500.0
3049,1012,787946300.0
3050,1405,1087489000.0
3051,1568,1029435100.0
3052,1893,1105760400.0
3053,1509,1099420100.0
3054,1664,911485900.0
3055,1363,974440400.0
3056,1581,991353900.0
3057,1448,825235900.0
3058,1402,982565500.0
3059,1253,891044900.0
3060,1129,930523200.0
3061,1301,840679500.0
3062,1764,1007388800.0
3063,1227,1145103200.0
3064,1538,1039034900.0
3065,1423,1176569500.0
3066,1767,963439400.0
3067,1645,1042021700.0
3068,420,450380200.0
3069,696,744362700.0
3070,1151,1014492800.0
3071,1148,1182354500.0
3072,906,1220236500.0
3073,454,1513519000.0
3074,839,1136424700.0
3075,763,706999600.0
3076,841,684922700.0
3077,892,947657400.0
3078,477,1070513800.0
3079,185,1933089400.0
3080,140,1393593500.0
3081,1010,838823200.0
3082,890,788594000.0
3083,1130,882049100.0
3084,1155,970751000.0
3085,1036,780121000.0
3086,1106,899301100.0
3087,1162,970714100.0
3088,433,353359600.0
3171,3,6334400.0
3172,2,532100.0
3176,27,741720600.0
3177,39,2409540200.0
3178,114,1362828100.0
3179,1321,1252332800.0
3180,1729,1078252400.0
3181,1149,1326848700.0
3182,471,1460010500.0
3183,1317,1142495000.0
3184,1528,850626000.0
3185,1545,866740900.0
3186,1714,1025356700.0
3187,1694,933828800.0
3188,1536,972463900.0
3189,1483,852156800.0
3190,1285,693855700.0
3191,1176,910802500.0
3192,1330,941383400.0
3193,980,1434590000.0
3194,1793,1209741300.0
3195,1830,1161200000.0
3196,1897,1125708100.0
3197,959,684049100.0
3198,563,689671000.0
3199,226,749471100.0
3200,1022,1073515700.0
3201,1064,1025303000.0
3202,896,1251284800.0
3203,1130,1161184400.0
3204,899,1095432200.0
3205,874,1063831300.0
3206,746,615096900.0
3207,780,1089532500.0
3208,118,1015804000.0
3209,166,751337500.0
3210,286,1128975900.0
3211,968,1015528200.0
3212,1134,779987800.0
3213,916,771850300.0
3214,1143,766091200.0
3215,1044,984645800.0
3216,631,1086282400.0
3217,929,904750500.0
3218,585,466541700.0
3219,291,289773500.0
3220,165,215070900.0
3221,117,183872800.0
3222,116,210625700.0
3223,83,126456600.0
3224,7,12745900.0
3225,2,2145000.0
3226,1,374000.0
3227,2,2170600.0
3231,1,674900.0
3232,1,3998500.0
3300,12,17255800.0
3301,945,994838500.0
3302,257,1569801100.0
3303,496,550063900.0
3304,73,419452600.0
3305,439,317238200.0
3306,318,805033100.0
3307,526,1239168100.0
3308,150,1475433300.0
3309,1627,935371100.0
3310,1362,1684746500.0
3311,757,1803785100.0
3312,783,939843700.0
3313,1279,1015985700.0
3314,1623,887372600.0
3315,1438,1027814000.0
3316,1875,1141401300.0
3317,1338,930726900.0
3318,1691,1095896400.0
3319,1358,981361400.0
3320,1890,991856100.0
3321,1420,881180600.0
3322,1243,869736400.0
3323,1358,1066761700.0
3324,1572,1137748000.0
3325,1599,1117174600.0
3326,994,1410845900.0
3327,565,988782500.0
3328,450,904269000.0
3329,944,1243402100.0
3330,802,619081300.0
3331,697,711043300.0
3332,830,966856300.0
3333,1106,1143797300.0
3334,851,1002815500.0
3335,1077,928415000.0
3336,1152,862203000.0
3337,999,803233100.0
3338,544,1333848100.0
3339,93,1780241000.0
3340,127,2520485500.0
3341,950,914370800.0
3342,1091,728582600.0
3343,1143,812817100.0
3344,752,739707300.0
3345,456,618274400.0
3346,344,560103100.0
3347,287,392302100.0
3348,242,296053500.0
3349,311,365094000.0
3350,197,238389700.0
3351,185,253858600.0
3352,236,377858000.0
3353,118,190697000.0
3354,183,295204000.0
3355,198,354162900.0
3356,3,7442400.0
3357,1,619900.0
3362,1,746400.0
3364,1,487200.0
3366,2,1241700.0
3430,312,1062027600.0
3431,185,316088000.0
3432,474,651083000.0
3433,741,1064991400.0
3434,1444,1216189400.0
3435,1678,1089743400.0
3436,1678,1058650100.0
3437,1458,1010033800.0
3438,851,1146481100.0
3439,808,1744221100.0
3440,463,2017350200.0
3441,733,864987300.0
3442,790,628304500.0
3443,1399,1047745900.0
3444,1545,893817700.0
3445,1613,957277100.0
3446,1387,1233148300.0
3447,1437,1097252400.0
3448,1967,1147010500.0
3449,1596,1007555400.0
3450,1661,958757900.0
3451,1293,971221400.0
3452,1297,795415300.0
3453,1808,1124268600.0
3454,1968,1145764700.0
3455,1793,1058188100.0
3456,1508,1275265600.0
3457,1343,1182726100.0
3458,1248,928278300.0
3459,972,746114800.0
3460,1289,957985500.0
3461,1031,959621900.0
3462,960,856640200.0
3463,1055,924827400.0
3464,1087,1019367800.0
3465,941,846995400.0
3466,1015,892047700.0
3467,559,596378400.0
3468,967,852825800.0
3469,498,1155770900.0
3470,409,1836386900.0
3471,920,1097862700.0
3472,1089,1024531000.0
3473,1146,930701400.0
3474,944,789709400.0
3475,222,310797900.0
3476,105,164939000.0
3477,222,383895800.0
3478,159,210533600.0
3479,183,218684200.0
3480,177,235411500.0
3481,127,197886600.0
3482,122,192469600.0
3483,36,54764900.0
3484,126,250833600.0
3485,278,402942600.0
3486,402,438612300.0
3487,212,434060500.0
3489,71,118181100.0
3490,164,274415200.0
3491,590,821214400.0
3492,327,630007000.0
3493,60,148515700.0
3494,2,1059800.0
3559,358,905255900.0
3560,283,1919420400.0
3561,38,90115100.0
3562,35,436747700.0
3563,253,1957438500.0
3564,573,2451969000.0
3565,977,1551967400.0
3566,986,1655932300.0
3567,770,1199306000.0
3568,669,1620859200.0
3569,1360,2075740900.0
3570,1306,1644722500.0
3571,1215,834369200.0
3572,1146,1030323500.0
3573,1688,1021596400.0
3574,1571,1006588800.0
3575,1631,967270600.0
3576,1660,1045637200.0
3577,1607,1020705800.0
3578,1811,1328923600.0
3579,1241,1204544700.0
3580,1598,4159141300.0
3581,1559,993080700.0
3582,1187,1273907500.0
3583,1431,1670919800.0
3584,1740,1148257400.0
3585,1332,882121600.0
3586,1667,1194866600.0
3587,1488,1121178300.0
3588,1842,1075902400.0
3589,1042,731901600.0
3590,1355,1058183200.0
3591,685,1408428000.0
3592,831,1373282000.0
3593,411,928891400.0
3594,162,980607600.0
3595,578,2033519200.0
3596,1205,975480600.0
3597,873,624010800.0
3598,886,824753200.0
3599,844,656935400.0
3600,1240,933408600.0
3601,696,1201909600.0
3602,930,1580794900.0
3603,678,697224500.0
3604,154,198969400.0
3605,2,2042700.0
3606,27,48426600.0
3607,164,268973000.0
3608,194,246675800.0
3609,303,465306500.0
3610,314,415258800.0
3611,4,1630000.0
3613,218,367216400.0
3614,703,1011011700.0
3615,1043,896669300.0
3616,851,826991100.0
3617,767,971175700.0
3618,539,688783400.0
3619,348,677500300.0
3620,432,671614200.0
3621,438,529996200.0
3622,386,865001000.0
3623,175,398545000.0
3624,71,201796000.0
3625,74,164593100.0
3688,344,554557000.0
3689,1724,1770960800.0
3690,836,1731086200.0
3691,365,2049349900.0
3692,600,1684773400.0
3693,868,1038274100.0
3694,783,1451175700.0
3695,794,1441777300.0
3696,133,955797500.0
3697,272,2557048100.0
3698,916,1215482400.0
3699,1264,1392050500.0
3700,1267,941554300.0
3701,1783,970997600.0
3702,1485,1235473700.0
3703,1720,1197605400.0
3704,1295,1115280800.0
3705,1612,1022325500.0
3706,1632,1107630800.0
3707,1503,1113384000.0
3708,1675,1283025900.0
3709,873,1465291000.0
3710,957,1342902500.0
3711,1333,947647100.0
3712,672,1242968900.0
3713,1084,1841706200.0
3714,1146,1558715700.0
3715,866,1287183600.0
3716,1772,1121403200.0
3717,1447,1147380000.0
3718,1070,879598200.0
3719,65,1613311500.0
3720,47,3466012600.0
3721,78,1731182500.0
3722,91,1706806400.0
3723,484,2001856100.0
3724,452,562469600.0
3725,273,2437329300.0
3726,923,1107560500.0
3727,990,865881400.0
3728,798,545339300.0
3729,1069,663853700.0
3730,1275,860777600.0
3731,1345,1128919800.0
3732,1334,1260717800.0
3733,543,626778600.0
3734,4,3349600.0
3736,180,263824900.0
3737,684,902199400.0
3738,664,810524600.0
3739,621,713848700.0
3740,639,810900500.0
3741,608,880874800.0
3742,515,846505900.0
3743,423,796881700.0
3744,601,884339600.0
3745,662,1029293000.0
3746,777,947521300.0
3747,801,997306000.0
3748,862,874916300.0
3749,346,551275000.0
3750,515,653167900.0
3751,273,514721400.0
3752,673,933276000.0
3753,391,680571500.0
3754,114,330905700.0
3755,152,348632800.0
3756,38,103419300.0
3817,75,413132300.0
3818,1437,2063057600.0
3819,1924,1534966200.0
3820,1719,1433989800.0
3821,1136,1369704100.0
3822,1552,1504763400.0
3823,1377,1302510000.0
3824,1115,1296044400.0
3825,1140,901774300.0
3826,1117,1123261600.0
3827,436,664596600.0
3828,583,813280600.0
3829,47,59142100.0
3830,818,893300400.0
3831,1234,1196095400.0
3832,1271,959810700.0
3833,1527,1057225300.0
3834,1717,1016169900.0
3835,1749,1171241400.0
3836,1782,1216363200.0
3837,1591,1180186900.0
3838,1816,1427743800.0
3839,1473,1180756900.0
3840,1809,1188515200.0
3841,1286,973898000.0
3842,123,1909901800.0
3843,374,1948665800.0
3844,108,1758856800.0
3845,612,1756079100.0
3846,1264,1372694200.0
3847,776,1272159400.0
3848,52,1334744800.0
3849,45,2726924900.0
3850,268,1404251900.0
3851,182,1338797500.0
3852,88,2028436500.0
3853,264,1444410700.0
3854,1176,1065164500.0
3855,199,141714000.0
3856,641,489033500.0
3857,1149,983564300.0
3858,672,839027500.0
3859,1031,691119100.0
3860,1157,895338700.0
3861,905,685390200.0
3862,127,141814100.0
3863,6,9378100.0
3865,21,27687300.0
3866,141,204616600.0
3867,541,719579700.0
3868,742,883321500.0
3869,726,806439600.0
3870,842,761707700.0
3871,879,1032799200.0
3872,550,863337200.0
3873,64,781296700.0
3874,133,1044022700.0
3875,429,1202699900.0
3876,569,2143273700.0
3877,541,1500853700.0
3878,466,1754059200.0
3879,347,1488359400.0
3880,565,927485300.0
3881,446,808590400.0
3882,266,835926300.0
3883,705,901106900.0
3884,571,962397000.0
3885,506,751220300.0
3886,446,782898600.0
3887,29,46543000.0
3914,62,69051200.0
3915,184,250532500.0
3916,52,73594600.0
3946,61,536142800.0
3947,911,1739682800.0
3948,1526,1799093100.0
3949,1252,1027315700.0
3950,1179,1029817200.0
3951,1450,1068630300.0
3952,1201,1464423300.0
3953,1210,1535430900.0
3954,1244,1204486500.0
3955,1258,1098014100.0
3956,887,1308262000.0
3957,166,532696100.0
3958,13,8056100.0
3959,61,56852800.0
3960,660,939122200.0
3961,855,1156735000.0
3962,1009,1207808100.0
3963,1607,1303389800.0
3964,1730,1022399100.0
3965,1513,1248157700.0
3966,1488,1344127800.0
3967,1501,1357651100.0
3968,1689,1377115700.0
3969,1787,1223506100.0
3970,1738,1285325100.0
3971,1247,1253962100.0
3972,151,1438679300.0
3973,140,2072399700.0
3974,94,1762603700.0
3975,68,1189415700.0
3976,84,913068000.0
3977,93,1410681500.0
3978,292,597541900.0
3979,920,1123077600.0
3980,523,1304785200.0
3981,243,1499043400.0
3982,398,1471669600.0
3983,574,2757968100.0
3984,1210,1057626100.0
3985,950,1003494200.0
3986,683,1453228600.0
3987,1045,826877000.0
3988,915,1161398000.0
3989,436,574604700.0
3990,329,415899600.0
3991,363,520736800.0
3992,131,197168300.0
3993,5,36169200.0
3994,2,773400.0
3995,4,2288900.0
3996,269,360423400.0
3997,393,518763000.0
3998,704,663681400.0
3999,986,743474800.0
4000,843,815917900.0
4001,145,1540329600.0
4002,66,1753499800.0
4003,59,2209629100.0
4004,165,2112357800.0
4005,352,2973576100.0
4006,739,2095722800.0
4007,635,1853146600.0
4008,857,959753200.0
4009,215,3156957800.0
4010,299,3092362300.0
4011,641,1018662400.0
4012,38,942210400.0
4013,82,313412400.0
4014,481,903641800.0
4015,331,490812800.0
4016,372,617190900.0
4017,290,438669500.0
4043,44,56779700.0
4044,427,467686900.0
4045,295,317603700.0
4046,290,319787300.0
4047,52,41847600.0
4075,64,525497400.0
4076,200,4712636500.0
4077,572,1864022000.0
4078,1035,1583402600.0
4079,1434,1273484200.0
4080,566,1105687200.0
4081,897,778851400.0
4082,1189,1221652600.0
4083,978,1175571100.0
4084,1252,1939141900.0
4085,918,2855616100.0
4086,1480,1450120700.0
4087,144,657605100.0
4088,364,471680400.0
4089,648,705535900.0
4090,609,1680753600.0
4091,867,2036527100.0
4092,1089,1055991900.0
4093,1599,996179700.0
4094,1841,1080745900.0
4095,1492,1220157100.0
4096,1384,1468993900.0
4097,253,3024038100.0
4098,635,2377145800.0
4099,1160,1317600300.0
4100,1295,1274177000.0
4101,749,1334213200.0
4102,97,1249275900.0
4103,116,1063068300.0
4104,115,2139728400.0
4105,291,1096892100.0
4106,450,2517440600.0
4107,735,1331220500.0
4108,1070,801955900.0
4109,1234,971673600.0
4110,497,2424652800.0
4111,1342,1064995300.0
4112,1282,906589700.0
4113,1245,1019141400.0
4114,1199,1030659400.0
4115,1196,1226636600.0
4116,956,786388700.0
4117,1005,851406700.0
4118,1181,866193900.0
4119,938,783945000.0
4120,139,689660200.0
4121,264,1641170100.0
4122,131,474181000.0
4123,5,9377400.0
4124,5,10558900.0
4125,1,143100.0
4126,424,450572500.0
4127,854,783435500.0
4128,682,1337428100.0
4129,377,2929392100.0
4130,150,3264235300.0
4131,599,842688700.0
4132,765,587410400.0
4133,403,754673300.0
4134,1183,879381900.0
4135,913,881371500.0
4136,1006,1001712700.0
4137,632,950316800.0
4138,922,874778800.0
4139,730,1057565500.0
4140,487,1135678900.0
4141,207,3674127500.0
4142,20,5247343700.0
4143,27,221580100.0
4144,469,637888700.0
4145,532,819647700.0
4146,438,639642200.0
4147,142,199774500.0
4152,1,2492600.0
4171,5,9023500.0
4172,115,166268200.0
4173,149,219015400.0
4174,187,224219500.0
4175,156,323868000.0
4176,223,395446200.0
4177,264,286406800.0
4178,117,151496700.0
4179,155,190663700.0
4180,73,91710800.0
4185,9,7685400.0
4204,307,790574300.0
4205,788,2403809800.0
4206,841,3258564300.0
4207,670,2631488900.0
4208,505,2814965400.0
4209,833,1349213400.0
4210,1144,1310879800.0
4211,1198,1213011000.0
4212,968,1157740800.0
4213,915,1819673800.0
4214,1025,2654931200.0
4215,781,3835776100.0
4216,589,3064261100.0
4217,1000,1967150500.0
4218,489,1809897100.0
4219,1266,1043761000.0
4220,1160,1459724200.0
4221,1400,1214324200.0
4222,1311,1212114700.0
4223,1801,1170766800.0
4224,1794,1196468400.0
4225,1617,1160183600.0
4226,1309,1887331600.0
4227,464,3960076100.0
4228,253,2417563300.0
4229,1072,1637152800.0
4230,1008,1343686700.0
4231,281,1505325400.0
4232,141,1414978700.0
4233,108,1832052600.0
4234,631,1119226600.0
4235,1271,889686200.0
4236,1458,994091300.0
4237,1990,1112358800.0
4238,692,507158600.0
4239,1928,1192238800.0
4240,1760,1335034800.0
4241,1885,1178493600.0
4242,910,734409700.0
4243,873,953965800.0
4244,887,1106714800.0
4245,654,976713800.0
4246,629,676425300.0
4247,368,300204900.0
4248,2,496600.0
4249,17,24970600.0
4250,4,912200.0
4251,70,994910700.0
4252,63,634257700.0
4253,33,581053800.0
4254,8,89129400.0
4255,102,84232600.0
4256,379,375545000.0
4257,397,2047414000.0
4258,117,2643601600.0
4259,195,2764399900.0
4260,456,774745500.0
4261,864,710564100.0
4262,264,446019300.0
4263,439,385929800.0
4264,1098,1109815600.0
4265,865,1001863500.0
4266,757,1140312600.0
4267,681,894547900.0
4268,561,813142300.0
4269,475,733143400.0
4270,586,863582300.0
4271,500,824453200.0
4272,177,1735862500.0
4273,23,1000692900.0
4274,666,683100000.0
4275,646,893226300.0
4276,533,590755000.0
4277,263,323547800.0
4278,410,620234400.0
4279,421,805421800.0
4280,177,252194700.0
4281,425,659299800.0
4282,496,1225524700.0
4283,6,36433900.0
4296,10,9872400.0
4297,27,35430100.0
4298,49,48220100.0
4299,196,215422200.0
4300,136,146250800.0
4301,277,358422100.0
4302,75,127877300.0
4303,108,119314100.0
4304,36,42874000.0
4305,21,38026500.0
4306,82,99473600.0
4307,35,73622400.0
4308,47,84732100.0
4309,49,69045500.0
4310,25,27932900.0
4311,14,10877100.0
4312,7,4087800.0
4313,111,158671500.0
4314,207,359750500.0
4315,79,210708300.0
4316,188,342720200.0
4317,207,349136100.0
4318,71,159107500.0
4319,53,106701300.0
4320,78,123024900.0
4321,153,174322000.0
4322,104,119673800.0
4323,68,79842200.0
4324,119,177395000.0
4325,27,31805900.0
4326,20,12227100.0
4327,27,21523900.0
4330,29,62410700.0
4331,31,13163800.0
4332,406,284331700.0
4333,542,802365200.0
4334,713,891277600.0
4335,1059,1281443600.0
4336,1168,1632801700.0
4337,1224,2068418400.0
4338,1022,3013590800.0
4339,978,2404999600.0
4340,758,2143733600.0
4341,818,2101484300.0
4342,670,1374130400.0
4343,1222,1069827400.0
4344,935,1049688100.0
4345,879,1200177200.0
4346,1321,1571894000.0
4347,1368,1341116000.0
4348,766,1334057700.0
4349,1379,1170977400.0
4350,1550,1096456000.0
4351,1449,1130076100.0
4352,1190,1183424600.0
4353,1224,1282317500.0
4354,985,1316461400.0
4355,934,1414228100.0
4356,1111,1365392700.0
4357,1042,1598414000.0
4358,407,1576044300.0
4359,185,3953995900.0
4360,165,3217235300.0
4361,156,2648432800.0
4362,131,1951325300.0
4363,127,1154535000.0
4364,1230,1123812800.0
4365,1674,1143887800.0
4366,1495,921066800.0
4367,1519,1026933600.0
4368,793,477521700.0
4369,1055,934706700.0
4370,1086,844726900.0
4371,1177,959194200.0
4372,1103,671759800.0
4373,905,852061200.0
4374,372,638157300.0
4375,136,259354200.0
4376,222,512231500.0
4377,161,444691200.0
4378,128,97954300.0
4379,13,13522100.0
4380,28,36856200.0
4381,306,355921100.0
4382,626,554364300.0
4383,132,299083600.0
4384,442,571004700.0
4385,768,774920300.0
4386,608,617056500.0
4387,386,2299842900.0
4388,298,2164546000.0
4389,893,1000661100.0
4390,983,858662400.0
4391,1065,923639200.0
4392,998,1017777300.0
4393,1014,914516500.0
4394,588,843764500.0
4395,93,194582200.0
4396,100,176131300.0
4397,283,456106700.0
4398,303,490638500.0
4399,190,322749500.0
4400,257,379588400.0
4401,311,621361700.0
4402,548,929672000.0
4403,129,1138529800.0
4404,171,197492500.0
4405,499,817175900.0
4406,685,1124471800.0
4407,507,757884400.0
4408,840,1031525600.0
4409,832,891012300.0
4410,579,860807000.0
4411,675,615452700.0
4412,1001,1049817200.0
4413,17,951453300.0
4421,2,445900.0
4422,6,1866900.0
4423,6,4230800.0
4424,45,44204900.0
4425,80,64550100.0
4426,52,67538800.0
4427,62,99032600.0
4428,13,14613800.0
4429,4,3389900.0
4430,27,34939800.0
4431,41,46857500.0
4437,6,8287300.0
4438,89,87962700.0
4441,84,65776000.0
4442,36,31070100.0
4443,5,7202600.0
4444,65,204107300.0
4445,41,171631100.0
4446,48,213930700.0
4447,105,182983000.0
4448,87,132638700.0
4449,15,35210000.0
4450,67,88809600.0
4451,126,157918900.0
4452,49,52323000.0
4453,85,110232000.0
4454,58,90052200.0
4456,4,1844000.0
4457,1,223900.0
4458,475,563946000.0
4459,408,594715300.0
4460,172,328568500.0
4461,143,169428800.0
4462,866,1156526200.0
4463,989,1610945300.0
4464,713,1010604100.0
4465,316,603062700.0
4466,753,989431600.0
4467,684,851481700.0
4468,982,1398428500.0
4469,747,4900954600.0
4470,648,2805141600.0
4471,552,2966553100.0
4472,1110,2151307800.0
4473,1190,1356635900.0
4474,469,897220800.0
4475,428,479265200.0
4476,1135,1206918200.0
4477,1427,1574684700.0
4478,1254,1235267700.0
4479,1518,1050180700.0
4480,1435,1313687400.0
4481,1350,1392125500.0
4482,1247,1293591000.0
4483,1322,1504196500.0
4484,1066,1731557700.0
4485,1308,1538115800.0
4486,1002,1410541600.0
4487,1162,1999056200.0
4488,779,1997109600.0
4489,118,4693448400.0
4490,137,9702968400.0
4491,211,5527633800.0
4492,137,2283029900.0
4493,569,1408168500.0
4494,1058,1454793900.0
4495,1491,1299288300.0
4496,1626,972369800.0
4497,1770,1038422500.0
4498,1202,886696400.0
4499,646,847298200.0
4500,938,1079878500.0
4501,783,1388938700.0
4502,1070,930199000.0
4503,864,942033400.0
4504,561,639531400.0
4505,780,694106100.0
4506,779,834309900.0
4507,772,937162600.0
4508,94,86702300.0
4509,23,53336400.0
4510,668,833778500.0
4511,907,1091317100.0
4512,905,999901800.0
4513,939,706970200.0
4514,706,449446500.0
4515,940,682958800.0
4516,756,779897200.0
4517,591,1631094700.0
4518,1195,1063242300.0
4519,1103,926836300.0
4520,1088,928318400.0
4521,912,818689000.0
4522,1198,825186300.0
4523,1098,933244900.0
4524,791,895084800.0
4525,443,722160000.0
4526,236,466055500.0
4527,234,427828700.0
4528,192,385995300.0
4529,305,585417600.0
4530,654,833108300.0
4531,124,634688500.0
4532,53,323826100.0
4533,31,206791000.0
4534,572,837249300.0
4535,127,1059724900.0
4536,252,437896500.0
4537,442,438553400.0
4538,780,681291200.0
4539,994,697580000.0
4540,1048,975994400.0
4541,1028,808234700.0
4542,902,1047856400.0
4543,151,467442200.0
4552,3,1207100.0
4556,19,18623000.0
4557,1,569200.0
4558,8,6894000.0
4559,5,2308100.0
4567,8,9834600.0
4568,20,23083300.0
4569,6,20699800.0
4570,11,8667300.0
4571,4,4396900.0
4572,1,1037500.0
4575,3,3480600.0
4576,1,344000.0
4579,3,1657700.0
4580,23,20257700.0
4581,58,62254900.0
4582,14,8380000.0
4590,42,73744700.0
4591,445,643418600.0
4592,382,620607900.0
4593,438,517684900.0
4594,167,237155100.0
4595,318,607698100.0
4596,496,807840800.0
4597,677,1028832400.0
4598,817,1540192400.0
4599,456,3861724300.0
4600,102,808796400.0
4601,407,3292283600.0
4602,921,2295600400.0
4603,1060,2368272000.0
4604,431,5361064900.0
4605,689,1878756100.0
4606,1128,2138549500.0
4607,1211,2244232800.0
4608,1164,1894241400.0
4609,1181,1742658800.0
4610,1391,1245618300.0
4611,1336,1383526300.0
4612,1301,1129808700.0
4613,1109,1256215000.0
4614,1226,1928692500.0
4615,785,3414828100.0
4616,868,3073278100.0
4617,666,3202223300.0
4618,425,3042285500.0
4619,418,5166612000.0
4620,106,4374035500.0
4621,100,6240653100.0
4622,118,3593473800.0
4623,277,762948700.0
4624,661,758306000.0
4625,853,1735160700.0
4626,1161,954318000.0
4627,1183,921149100.0
4628,1135,858107300.0
4629,155,661805200.0
4630,671,975505500.0
4631,639,978594800.0
4632,1064,1047774300.0
4633,1093,1131757000.0
4634,1141,995866900.0
4635,1325,1055599700.0
4636,1385,940746500.0
4637,879,978644300.0
4638,347,255963700.0
4639,426,971194400.0
4640,919,1447399600.0
4641,1077,1229351800.0
4642,1163,1196254100.0
4643,1332,894557800.0
4644,1103,960131000.0
4645,159,455026700.0
4646,79,2642283800.0
4647,739,1107908200.0
4648,945,963558800.0
4649,1049,939297300.0
4650,1091,992514000.0
4651,794,932983300.0
4652,872,870060500.0
4653,1042,788591000.0
4654,941,797637700.0
4655,854,820162800.0
4656,642,777430800.0
4657,219,364943100.0
4658,314,524534400.0
4659,210,339233200.0
4660,214,299267000.0
4661,228,388078600.0
4662,104,171662100.0
4663,70,767739800.0
4664,65,673971900.0
4665,371,1341543900.0
4666,283,413342300.0
4667,433,1726006900.0
4668,724,1932281800.0
4669,1120,732490900.0
4670,628,1158542500.0
4671,813,1350098700.0
4672,843,1135393100.0
4673,257,1215438300.0
4686,20,18615400.0
4687,24,18721200.0
4688,1,443700.0
4689,6,7852800.0
4690,1,237700.0
4693,1,208200.0
4695,2,10862900.0
4697,3,6348500.0
4698,2,1926300.0
4699,3,2506900.0
4700,2,5496800.0
4701,85,74652300.0
4702,20,17319100.0
4707,6,6279000.0
4708,14,11507100.0
4709,25,36273100.0
4710,51,91229000.0
4711,93,142829700.0
4712,9,5394300.0
4713,14,16770800.0
4714,41,40371600.0
4715,40,50591300.0
4716,3,2544400.0
4719,7,19243500.0
4720,65,117439400.0
4721,80,153409100.0
4725,133,269609800.0
4726,351,668076700.0
4727,656,1007976300.0
4728,624,1222514500.0
4729,566,1087399600.0
4730,517,1840027500.0
4731,234,5053680300.0
4732,827,2759391700.0
4733,701,1919083300.0
4734,287,1431085400.0
4735,800,3833253400.0
4736,1031,3589884400.0
4737,1082,2642992800.0
4738,995,2164335400.0
4739,1112,2027098100.0
4740,391,3741658600.0
4741,813,3546914700.0
4742,753,1252058700.0
4743,725,1140159000.0
4744,821,2768173100.0
4745,466,5569156400.0
4746,417,6127483400.0
4747,484,4792499300.0
4748,789,3204676400.0
4749,928,1943064200.0
4750,845,1767429600.0
4751,656,1808668900.0
4752,218,1986894500.0
4753,194,1264990800.0
4754,834,1094395700.0
4755,644,1504105600.0
4756,567,1104926900.0
4757,947,1186057100.0
4758,831,981344900.0
4759,257,984427000.0
4760,1200,1040002300.0
4761,1149,849517300.0
4762,1162,1403412300.0
4763,1201,1445591500.0
4764,1616,1373153500.0
4765,1491,1098462100.0
4766,1285,972315000.0
4767,1444,1071538600.0
4768,1301,1102150700.0
4769,589,1139673100.0
4770,320,340857900.0
4771,1023,758334700.0
4772,677,417709000.0
4773,568,690612000.0
4774,993,998373000.0
4775,446,574810300.0
4776,792,1245297400.0
4777,568,1623532500.0
4778,699,959943500.0
4779,1017,941121500.0
4780,862,716644100.0
4781,617,1142475400.0
4782,799,974997100.0
4783,876,1248151000.0
4784,1060,846612700.0
4785,1003,896662100.0
4786,799,679930200.0
4787,489,664640200.0
4788,520,695181700.0
4789,301,432618200.0
4790,193,312580000.0
4791,74,120245800.0
4792,93,107083700.0
4793,150,315804800.0
4794,120,479529700.0
4795,63,154873900.0
4796,838,765515500.0
4797,662,907710300.0
4798,911,1244016600.0
4799,1251,815351300.0
4800,1061,1035484600.0
4801,1233,1071497100.0
4802,1133,880940600.0
4803,891,1084572600.0
4804,183,225833200.0
4811,2,1260400.0
4812,2,3233900.0
4813,9,6201000.0
4815,7,6742700.0
4816,45,33726800.0
4817,33,39574400.0
4818,6,3533100.0
4819,1,1319700.0
4822,1,155200.0
4824,1,1447600.0
4825,2,1680900.0
4826,8,7586200.0
4827,4,8900300.0
4828,1,981600.0
4830,1,141100.0
4835,3,2712500.0
4836,48,73056800.0
4837,52,50753300.0
4838,1,5007800.0
4839,65,78418000.0
4840,19,35779000.0
4841,25,41517700.0
4842,12,13454000.0
4843,24,42559700.0
4844,35,39190500.0
4845,267,212113300.0
4846,74,46662500.0
4848,45,102832800.0
4849,341,902695700.0
4850,176,330117400.0
4855,13,14988000.0
4856,44,72519200.0
4857,51,95465300.0
4858,48,75476000.0
4859,83,110054200.0
4860,59,338137300.0
4861,16,506200700.0
4862,55,87144000.0
4863,12,19360300.0
4864,52,71400100.0
4865,42,338158200.0
4866,97,266634600.0
4867,84,241754400.0
4868,103,309135400.0
4869,712,1429078500.0
4870,370,2173485100.0
4871,136,201583100.0
4872,180,278402300.0
4873,677,842039600.0
4874,300,544456600.0
4875,1190,1779726600.0
4876,106,271072100.0
4877,92,368246600.0
4878,132,159344900.0
4879,65,83487400.0
4880,152,136243100.0
4881,72,117412600.0
4882,277,248665600.0
4883,98,249592400.0
4884,124,89947700.0
4885,167,122138100.0
4886,23,208545500.0
4887,49,85501300.0
4888,99,72440200.0
4889,49,71961800.0
4890,120,94911700.0
4891,929,711314600.0
4892,1248,965109800.0
4893,784,645054300.0
4894,58,87030300.0
4895,167,150673300.0
4896,257,253275200.0
4897,1244,898681800.0
4898,1094,942809100.0
4899,1044,878698600.0
4900,1001,1056079900.0
4901,524,1076300600.0
4902,705,1088732000.0
4903,444,432371200.0
4904,136,117136800.0
4905,87,82987200.0
4906,126,79295000.0
4907,107,132331000.0
4908,64,73439000.0
4909,34,74555500.0
4910,59,42622300.0
4911,787,715982400.0
4912,128,429865500.0
4913,708,907267100.0
4914,498,380858500.0
4915,54,114508800.0
4916,113,80695300.0
4917,126,570986900.0
4918,490,737131600.0
4919,46,145199500.0
4920,321,422653600.0
4921,22,20132500.0
4922,36,42540100.0
4923,35,63336800.0
4924,138,315901900.0
4925,22,12766300.0
4926,14,30148000.0
4927,182,289015300.0
4928,379,517959200.0
4929,75,49929700.0
4930,84,67565400.0
4931,76,45596000.0
4932,96,70879500.0
4933,1022,1038446800.0
4934,174,154856100.0
4943,7,4546000.0
4944,3,955800.0
4945,3,3930300.0
4946,31,34361000.0
4947,12,15845200.0
4948,13,17401000.0
4949,20,13883300.0
4953,4,2480300.0
4954,22,14151100.0
4955,12,13298000.0
4956,5,4004600.0
4957,3,1054200.0
4964,35,39549700.0
4965,41,76659700.0
4966,104,125437900.0
4967,134,147261600.0
4968,1,187000.0
4969,5,2364700.0
4970,6,8394200.0
4972,10,19053700.0
4973,1,422000.0
4974,17,13360000.0
4975,244,186342800.0
4976,171,160410000.0
4977,1,2158900.0
4978,6,13486600.0
4979,3,11523400.0
4983,7,5224100.0
4984,17,31241500.0
4985,208,295882400.0
4986,32,79834200.0
4987,134,331103900.0
4988,221,346612700.0
4989,274,518637400.0
4990,215,535886200.0
4991,187,421750000.0
4992,256,740285800.0
4993,364,725468000.0
4994,367,852675200.0
4995,426,742625700.0
4996,717,943309400.0
4997,929,3123573000.0
4998,904,3213409900.0
4999,1276,2109238600.0
5000,1323,2092251000.0
5001,939,2705633100.0
5002,955,2474655600.0
5003,884,2735469900.0
5004,1103,2779682400.0
5005,1357,2466906100.0
5006,959,2123044700.0
5007,1526,1747695800.0
5008,1557,1396747200.0
5009,1535,1162875900.0
5010,1458,1119500600.0
5011,263,206802300.0
5012,446,225759300.0
5013,526,911568300.0
5014,900,1278553700.0
5015,780,477282800.0
5016,765,509525100.0
5017,1170,928935200.0
5018,1482,1057963200.0
5019,1631,947000200.0
5020,1041,1440069700.0
5021,486,1595133400.0
5022,1512,1287032800.0
5023,1494,1371868400.0
5024,1093,793991200.0
5025,1200,1095137800.0
5026,1312,1172099000.0
5027,1160,922802300.0
5028,1091,1085813000.0
5029,908,1043552700.0
5030,634,1349958300.0
5031,607,1710041300.0
5032,818,608236800.0
5033,1443,1012543300.0
5034,1218,974938100.0
5035,1190,905648900.0
5036,46,279456300.0
5037,360,307231800.0
5038,1349,1063405100.0
5039,954,1146786100.0
5040,1089,977205400.0
5041,1114,898270100.0
5042,1086,914824800.0
5043,1012,999521000.0
5044,884,991516300.0
5045,667,938444500.0
5046,898,1102849700.0
5047,1099,1353738900.0
5048,917,941175100.0
5049,754,847637500.0
5050,554,624699600.0
5051,387,510607800.0
5052,426,480565400.0
5053,626,792739100.0
5054,10,18482400.0
5055,7,2572600.0
5056,18,13441400.0
5057,10,6988200.0
5058,84,112892700.0
5059,133,653349500.0
5060,707,655354600.0
5061,899,759409300.0
5062,928,790754400.0
5063,841,701538500.0
5064,779,750031100.0
5065,68,53612000.0
5076,9,6275300.0
5077,8,5018800.0
5078,11,10438900.0
5079,23,16819900.0
5080,1,222700.0
5081,4,2764100.0
5082,34,55093300.0
5083,10,4639400.0
5084,73,78833900.0
5085,37,47731300.0
5086,3,749000.0
5087,2,1145600.0
5091,1,370700.0
5092,1,151500.0
5093,2,1496200.0
5094,12,6851200.0
5095,36,32328400.0
5096,40,48737700.0
5097,29,37997100.0
5098,33,42255300.0
5099,54,68343100.0
5100,10,13463900.0
5102,2,3284000.0
5103,4,2152700.0
5104,18,18542600.0
5105,123,98322800.0
5106,175,137282000.0
5107,18,13981700.0
5115,49,57588800.0
5116,1,5312300.0
5118,4,25148500.0
5119,193,299432000.0
5120,298,551165400.0
5121,278,439668500.0
5122,294,451571700.0
5123,330,607808200.0
5124,313,587401100.0
5125,346,609550000.0
5126,517,1151333500.0
5127,750,1712874500.0
5128,741,2868991100.0
5129,861,2804100800.0
5130,1123,2388553100.0
5131,859,3360163700.0
5132,853,2923884400.0
5133,637,4053426100.0
5134,783,3203955000.0
5135,1157,2157553300.0
5136,1084,3449542700.0
5137,1224,2027712500.0
5138,1494,1209216700.0
5139,873,738612000.0
5140,1113,717526100.0
5141,674,550586300.0
5142,818,731638300.0
5143,1509,869961500.0
5144,854,636505800.0
5145,970,770842200.0
5146,255,174844400.0
5147,534,953096100.0
5148,623,393720000.0
5149,1188,810646400.0
5150,1445,1112057500.0
5151,1097,1297936800.0
5152,1224,2399077500.0
5153,645,2445058400.0
5154,894,961678200.0
5155,1010,1145684200.0
5156,1173,1189398300.0
5157,983,1086837800.0
5158,1326,1152827000.0
5159,1348,1045877100.0
5160,1420,1100626700.0
5161,1318,1113917500.0
5162,1208,939976600.0
5163,773,874039100.0
5164,1064,910382600.0
5165,1151,1121870000.0
5166,148,846907500.0
5167,245,795534800.0
5168,1321,1022530100.0
5169,1316,902039900.0
5170,787,687579000.0
5171,220,1688729400.0
5172,676,1304089800.0
5173,1025,892016200.0
5174,1146,913829400.0
5175,968,890948300.0
5176,1129,863138700.0
5177,1024,980109400.0
5178,905,1030870300.0
5179,806,894556000.0
5180,893,818366700.0
5181,925,980002700.0
5182,813,886847400.0
5183,358,428630800.0
5184,58,223630100.0
5185,252,408198000.0
5186,163,161541700.0
5187,56,630341900.0
5188,219,934719600.0
5189,658,708906300.0
5190,832,1608896400.0
5191,746,925677100.0
5192,777,1351508300.0
5193,677,1309103200.0
5194,499,1130849600.0
5195,361,294318900.0
5207,3,2641800.0
5208,1,1574300.0
5209,12,5845100.0
5210,15,14305000.0
5211,5,15250200.0
5212,2,6077600.0
5214,4,6556900.0
5215,4,3342600.0
5216,162,131800800.0
5217,23,23324400.0
5218,16,31432500.0
5219,109,123010300.0
5220,182,150075300.0
5221,4,1987000.0
5224,7,8795300.0
5225,42,67868400.0
5226,12,12527100.0
5228,16,38665800.0
5229,56,94290500.0
5230,36,41953600.0
5231,1,343100.0
5232,36,22563300.0
5233,157,112253500.0
5234,21,12924900.0
5235,27,26467400.0
5236,134,106047800.0
5237,53,44508500.0
5245,112,145497600.0
5246,79,246313900.0
5247,92,229351700.0
5248,59,210855100.0
5249,210,276703700.0
5250,103,170082400.0
5251,386,287125400.0
5252,224,256423500.0
5253,181,313208900.0
5254,147,161951900.0
5255,320,462258800.0
5256,386,1060177600.0
5257,636,737535600.0
5258,847,572492300.0
5259,602,704747800.0
5260,550,719358000.0
5261,533,3655056300.0
5262,688,3573387900.0
5263,735,3535288700.0
5264,875,2284901600.0
5265,849,2392677200.0
5266,1105,2106456000.0
5267,1446,2065450300.0
5268,1292,1384313900.0
5269,1080,971388800.0
5270,650,656462300.0
5271,744,768014500.0
5272,1242,1030654500.0
5273,878,649478600.0
5274,733,601401700.0
5275,1145,919395400.0
5276,924,1007894200.0
5277,845,950611300.0
5278,760,747857400.0
5279,684,836817400.0
5280,1025,1170149600.0
5281,1104,1096994800.0
5282,1177,1277827400.0
5283,1156,1113155300.0
5284,1138,996771100.0
5285,1254,1141277900.0
5286,761,1092476300.0
5287,1345,1002963500.0
5288,1177,1168410800.0
5289,1327,1115075400.0
5290,1300,1103492300.0
5291,1025,1054001200.0
5292,1141,1108956100.0
5293,1424,1044200300.0
5294,698,508735100.0
5295,108,536210300.0
5296,12,10413700.0
5297,13,151845200.0
5298,278,848710900.0
5299,926,1346552100.0
5300,795,658521700.0
5301,612,881315200.0
5302,369,2392919200.0
5303,897,836426400.0
5304,1102,725324700.0
5305,748,1169508500.0
5306,875,812504700.0
5307,1067,1016012800.0
5308,852,1007739700.0
5309,1067,915620400.0
5310,928,1000050900.0
5311,1129,1260460000.0
5312,983,978521900.0
5313,457,867360400.0
5314,537,903200400.0
5315,633,949695300.0
5316,690,1011432600.0
5317,558,803902300.0
5318,923,877889500.0
5319,985,986514700.0
5320,1007,1139515400.0
5321,1012,991294200.0
5322,695,878655400.0
5323,838,954112400.0
5324,573,1083796000.0
5325,243,770519400.0
5326,5,6166700.0
5338,2,3296800.0
5340,10,22585400.0
5343,18,21730200.0
5344,16,25284400.0
5345,21,28136400.0
5346,58,54725000.0
5347,57,98525900.0
5348,145,266531800.0
5349,9,15372900.0
5350,20,20511600.0
5352,12,8269300.0
5353,2,2304600.0
5354,2,1431200.0
5355,3,5732400.0
5356,16,31724200.0
5357,13,16426500.0
5358,2,554800.0
5359,53,84666800.0
5360,9,10447500.0
5361,9,7464400.0
5362,96,84817300.0
5363,148,132817500.0
5364,13,15170400.0
5365,42,37501300.0
5366,109,106814600.0
5367,141,120004400.0
5368,31,16756400.0
5375,50,69207100.0
5376,25,34471400.0
5377,4,3396200.0
5378,272,629236800.0
5379,209,332770900.0
5380,1,222800.0
5381,163,260088300.0
5382,288,282620700.0
5383,245,450368600.0
5384,55,238652900.0
5385,282,419686200.0
5386,382,617708000.0
5387,661,585576400.0
5388,370,348406300.0
5389,481,743233600.0
5390,159,214808200.0
5391,394,520142300.0
5392,282,396824900.0
5393,1054,1002952800.0
5394,869,865692000.0
5395,290,538494500.0
5396,532,737932800.0
5397,865,1178737300.0
5398,831,1100507600.0
5399,1005,759482200.0
5400,1605,1191710000.0
5401,637,1178620800.0
5402,1161,957134800.0
5403,1036,847239700.0
5404,1223,857037600.0
5405,1698,1030725300.0
5406,1510,1372628200.0
5407,1136,1058165700.0
5408,856,885498600.0
5409,865,827400800.0
5410,965,1287248700.0
5411,1125,1068063600.0
5412,910,1004898000.0
5413,543,783534900.0
5414,865,892318700.0
5415,1112,925930100.0
5416,816,735742400.0
5417,1189,951565600.0
5418,1342,1125737100.0
5419,1451,1121368600.0
5420,1305,1163608000.0
5421,781,1049365600.0
5422,771,1052398100.0
5423,966,1105610100.0
5424,1184,967087800.0
5425,900,904155100.0
5426,329,262044900.0
5427,56,201971500.0
5428,26,97096000.0
5430,15,4266500.0
5431,10,109243500.0
5432,126,1138332400.0
5433,236,511204500.0
5434,1232,838805000.0
5435,1160,908393700.0
5436,1142,856130900.0
5437,853,755014000.0
5438,762,657440600.0
5439,659,702186300.0
5440,592,576756000.0
5441,682,612322600.0
5442,486,947460000.0
5443,418,669741100.0
5444,668,788227100.0
5445,914,888931000.0
5446,851,853061000.0
5447,816,950518600.0
5448,630,848733600.0
5449,685,1019082300.0
5450,908,1086905800.0
5451,824,875892200.0
5452,731,822744800.0
5453,604,724525000.0
5454,230,281118500.0
5455,648,819129700.0
5456,37,187282700.0
5469,7,7556500.0
5470,116,252052400.0
5472,1,6009800.0
5473,1,303800.0
5474,4,7357700.0
5475,26,38373200.0
5476,79,97273300.0
5477,14,11621700.0
5479,42,122930900.0
5480,95,187759100.0
5481,47,63492700.0
5483,6,3476700.0
5484,6,7829700.0
5485,124,273531900.0
5486,6,59766700.0
5488,62,210194700.0
5489,53,117632800.0
5490,70,162718200.0
5491,60,55998200.0
5492,48,36503100.0
5493,9,6881000.0
5494,8,11245200.0
5495,94,84007000.0
5496,41,35701600.0
5497,20,12873700.0
5498,17,20167500.0
5504,3,1434500.0
5505,75,87061400.0
5506,89,184531200.0
5507,94,181652400.0
5508,146,368803100.0
5509,234,371592100.0
5510,6,9334200.0
5511,200,313886000.0
5512,281,595031200.0
5513,302,537331400.0
5514,88,234800400.0
5515,155,294659800.0
5516,197,368314400.0
5517,398,581015900.0
5518,505,604536900.0
5519,410,506256900.0
5520,619,622303200.0
5521,759,746475400.0
5522,79,128608600.0
5523,462,540208700.0
5524,175,170834000.0
5525,1,444400.0
5526,4,1433100.0
5527,7,9615100.0
5528,42,70001400.0
5529,1298,1258407100.0
5530,554,1693252700.0
5531,316,575250600.0
5532,936,707163600.0
5533,1129,1113683700.0
5534,1242,1130937900.0
5535,1291,886942900.0
5536,1343,867762800.0
5537,1572,1039753900.0
5538,911,848323200.0
5539,511,650561100.0
5540,797,1101953600.0
5541,754,1623778600.0
5542,521,908258800.0
5543,341,703889800.0
5544,338,596925600.0
5545,677,927561200.0
5546,911,932916300.0
5547,865,922698300.0
5548,1334,1309113200.0
5549,1337,1797511800.0
5550,778,1920223800.0
5551,758,1335192600.0
5552,828,1092869300.0
5553,938,1163750200.0
5554,984,996284300.0
5555,1241,967213900.0
5556,1198,743021700.0
5557,816,708902900.0
5558,260,745773500.0
5559,2,86690500.0
5561,19,164656700.0
5562,95,1468954500.0
5563,205,911415600.0
5564,1067,673517100.0
5565,1192,829999700.0
5566,654,827243100.0
5567,991,949044400.0
5568,956,898617800.0
5569,826,1059606100.0
5570,391,502310500.0
5571,228,405282200.0
5572,478,487029100.0
5573,700,899482200.0
5574,663,779114800.0
5575,474,531904300.0
5576,380,486933500.0
5577,645,820709700.0
5578,710,926168700.0
5579,466,670523200.0
5580,204,273119700.0
5581,159,198699300.0
5582,275,459851600.0
5583,605,794183400.0
5584,599,799113400.0
5585,592,781984000.0
5586,124,200635300.0
5601,28,55645300.0
5602,124,201200900.0
5603,216,483408000.0
5604,332,540400900.0
5605,28,62298300.0
5606,1,622300.0
5609,11,27042000.0
5610,60,102321500.0
5611,45,66513600.0
5612,73,95673600.0
5613,120,213838900.0
5614,65,368213100.0
5615,322,817140900.0
5616,7,15568900.0
5617,19,58680400.0
5618,88,268400100.0
5619,87,181947900.0
5620,5,8314500.0
5621,285,257646600.0
5622,12,9483900.0
5623,3,3427000.0
5624,30,32267800.0
5625,4,5803600.0
5626,68,86210400.0
5627,28,50804000.0
5628,24,19962100.0
5629,28,40739500.0
5632,6,10675500.0
5633,11,21968400.0
5635,281,312417500.0
5636,490,721531400.0
5637,419,696006300.0
5638,418,612283200.0
5639,571,691316400.0
5640,265,361965700.0
5641,259,348223400.0
5642,241,456730300.0
5643,226,269150500.0
5644,276,350924100.0
5645,242,274807800.0
5646,480,505949500.0
5647,715,763360500.0
5648,622,772394100.0
5649,567,1128438700.0
5650,269,1817371700.0
5651,555,727939200.0
5652,79,132714700.0
5653,18,18688100.0
5654,13,13501400.0
5655,1,812100.0
5656,3,2852400.0
5657,17,14054100.0
5658,231,659602700.0
5659,971,1366940400.0
5660,972,2150353000.0
5661,1405,1914612100.0
5662,1523,1309550000.0
5663,891,777030700.0
5664,1282,1259978500.0
5665,1242,925632500.0
5666,1371,939141200.0
5667,1023,872087400.0
5668,832,820457700.0
5669,529,672040100.0
5670,510,2163943700.0
5671,923,2364105400.0
5672,859,1939167700.0
5673,411,1745414000.0
5674,545,588444900.0
5675,765,869021600.0
5676,880,896482500.0
5677,577,623783900.0
5678,605,722641500.0
5679,866,1173063700.0
5680,653,1829451800.0
5681,148,1799933400.0
5682,171,452964900.0
5683,1171,1947052200.0
5684,994,1337511200.0
5685,826,1314783700.0
5686,738,890748000.0
5687,556,920310500.0
5688,674,946419700.0
5689,337,1065361700.0
5690,513,497160600.0
5691,189,231673600.0
5692,19,235666400.0
5693,174,1111764200.0
5694,835,1576154300.0
5695,1000,1341885500.0
5696,656,1361131200.0
5697,538,864924400.0
5698,1035,1052095200.0
5699,1056,1071683500.0
5700,1026,844505300.0
5701,1009,859181200.0
5702,748,834913000.0
5703,571,811337100.0
5704,101,184896800.0
5705,19,26792600.0
5706,111,190086900.0
5707,272,374702900.0
5708,480,707246000.0
5709,247,459074800.0
5710,292,509882100.0
5711,104,164208800.0
5712,87,193420800.0
5713,90,188030000.0
5714,261,410330000.0
5715,336,649411900.0
5716,215,344381900.0
5732,29,38757500.0
5733,345,565671200.0
5734,658,899699800.0
5735,181,776822300.0
5736,195,826663600.0
5737,229,643672200.0
5738,186,709749400.0
5739,131,347441000.0
5740,183,562101300.0
5741,339,806345900.0
5742,119,220012800.0
5743,1,331600.0
5744,275,349698400.0
5745,29,327575400.0
5746,62,138982100.0
5748,1,8331600.0
5749,102,215674800.0
5750,184,371407700.0
5751,177,304674200.0
5752,406,645568900.0
5753,436,533124800.0
5754,387,553403000.0
5755,412,417777800.0
5756,555,515660500.0
5757,97,104318100.0
5758,66,102457100.0
5759,232,322332900.0
5760,234,380826500.0
5761,132,199070300.0
5762,231,483391400.0
5763,366,690783900.0
5764,13,19753100.0
5765,350,562514900.0
5766,515,866528800.0
5767,459,904595800.0
5768,419,693265500.0
5769,702,893125300.0
5770,616,762188900.0
5771,685,1333995700.0
5772,943,1462600700.0
5773,894,1372089200.0
5774,792,1337360100.0
5775,865,1126535700.0
5776,760,2284077800.0
5777,871,1537177900.0
5778,787,1891812100.0
5779,625,2035184800.0
5780,389,1825471800.0
5781,423,1555751900.0
5782,154,1394965700.0
5783,8,21566500.0
5784,15,35279800.0
5785,6,6444100.0
5786,37,53675700.0
5787,60,156047000.0
5788,191,944603900.0
5789,1207,2050145000.0
5790,427,6095859100.0
5791,1079,2673598300.0
5792,1144,1761244900.0
5793,397,772538200.0
5794,664,493872800.0
5795,763,574146100.0
5796,827,613672100.0
5797,115,251361900.0
5798,208,343335900.0
5799,345,581432300.0
5800,196,2848210000.0
5801,272,6120077300.0
5802,405,5205102300.0
5803,665,2070376100.0
5804,1181,1759895700.0
5805,1112,1549662200.0
5806,849,1379284300.0
5807,694,1183336300.0
5808,971,927371900.0
5809,835,871368700.0
5810,302,493854500.0
5811,362,459810100.0
5812,659,1186488600.0
5813,783,1245551200.0
5814,1297,1123845700.0
5815,1059,1683934100.0
5816,1218,1187822800.0
5817,888,1118481300.0
5818,586,824975700.0
5819,547,658471800.0
5820,811,777975700.0
5821,915,871098000.0
5822,464,531152700.0
5823,144,1030607100.0
5824,559,736264600.0
5825,866,896555400.0
5826,628,858195700.0
5827,400,486969100.0
5828,628,690300100.0
5829,1036,850854900.0
5830,817,803574900.0
5831,798,762445900.0
5832,396,539246100.0
5833,75,154456000.0
5834,21,61479800.0
5835,1,4923300.0
5836,1,363500.0
5838,163,221248200.0
5839,416,678926500.0
5840,304,620508800.0
5841,50,130966400.0
5842,1,729200.0
5843,1,2316200.0
5845,173,335459500.0
5846,155,356861900.0
5864,11,24526700.0
5865,92,954885600.0
5866,432,840118900.0
5867,887,1143079300.0
5868,617,1081903100.0
5869,661,969415700.0
5870,433,709773000.0
5871,210,308589700.0
5872,208,230065400.0
5873,3,2593200.0
5875,21,66472000.0
5876,318,535391400.0
5877,112,336319700.0
5878,71,261606100.0
5879,180,405117700.0
5880,98,482001600.0
5881,188,1011081900.0
5882,358,713256900.0
5883,676,796975800.0
5884,565,692457900.0
5885,1039,928834100.0
5886,611,582354600.0
5887,467,787520000.0
5888,500,770071300.0
5889,318,507699400.0
5890,430,648116900.0
5891,484,761321000.0
5892,343,496043700.0
5893,735,807417600.0
5894,482,836052300.0
5895,431,953477700.0
5896,516,1244758100.0
5897,573,1727553500.0
5898,790,1857040400.0
5899,688,2137262400.0
5900,850,2655219300.0
5901,731,1718373700.0
5902,795,2441641000.0
5903,910,1566274600.0
5904,975,1686870800.0
5905,857,1394879000.0
5906,713,1339999400.0
5907,1021,1225923800.0
5908,800,1239387200.0
5909,942,1949998600.0
5910,849,1132397300.0
5911,788,2204827600.0
5912,679,2980565700.0
5913,329,1719609500.0
5914,436,492922000.0
5915,141,192705900.0
5916,250,234096400.0
5917,57,699411200.0
5918,808,1193446500.0
5919,1135,1814475300.0
5920,471,5995909000.0
5921,1014,1898993600.0
5922,938,1224470900.0
5923,687,727681500.0
5924,432,404880000.0
5925,214,249737400.0
5926,4,3990300.0
5927,43,65027300.0
5928,315,464474500.0
5929,300,357259200.0
5930,735,986242500.0
5931,962,1697331500.0
5932,1002,1938400900.0
5933,1335,1143477600.0
5934,1141,779177500.0
5935,1220,882640700.0
5936,995,788743600.0
5937,822,811665900.0
5938,631,1159546000.0
5939,602,851830300.0
5940,582,949646500.0
5941,584,845719000.0
5942,537,878256400.0
5943,499,767555700.0
5944,934,845212200.0
5945,1235,1038833700.0
5946,1413,1022492300.0
5947,695,714610500.0
5948,163,302902300.0
5949,52,89752700.0
5950,168,237940600.0
5951,195,235326200.0
5952,230,243728500.0
5953,14,8744600.0
5954,166,226499700.0
5955,102,243234700.0
5957,6,10268300.0
5958,59,139387500.0
5959,52,100960300.0
5960,207,329957800.0
5961,224,336218900.0
5962,77,107627200.0
5963,7,10966700.0
5964,1,1231200.0
5965,4,1590300.0
5966,1,152300.0
5968,1,365600.0
5970,78,184723400.0
5971,35,37770400.0
5972,4,5191100.0
5975,15,30146600.0
5976,90,214567200.0
5977,20,37453500.0
5996,103,120036100.0
5997,262,458866900.0
5998,85,198772400.0
5999,436,923660700.0
6000,678,806554600.0
6001,60,59892700.0
6002,80,106661400.0
6004,29,68863000.0
6005,263,544359200.0
6006,229,359117400.0
6007,244,709129600.0
6008,96,250916500.0
6009,291,520438400.0
6010,380,558780200.0
6011,506,833052200.0
6012,632,868821000.0
6013,827,985584500.0
6014,745,822713400.0
6015,1014,1224395000.0
6016,807,999998700.0
6017,464,1255226900.0
6018,387,987859400.0
6019,471,753351500.0
6020,584,841859500.0
6021,596,801101800.0
6022,710,1265627800.0
6023,791,2929756100.0
6024,490,1970643700.0
6025,550,1495530300.0
6026,668,615274100.0
6027,381,453504400.0
6028,369,385912800.0
6029,730,1467191500.0
6030,1177,1626718800.0
6031,610,1431800400.0
6032,1034,1200512600.0
6033,1167,1027694200.0
6034,981,1270690000.0
6035,1017,1840145600.0
6036,980,1811207800.0
6037,804,889253200.0
6038,437,3796527500.0
6039,1187,2159162100.0
6040,1431,1037232600.0
6041,1254,1119652600.0
6042,1523,1064287700.0
6043,1326,1409589700.0
6044,1167,1131931400.0
6045,1106,1178425500.0
6046,608,1231865500.0
6047,775,1508978400.0
6048,1355,1130241300.0
6049,1248,1965496700.0
6050,924,2198918900.0
6051,1101,959828100.0
6052,744,831382200.0
6053,218,715320900.0
6054,421,666427700.0
6055,194,245021300.0
6056,97,150158200.0
6057,103,209905400.0
6058,358,415692600.0
6059,645,645264400.0
6060,809,814966700.0
6061,1443,1108736800.0
6062,1261,1003911700.0
6063,1295,939516600.0
6064,1266,1019830500.0
6065,1396,942501200.0
6066,762,846703600.0
6067,280,426372700.0
6068,728,773409400.0
6069,1049,1105240900.0
6070,1040,1083614900.0
6071,978,860127600.0
6072,708,838031000.0
6073,362,532982600.0
6074,18,20513800.0
6075,308,411969900.0
6076,464,546858800.0
6077,68,84383100.0
6078,26,42353100.0
6085,310,539520700.0
6086,39,52593700.0
6087,4,4482200.0
6094,3,1317100.0
6096,2,443200.0
6099,1,1776900.0
6105,2,1457100.0
6139,303,626835900.0
6140,634,750614300.0
6141,656,826395800.0
6142,643,694257500.0
6143,813,737708800.0
6144,614,720156700.0
6145,383,2756858700.0
6146,170,2486593300.0
6147,615,740692800.0
6148,607,697088000.0
6149,540,735041900.0
6150,701,818649400.0
6151,693,1212583400.0
6152,443,2803825800.0
6153,1121,1573056800.0
6154,1201,1189773500.0
6155,536,645897300.0
6156,32,38413800.0
6157,3,1257500.0
6158,1,669100.0
6159,644,1362471900.0
6160,1168,1252384700.0
6161,1032,1159265300.0
6162,1180,1316070900.0
6163,853,1047916200.0
6164,621,1024516200.0
6165,1132,1557642900.0
6166,983,1168166100.0
6167,1190,1282220000.0
6168,1375,1927728900.0
6169,1197,1065997400.0
6170,1207,857859900.0
6171,1604,1086100600.0
6172,1465,1002581100.0
6173,1520,1068319100.0
6174,605,1792731600.0
6175,433,2248841200.0
6176,1268,2004898800.0
6177,1309,1051863900.0
6178,994,818062300.0
6179,575,731978900.0
6180,339,566461900.0
6181,391,641272900.0
6182,556,731269300.0
6183,656,871002600.0
6184,143,158837300.0
6185,330,477449900.0
6186,394,525314800.0
6187,254,397822100.0
6188,349,422546600.0
6189,747,657485100.0
6190,1273,881344000.0
6191,1265,912926300.0
6192,1319,903523100.0
6193,1195,818550400.0
6194,1466,989391800.0
6195,1357,916908200.0
6196,383,422159300.0
6197,379,602423200.0
6198,378,516929100.0
6199,275,300565600.0
6200,218,243491000.0
6201,369,275096600.0
6202,92,141611400.0
6203,239,433381100.0
6204,5,4936900.0
6206,28,37204600.0
6207,3,2038600.0
6208,8,6308400.0
6217,1,668600.0
6229,2,1109300.0
6238,2,1781900.0
6269,335,720502900.0
6270,779,903477600.0
6271,855,851905700.0
6272,946,832648900.0
6273,621,835267200.0
6274,759,1423734000.0
6275,289,2078033400.0
6276,140,2730672700.0
6277,193,803854300.0
6278,324,499588700.0
6279,901,807825000.0
6280,1085,1134886400.0
6281,947,1062597400.0
6282,758,994744500.0
6283,1050,775313800.0
6284,750,472327400.0
6285,215,393009600.0
6286,471,405134500.0
6287,325,338956500.0
6288,577,415077600.0
6289,806,1008898000.0
6290,837,1702731200.0
6291,790,1749195200.0
6292,1174,1253303100.0
6293,1258,1346762800.0
6294,1005,1239057000.0
6295,1162,958317900.0
6296,861,1668896300.0
6297,1192,1321342000.0
6298,1227,911028100.0
6299,1179,1032082400.0
6300,1345,891930900.0
6301,1265,1079661300.0
6302,1329,1074234400.0
6303,813,1139945100.0
6304,304,2281816300.0
6305,910,3532648100.0
6306,1373,1430481800.0
6307,1113,952497200.0
6308,116,109213500.0
6310,2,1605700.0
6311,32,47405000.0
6312,532,490321200.0
6313,806,899250800.0
6314,39,59060100.0
6315,435,741823600.0
6316,285,597068200.0
6317,162,339287000.0
6318,182,240559700.0
6319,1141,807443300.0
6320,1150,795056600.0
6321,888,681638000.0
6322,955,1051125900.0
6323,1014,839122400.0
6324,805,713327900.0
6325,531,570803500.0
6326,85,136317800.0
6327,79,164963500.0
6328,12,12755900.0
6333,3,660100.0
6339,1,188900.0
6348,1,1132800.0
6365,3,1438500.0
6366,2,1051200.0
6399,153,224847700.0
6400,826,820232800.0
6401,842,782039700.0
6402,1006,888764400.0
6403,808,1147733000.0
6404,1037,956423300.0
6405,563,1843143800.0
6406,450,2356991000.0
6407,967,968096500.0
6408,1076,837745300.0
6409,1183,890097700.0
6410,1391,910199100.0
6411,1108,971697100.0
6412,881,1264463600.0
6413,1432,937441600.0
6414,1250,972275100.0
6415,871,830270300.0
6416,871,1164701100.0
6417,554,1016966700.0
6418,998,980277300.0
6419,901,1541613300.0
6420,1198,1483084000.0
6421,845,1527898600.0
6422,1209,1314686400.0
6423,1064,1166236800.0
6424,1153,1143269400.0
6425,786,974375900.0
6426,1016,1443378000.0
6427,710,1518730800.0
6428,474,1322140200.0
6429,443,682897900.0
6430,19,198541200.0
6431,418,1558021000.0
6432,773,1386168100.0
6433,942,1409550500.0
6434,1211,1128284700.0
6435,1163,992019400.0
6436,513,553651100.0
6437,54,76460700.0
6440,1,317100.0
6441,196,330399400.0
6442,353,470893800.0
6443,598,636527600.0
6444,5,5156500.0
6445,227,367251800.0
6446,409,738139800.0
6447,388,686728600.0
6448,210,807101200.0
6449,919,690561100.0
6450,1304,862698700.0
6451,1112,856811900.0
6452,1032,869647800.0
6453,735,783610400.0
6454,369,456135700.0
6455,80,92064900.0
6456,1,1541600.0
6457,2,1818000.0
6463,6,4846200.0
6464,1,422300.0
6488,1,190100.0
6529,66,111289000.0
6530,580,1020185100.0
6531,739,1020995100.0
6532,667,877006100.0
6533,930,963028100.0
6534,986,988014700.0
6535,983,1220364300.0
6536,782,1294817800.0
6537,1044,940464700.0
6538,749,1549710600.0
6539,1089,1059749700.0
6540,984,1313155100.0
6541,1073,1034293100.0
6542,891,1271276200.0
6543,1043,1039980800.0
6544,1233,898958100.0
6545,1089,917390100.0
6546,622,845606700.0
6547,509,649286100.0
6548,794,1054912400.0
6549,867,1404281900.0
6550,1017,1428269500.0
6551,660,1473483000.0
6552,787,1172392100.0
6553,564,1417476600.0
6554,558,1328534500.0
6555,515,869316100.0
6556,628,1180331500.0
6557,1045,1301488400.0
6558,1296,1052181900.0
6559,880,916919300.0
6560,135,454811300.0
6561,355,1143630600.0
6562,1551,1081466000.0
6563,967,937744300.0
6564,320,358137300.0
6565,22,51011300.0
6566,19,21237200.0
6567,9,5786900.0
6571,200,199701800.0
6572,1118,1029098200.0
6573,740,1298984600.0
6574,276,482859900.0
6575,610,833809000.0
6576,666,884180200.0
6577,852,961911000.0
6578,307,773473400.0
6579,334,461300600.0
6580,502,581912000.0
6581,695,531977600.0
6582,496,503997900.0
6583,205,241814000.0
6594,1,577400.0
6609,2,1473300.0
6610,8,4820900.0
6614,1,764400.0
6619,3,1014900.0
6620,2,952100.0
6660,277,459238100.0
6661,618,957248000.0
6662,747,872807300.0
6663,1045,876222600.0
6664,1000,883590100.0
6665,708,1237325000.0
6666,621,1111238200.0
6667,1123,945072100.0
6668,1153,1339091600.0
6669,1217,1090529600.0
6670,1001,777698200.0
6671,784,753030800.0
6672,957,1366803700.0
6673,1249,964454500.0
6674,1318,920834500.0
6675,1174,824823900.0
6676,121,830779700.0
6677,86,1551337400.0
6678,218,3447752200.0
6679,703,1427551100.0
6680,628,1250978100.0
6681,545,2025189700.0
6682,1125,1487862300.0
6683,938,1098542300.0
6684,1191,935159700.0
6685,1227,766359400.0
6686,1404,1012285700.0
6687,901,1043031800.0
6688,908,847572900.0
6689,861,1086326000.0
6690,997,776801700.0
6691,514,804446000.0
6692,322,750647900.0
6693,221,396829800.0
6694,32,64627900.0
6695,3,2724500.0
6696,1,612300.0
6697,1,835900.0
6698,1,307100.0
6700,150,200309300.0
6701,866,977440000.0
6702,1087,1066642300.0
6703,781,1034085500.0
6704,588,748260300.0
6705,735,847476000.0
6706,488,705970100.0
6707,205,448825800.0
6708,71,135581000.0
6709,194,174972100.0
6710,85,183466600.0
6711,9,6431000.0
6712,2,3627100.0
6719,2,2901900.0
6789,5,3467900.0
6790,105,99296400.0
6791,253,300381800.0
6792,343,339132900.0
6793,363,723248200.0
6794,608,643430100.0
6795,744,1145972700.0
6796,725,1661921700.0
6797,941,1253551300.0
6798,985,763566000.0
6799,1082,923162600.0
6800,933,1046325200.0
6801,753,908466700.0
6802,711,1404003800.0
6803,756,832389400.0
6804,573,629359400.0
6805,538,1129812500.0
6806,371,913543200.0
6807,818,797634600.0
6808,683,1154256200.0
6809,724,1528390600.0
6810,492,2138282300.0
6811,1012,1285481400.0
6812,1161,1066974300.0
6813,1062,892629000.0
6814,431,356131300.0
6815,647,776632300.0
6816,1179,858501300.0
6817,434,810159800.0
6818,497,945006500.0
6819,1064,1041508100.0
6820,560,534770600.0
6821,38,43195800.0
6822,5,11350800.0
6829,144,168078400.0
6830,719,528212700.0
6831,911,1234441000.0
6832,924,926357300.0
6833,613,738042800.0
6834,351,554987900.0
6835,158,232780900.0
6836,164,287985700.0
6837,17,38506300.0
6849,23,16232200.0
6850,21,36160700.0
6878,1,182700.0
6889,5,3434300.0
6919,164,120076300.0
6920,223,201788500.0
6921,154,138287600.0
6922,253,175430000.0
6924,63,131748600.0
6925,577,1149762000.0
6926,520,1513815500.0
6927,217,1736318100.0
6928,298,1506457200.0
6929,281,1937683400.0
6930,361,2324485100.0
6931,725,834314900.0
6932,679,1606772600.0
6933,550,1052901900.0
6934,580,704034900.0
6935,630,884805900.0
6936,1077,962404700.0
6937,1037,922648400.0
6938,675,1345823600.0
6939,862,1835311900.0
6940,867,1987717000.0
6941,1202,1327197900.0
6942,1125,930390900.0
6943,1095,864467900.0
6944,832,820566700.0
6945,576,469289600.0
6946,768,1240827100.0
6947,156,347994300.0
6948,280,1136266700.0
6949,487,787471200.0
6950,414,379123300.0
6951,179,178109100.0
6952,111,93084200.0
6953,23,17510800.0
6954,18,13472100.0
6956,7,8306700.0
6957,71,77410400.0
6958,213,223049300.0
6959,916,874539000.0
6960,1103,907193100.0
6961,1265,1033263600.0
6962,820,781062600.0
6963,462,479154600.0
6967,3,1205000.0
6978,5,4731500.0
6999,5,5384500.0
7001,1,392000.0
7003,10,7825000.0
7005,3,1527200.0
7006,35,16670300.0
7007,4,1547000.0
7013,2,681800.0
7018,1,399600.0
7019,34,21069700.0
7020,6,3406300.0
7050,2,1983700.0
7051,29,26112200.0
7052,35,23703300.0
7053,138,241438000.0
7054,513,730022800.0
7055,376,1646646400.0
7056,430,1222051300.0
7057,317,1857574200.0
7058,801,1134528700.0
7059,657,1150177300.0
7060,514,952662800.0
7061,837,812791100.0
7062,542,1634984700.0
7063,401,1954563100.0
7064,614,819583200.0
7065,556,765215400.0
7066,1104,926666000.0
7067,706,761617700.0
7068,660,575932600.0
7069,754,874775500.0
7070,964,947084500.0
7071,964,1516575400.0
7072,1234,857556300.0
7073,970,705197900.0
7074,1028,952653100.0
7075,335,741704500.0
7076,119,545805600.0
7077,120,622383100.0
7078,228,721000200.0
7079,497,472009200.0
7080,367,300526200.0
7081,83,71621400.0
7083,1,566100.0
7086,259,203257100.0
7087,730,674891500.0
7088,817,762649500.0
7089,1036,907645500.0
7090,718,631610300.0
7091,497,582124500.0
7092,212,285535200.0
7093,207,245737700.0
7105,2,922500.0
7119,4,1947200.0
7129,1,329400.0
7131,9,3586700.0
7149,1,403000.0
7182,3,5597800.0
7183,13,17963900.0
7184,377,693166100.0
7185,1014,1364715300.0
7186,539,1138212600.0
7187,699,1304637100.0
7188,738,824841300.0
7189,586,850344500.0
7190,478,800552600.0
7191,592,763156400.0
7192,543,929883500.0
7193,397,1507544000.0
7194,693,756416200.0
7195,672,989636300.0
7196,987,892768400.0
7197,1251,911220800.0
7198,1085,757766100.0
7199,1015,996905600.0
7200,887,698595200.0
7201,576,495407600.0
7202,1086,799545000.0
7203,1308,843069800.0
7204,1299,778051800.0
7205,517,873432400.0
7206,130,677304400.0
7207,9,75460900.0
7208,539,390425000.0
7209,289,347709400.0
7210,263,251048800.0
7211,344,329161600.0
7212,45,39580200.0
7213,257,334756700.0
7214,899,703904100.0
7215,1059,808751500.0
7216,1277,1106886900.0
7217,1050,1126518700.0
7218,595,410572400.0
7219,122,142791100.0
7220,2,3183200.0
7235,4,2305800.0
7236,8,8904500.0
7260,1,571000.0
7277,2,1407200.0
7312,1,158500.0
7313,1,586300.0
7314,96,258197000.0
7315,637,676736100.0
7316,638,676436800.0
7317,741,835473400.0
7318,333,539813600.0
7319,322,583253100.0
7320,540,725960000.0
7321,761,1086608500.0
7322,757,794290500.0
7323,655,981266400.0
7324,1090,938266800.0
7325,1111,1054931000.0
7326,1027,984171200.0
7327,927,811766400.0
7328,853,677168600.0
7329,949,759848000.0
7330,889,691264700.0
7331,583,516208400.0
7332,1116,695841700.0
7333,1267,910699500.0
7334,484,731879800.0
7335,732,892877400.0
7336,47,66300800.0
7337,3,1142100.0
7338,3,2879600.0
7339,116,169134200.0
7340,271,244092500.0
7341,258,215364400.0
7342,179,185974900.0
7343,621,574448400.0
7344,1409,1029311700.0
7345,1550,992309300.0
7346,1076,785679100.0
7347,550,406286300.0
7348,3,2170600.0
7352,8,3306100.0
7404,3,2173500.0
7443,31,101465400.0
7444,122,344114900.0
7445,309,322146400.0
7446,192,255287400.0
7447,527,895673700.0
7448,428,1006825700.0
7449,236,738910100.0
7450,411,807158800.0
7451,661,884024200.0
7452,624,729036200.0
7453,522,556702100.0
7454,622,583529600.0
7455,891,801586900.0
7456,913,730697800.0
7457,822,765176600.0
7458,1026,787874500.0
7459,401,642370800.0
7460,824,824795600.0
7461,1082,849606500.0
7462,725,785457100.0
7463,619,1473530800.0
7464,1116,996563100.0
7465,1101,1282809200.0
7466,588,682306400.0
7467,378,309630700.0
7468,302,319898900.0
7469,420,379453400.0
7470,336,324482800.0
7471,159,150323300.0
7472,14,13654600.0
7473,8,9217100.0
7474,237,194130900.0
7475,307,252156400.0
7476,318,372084400.0
7477,25,25251000.0
7488,10,4469000.0
7490,3,1367100.0
7498,5,2009000.0
7572,2,504400.0
7573,60,133183500.0
7574,124,321340500.0
7575,49,121541100.0
7576,74,71426300.0
7577,521,746819000.0
7578,707,623369300.0
7579,565,960140600.0
7580,575,887943900.0
7581,597,888617100.0
7582,561,991602000.0
7583,273,520739600.0
7584,460,732228000.0
7585,809,847135700.0
7586,620,688542900.0
7587,472,555424100.0
7588,65,222660500.0
7589,66,162295200.0
7590,877,823663200.0
7591,970,1074499900.0
7592,910,1220962800.0
7593,706,1158106000.0
7594,1070,886032700.0
7595,515,714856100.0
7596,701,661168700.0
7597,546,572831800.0
7598,312,275665200.0
7599,45,56576100.0
7606,5,2162600.0
7607,15,7155300.0
7612,7,5007800.0
7613,15,10442400.0
7616,2,1252900.0
7702,3,913300.0
7706,9,9664100.0
7707,775,785598800.0
7708,503,1036684200.0
7709,695,866468400.0
7710,373,554974600.0
7711,536,689401600.0
7712,154,288605200.0
7713,276,573434700.0
7714,599,900947700.0
7715,615,674872400.0
7716,305,454700800.0
7717,35,37586700.0
7718,56,115052800.0
7719,734,594130500.0
7720,1095,995806600.0
7721,1220,967549400.0
7722,1242,965384100.0
7723,1179,1223865000.0
7724,195,1301553300.0
7725,42,443450100.0
7726,18,22104600.0
7727,7,3674900.0
7728,155,94316600.0
7729,18,19126400.0
7730,19,29561800.0
7731,7,7922900.0
7738,15,15980200.0
7739,3,567300.0
7740,8,14737100.0
7741,4,6598100.0
7742,4,4272900.0
7747,3,3356000.0
7754,7,3743200.0
7834,3,519300.0
7836,1,274900.0
7837,46,154309600.0
7838,6,10709300.0
7839,1,329900.0
7840,15,28139600.0
7841,2,1250200.0
7843,88,163920300.0
7844,505,599043200.0
7845,647,781769200.0
7846,64,98193000.0
7847,31,170054000.0
7848,578,905017300.0
7849,648,1113916800.0
7850,1288,1097754100.0
7851,1009,803475200.0
7852,1090,1384717200.0
7853,800,786188400.0
7854,668,768561400.0
7855,103,130085900.0
7856,18,31313700.0
7857,3,1025300.0
7858,12,10398400.0
7859,17,15314800.0
7860,4,2644300.0
7861,29,23561400.0
7868,2,2132000.0
7869,5,8193400.0
7870,21,13145500.0
7884,3,1408500.0
7896,1,245100.0
7964,1,207000.0
7965,4,2784600.0
7968,1,198100.0
7969,10,5258400.0
7970,17,8212400.0
7971,8,4594700.0
7974,1,191200.0
7975,189,285494600.0
7976,46,172430500.0
7977,156,617053400.0
7978,504,1424968100.0
7979,848,835838700.0
7980,742,702716300.0
7981,785,993588700.0
7982,594,946212200.0
7983,1257,879542800.0
7984,311,456381600.0
7985,658,620667800.0
7986,128,145352200.0
7987,3,2155600.0
7988,68,48327400.0
7989,3,1090400.0
7993,6,2648000.0
8012,1,358900.0
8025,9,9286500.0
8041,1,769800.0
8093,1,1047200.0
8096,3,995500.0
8097,6,3108700.0
8098,3,1679300.0
8099,2,511900.0
8104,1,1320300.0
8105,14,14020100.0
8106,71,363482600.0
8107,209,595554100.0
8108,345,294278700.0
8109,860,709747600.0
8110,441,357167000.0
8111,303,691428600.0
8112,693,716454900.0
8113,973,819589300.0
8114,514,524384300.0
8115,340,342252300.0
8122,4,1606200.0
8123,17,37102900.0
8124,6,2300600.0
8126,1,447400.0
8143,2,2448900.0
8154,1,192900.0
8155,2,2669100.0
8172,7,2574200.0
8173,2,430000.0
8233,1,1164800.0
8234,6,1502200.0
8235,7,2910500.0
8236,2,611900.0
8246,1,482800.0
8251,31,15384600.0
8252,2,1380300.0
8282,4,2713100.0
8283,11,8130000.0
8286,1,775900.0
8361,2,2704500.0
8362,25,21565900.0
8363,1,538500.0
8365,3,7953000.0
8375,6,4092500.0
8378,3,1003900.0
8379,5,5177100.0
8380,3,2059200.0
8410,1,255300.0
8411,2,801600.0
8415,1,215000.0
8416,19,15359000.0
8417,8,3529900.0
8418,5,2349600.0
8422,3,1613400.0
8489,3,3301600.0
8490,15,67891800.0
8491,41,52405000.0
8492,69,48009700.0
8493,7,11790200.0
8494,10,564962700.0
8495,1,24170400.0
8500,1,311900.0
8504,6,8978800.0
8505,3,1237100.0
8506,2,3106900.0
8507,5,4327100.0
8546,7,6937800.0
8550,1,411400.0
8556,1,1079300.0
8558,1,2923500.0
8577,2,840400.0
8580,19,15713900.0
8620,217,281240500.0
8621,495,761038000.0
8622,235,299640000.0
8623,53,78811600.0
8624,55,314250100.0
8625,176,146408000.0
8626,2,1600700.0
8634,1,348900.0
8695,1,835700.0
8707,2,1120300.0
8708,1,4335700.0
8709,6,6858900.0
8710,91,77642100.0
8744,3,2939300.0
8746,129,263159100.0
8747,187,371411100.0
8748,168,348256100.0
8749,405,813507500.0
8750,858,851916600.0
8751,628,874771600.0
8752,553,889119600.0
8753,387,392034600.0
8754,280,693609700.0
8755,232,444578500.0
8756,6,2763600.0
8757,19,21938000.0
8758,19,25103100.0
8759,4,4405900.0
8763,22,30694200.0
8764,41,52122000.0
8765,22,12262500.0
8766,2,1976300.0
8833,1,3536000.0
8836,10,19266800.0
8837,11,8265400.0
8838,10,11425400.0
8839,2,1446100.0
8840,2,3632200.0
8873,3,1184100.0
8874,1,143300.0
8875,145,291266200.0
8876,610,1013225700.0
8877,641,1208291700.0
8878,540,1457081800.0
8879,206,543558300.0
8880,866,996473600.0
8881,691,925316100.0
8882,761,885171300.0
8883,271,510353000.0
8884,345,422811300.0
8885,147,169597800.0
8886,30,23342500.0
8887,2,7638600.0
8888,3,1407600.0
8889,37,54471900.0
8890,228,249014300.0
8891,33,35159100.0
8893,47,69819900.0
8894,248,390351300.0
8895,79,129930100.0
8896,1,233900.0
8903,2,1354100.0
8910,3,2344500.0
8927,1,1597200.0
8958,6,13970500.0
8963,10,9213200.0
8964,5,2727300.0
8966,4,2165200.0
8967,13,14916000.0
8968,1,1740800.0
8969,1,925900.0
9000,4,3151400.0
9003,1,1180800.0
9004,1,304100.0
9005,164,337070100.0
9006,444,763478300.0
9007,534,808299100.0
9008,140,305625700.0
9009,320,642587400.0
9010,892,1181306300.0
9011,861,879970400.0
9012,306,546143100.0
9013,173,308666900.0
9014,56,106968700.0
9016,126,160726900.0
9017,264,323523100.0
9018,592,584096600.0
9019,240,417884500.0
9020,458,663006900.0
9021,137,245142800.0
9022,13,22461200.0
9023,93,152821900.0
9024,195,348274700.0
9025,152,262884000.0
9026,6,11069900.0
9057,3,2390000.0
9058,1,734300.0
9085,11,5856900.0
9088,6,13433300.0
9089,1,2039500.0
9091,5,2496900.0
9092,8,4655200.0
9093,30,19466200.0
9094,17,6728000.0
9096,1,256100.0
9136,216,533810300.0
9137,393,858392100.0
9138,49,174762500.0
9139,403,1062188900.0
9140,671,1102673100.0
9141,819,909628100.0
9142,143,678459200.0
9143,176,189147100.0
9144,7,56145200.0
9145,51,118005100.0
9146,59,55301100.0
9147,433,585540000.0
9148,469,793033600.0
9149,542,903614400.0
9150,322,896248000.0
9151,576,859057400.0
9152,556,779735700.0
9153,120,159886100.0
9154,203,291306600.0
9155,215,503105700.0
9156,1,2742900.0
9219,4,1552400.0
9228,1,436300.0
9229,1,699200.0
9258,2,1530100.0
9259,1,237000.0
9264,121,89460000.0
9265,164,163851500.0
9266,14,31468000.0
9267,292,529719000.0
9268,103,563504700.0
9269,331,1783080600.0
9270,271,1630105900.0
9271,346,731011900.0
9272,33,88686000.0
9273,136,158237700.0
9274,521,548869400.0
9275,133,1025338400.0
9276,284,840926400.0
9277,951,871673700.0
9278,362,592830900.0
9279,734,870573900.0
9280,601,1148503900.0
9281,527,1061446800.0
9282,362,329736200.0
9283,161,187833700.0
9284,87,115698400.0
9285,36,62200200.0
9286,49,39945700.0
9306,2,893200.0
9316,2,1542600.0
9317,3,969800.0
9337,2,7639700.0
9338,3,1039300.0
9339,23,13851000.0
9340,1,484400.0
9342,3,864300.0
9347,3,1513900.0
9348,12,5764300.0
9349,6,4002000.0
9351,2,2604300.0
9358,1,850800.0
9359,2,1202900.0
9388,1,440800.0
9389,29,15926200.0
9390,1,191000.0
9391,3,2129200.0
9392,2,1337100.0
9393,4,3059700.0
9394,70,115194400.0
9395,258,298527600.0
9396,123,209755100.0
9397,39,314687200.0
9398,75,396258700.0
9399,248,899649700.0
9400,273,476187800.0
9401,260,624226300.0
9402,153,408234600.0
9403,304,514094600.0
9404,139,278487700.0
9405,254,416471200.0
9406,609,711025900.0
9407,940,859880800.0
9408,929,902110800.0
9409,917,809064100.0
9410,326,631125900.0
9411,328,475251000.0
9412,665,944062600.0
9413,371,496035400.0
9414,188,306426800.0
9415,100,114665700.0
9418,3,1163300.0
9432,4,1730200.0
9433,7,4157100.0
9434,19,11595300.0
9435,3,694600.0
9436,3,2380100.0
9437,1,376700.0
9443,24,20927500.0
9464,31,22262900.0
9465,18,15138900.0
9467,27,23931900.0
9468,1,182700.0
9469,2,1461700.0
9473,1,1917600.0
9474,1,565900.0
9479,6,1968200.0
9481,1,374700.0
9484,2,644200.0
9488,4,1455400.0
9489,2,1626200.0
9490,2,1084700.0
9515,1,551100.0
9516,17,9770600.0
9517,5,2060700.0
9519,2,2594600.0
9520,32,22629200.0
9521,4,1892300.0
9522,3,768298800.0
9523,34,741827600.0
9524,10,21979400.0
9525,8,10196200.0
9526,49,493399800.0
9527,88,890017500.0
9528,125,1880446700.0
9529,127,1609451900.0
9530,684,1155599500.0
9531,757,1134781900.0
9532,832,1119824800.0
9533,605,591326500.0
9534,148,184025100.0
9535,109,136106300.0
9536,653,712718000.0
9537,735,700940700.0
9538,440,522578700.0
9539,422,622067100.0
9540,363,289386200.0
9541,180,174649200.0
9542,208,300125400.0
9543,280,450401500.0
9544,261,415011500.0
9545,687,790056400.0
9546,284,272943600.0
9547,253,432465600.0
9548,4,2127800.0
9549,3,1111600.0
9550,1,247400.0
9551,1,213400.0
9552,9,3974700.0
9553,3,1342300.0
9554,4,2984300.0
9555,6,2856600.0
9556,12,7762200.0
9557,25,15693800.0
9558,5,5953800.0
9559,12,8748100.0
9560,11,7024200.0
9561,2,496000.0
9562,17,10613000.0
9563,18,12571900.0
9564,36,20415000.0
9565,11,4048600.0
9566,9,5731500.0
9567,1,1333000.0
9571,13,9195500.0
9572,10,9912400.0
9573,5,2818600.0
9578,3,1166700.0
9591,4,2804700.0
9592,50,35302100.0
9593,58,46567100.0
9594,24,18478300.0
9595,39,38926900.0
9596,31,20021700.0
9597,12,6790800.0
9598,3,1412800.0
9601,2,1278600.0
9602,3,1799200.0
9603,4,3003300.0
9606,2,1462300.0
9607,3,4412600.0
9610,2,440700.0
9611,3,1028000.0
9613,12,6424500.0
9614,6,5044300.0
9616,17,6942800.0
9617,4,4971600.0
9620,1,287000.0
9647,16,10105100.0
9648,89,58214600.0
9649,266,180154100.0
9650,294,206464600.0
9651,34,245139100.0
9652,46,2205454000.0
9653,152,1468122900.0
9654,70,424184400.0
9655,26,218059300.0
9656,27,404534500.0
9657,20,57166800.0
9658,148,936048600.0
9659,648,976519000.0
9660,629,922002100.0
9661,854,1340498600.0
9662,704,731716100.0
9663,657,788615200.0
9664,909,1042516200.0
9665,534,648340700.0
9666,425,584353600.0
9667,657,927248900.0
9668,988,1352579700.0
9669,263,251865000.0
9670,203,170516900.0
9671,68,79979500.0
9672,74,50295100.0
9673,367,329350500.0
9674,160,222260200.0
9675,210,254478100.0
9676,592,588162500.0
9677,299,473897100.0
9678,34,63046000.0
9685,4,4608500.0
9686,3,1258600.0
9687,5,1637900.0
9688,1,352000.0
9689,2,785100.0
9690,10,3044300.0
9691,8,1862900.0
9692,11,5222400.0
9694,6,12608000.0
9695,26,14645700.0
9696,61,31590900.0
9701,1,2160100.0
9704,1,1183200.0
9705,6,5653800.0
9719,2,635200.0
9720,23,14804400.0
9721,23,15498600.0
9722,77,59738400.0
9723,21,10231600.0
9724,16,8625300.0
9725,23,15866600.0
9726,2,1398300.0
9727,1,394800.0
9729,1,780100.0
9730,15,8562400.0
9732,10,9620200.0
9733,11,9262500.0
9734,7,6184900.0
9735,1,565900.0
9736,7,2876500.0
9738,5,2421900.0
9740,7,3633400.0
9744,2,1223200.0
9745,1,159700.0
9746,3,1026500.0
9747,2,847400.0
9748,5,3407400.0
9749,5,3158400.0
9776,1,1995400.0
9777,34,22370200.0
9778,35,17817500.0
9779,43,28179500.0
9780,21,28909800.0
9781,15,328064800.0
9782,94,551708800.0
9783,575,818510000.0
9784,265,337282000.0
9785,21,11422300.0
9786,13,10085300.0
9787,12,202035300.0
9788,250,974483200.0
9789,718,909767500.0
9790,480,717256800.0
9791,831,1054653300.0
9792,1027,1016761300.0
9793,598,747894200.0
9794,793,1026444600.0
9795,441,448811600.0
9796,498,601924500.0
9797,383,569493900.0
9798,218,229953000.0
9799,11,6893700.0
9802,39,31957100.0
9803,235,180312600.0
9804,75,64773000.0
9805,32,30021500.0
9806,249,274147500.0
9807,114,120156200.0
9808,3,1559400.0
9809,12,7340600.0
9812,2,1352800.0
9815,11,7802300.0
9816,6,3254200.0
9817,1,432000.0
9826,38,32913000.0
9827,62,73668000.0
9828,15,18173500.0
9829,12,11014300.0
9830,8,5553500.0
9834,10,7140200.0
9835,6,3583400.0
9849,1,1628300.0
9850,9,6393100.0
9851,16,10238200.0
9852,21,15236800.0
9853,3,1694400.0
9854,5,2522400.0
9855,4,3905800.0
9856,1,424100.0
9857,1,433600.0
9858,12,17512900.0
9859,15,18779800.0
9860,8,4044300.0
9861,1,1448600.0
9862,6,6819100.0
9864,1,393200.0
9865,3,1325500.0
9868,25,12782000.0
9869,2,1429000.0
9870,2,965600.0
9871,1,518400.0
9874,10,4680800.0
9875,2,1050800.0
9876,2,718500.0
9877,2,921800.0
9903,2,8763200.0
9904,1,562400.0
9908,16,26091700.0
9909,233,262305500.0
9910,41,37387100.0
9911,78,145288400.0
9912,102,124142500.0
9913,454,700334100.0
9914,318,334623400.0
9915,72,158752700.0
9916,47,156335900.0
9917,14,317456700.0
9918,119,184838600.0
9919,538,849232100.0
9920,381,572417600.0
9921,429,627464400.0
9922,420,765469800.0
9923,543,936201000.0
9924,607,1013334300.0
9925,279,463602600.0
9926,339,487160700.0
9927,465,512926800.0
9928,12,14329300.0
9929,55,38385700.0
9930,9,7005300.0
9932,1,1676500.0
9933,46,42929000.0
9934,75,74872000.0
9935,37,28207800.0
9936,16,13136100.0
9937,1,429500.0
9938,11,4389400.0
9939,13,6487300.0
9940,3,910200.0
9941,2,1357700.0
9942,9,7311400.0
9943,12,9803300.0
9952,6,3714100.0
9953,3,1801700.0
9954,11,11320200.0
9955,128,122933100.0
9956,129,106794500.0
9957,30,24645400.0
9958,138,119943600.0
9959,79,91179000.0
9960,71,97974900.0
9961,1,1474300.0
9962,17,12380600.0
9963,3,2127600.0
9964,39,20372800.0
9979,10,6889500.0
9980,33,25317900.0
9981,2,1021600.0
9982,8,6744200.0
9983,1,1370300.0
9985,1,172300.0
9986,2,1536800.0
9987,1,322400.0
9988,5,2937400.0
9989,3,1419200.0
9990,18,26321500.0
9991,65,85409500.0
9992,10,7742600.0
9994,2,1002300.0
9996,3,3792100.0
9997,3,5346200.0
9998,2,1376100.0
9999,6,3107400.0
10000,12,5069600.0
10001,14,7233200.0
10002,8,9344300.0
10003,9,5581900.0
10004,5,1883500.0
10005,3,1651200.0
10009,2,1071900.0
10034,12,9895400.0
10035,3,1286000.0
10036,4,1976900.0
10037,6,3251500.0
10038,86,91353100.0
10039,144,174958300.0
10040,80,88522800.0
10041,332,573013100.0
10042,277,416739200.0
10043,429,571407400.0
10044,143,146929800.0
10045,10,5358300.0
10046,4,1446800.0
10049,279,550832200.0
10050,320,379012600.0
10051,28,53196400.0
10052,644,924036000.0
10053,586,903772900.0
10054,158,292122200.0
10056,8,4028400.0
10057,22,12380400.0
10058,4,19179200.0
10059,29,39689700.0
10060,13,12180900.0
10062,1,2016900.0
10063,5,2312600.0
10064,8,17799300.0
10066,30,24324400.0
10067,2,9684700.0
10068,49,64366600.0
10069,8,5486000.0
10070,11,14490800.0
10071,52,54877600.0
10072,28,44234900.0
10073,6,4115800.0
10077,2,1705200.0
10078,2,2994800.0
10080,1,305800.0
10081,1,715100.0
10082,6,3008900.0
10083,5,2517100.0
10084,17,24371000.0
10085,150,149542800.0
10086,110,117231800.0
10087,75,81533100.0
10088,78,96607500.0
10089,121,116319800.0
10090,64,84514400.0
10091,5,4011600.0
10092,48,38156500.0
10093,16,8101900.0
10094,35,23167800.0
10095,4,3048500.0
10096,20,10930700.0
10097,12,6644300.0
10098,1,238100.0
10103,6,2132000.0
10112,10,7395200.0
10113,6,3626900.0
10114,54,46268900.0
10115,9,7725600.0
10119,6,5945900.0
10121,71,93032000.0
10122,29,32123500.0
10123,16,10089000.0
10124,1,991400.0
10126,1,198600.0
10127,1,497200.0
10129,12,7139000.0
10130,8,3727300.0
10131,3,1404900.0
10132,3,1840800.0
10134,1,197400.0
10167,2,569700.0
10168,31,33281100.0
10169,7,9067700.0
10170,36,57260100.0
10171,16,10186300.0
10172,297,320534600.0
10173,383,377510800.0
10174,26,54218500.0
10175,14,10133500.0
10177,5,3578500.0
10179,3,7726400.0
10180,7,4172100.0
10181,38,31110800.0
10182,24,45457600.0
10183,14,24438700.0
10184,14,21457400.0
10185,8,3737100.0
10188,8,5401100.0
10189,87,75557900.0
10190,16,12316400.0
10196,2,1284400.0
10197,24,23718600.0
10198,57,56978800.0
10199,54,45795400.0
10201,31,28614100.0
10202,94,78008400.0
10203,21,19457000.0
10204,15,14654000.0
10205,34,40232400.0
10206,16,13197800.0
10207,30,36433800.0
10208,8,6702300.0
10209,8,7344700.0
10210,40,28250900.0
10211,25,15545100.0
10212,37,42645600.0
10213,20,19458100.0
10214,43,36354400.0
10215,120,115924600.0
10216,105,113413000.0
10217,40,27499200.0
10218,164,131870100.0
10219,84,114763000.0
10220,84,71440200.0
10221,38,57347000.0
10222,15,9199400.0
10223,39,23752300.0
10224,42,30932000.0
10225,24,14732900.0
10226,34,19466800.0
10227,3,4184300.0
10233,1,518600.0
10237,1,1006000.0
10239,6,4917300.0
10241,17,12600700.0
10242,16,12577300.0
10243,9,7279400.0
10244,17,19882100.0
10245,46,53243500.0
10246,125,100008800.0
10247,12,9874400.0
10248,11,7171300.0
10249,15,10590200.0
10251,3,1884000.0
10252,63,42661000.0
10253,44,31193200.0
10259,1,530800.0
10261,3,1373500.0
10262,10,5380200.0
10263,6,3446900.0
10265,4,8129100.0
10269,3,2456200.0
10300,19,109975000.0
10301,6,8873000.0
10302,96,96433300.0
10303,571,602332500.0
10304,306,391024800.0
10305,12,125191200.0
10306,11,4723200.0
10307,1,191700.0
10311,35,38227600.0
10312,26,16112100.0
10315,3,1595800.0
10316,1,1014300.0
10319,11,18284900.0
10320,23,20105100.0
10327,1,610200.0
10329,11,10998100.0
10330,10,6443800.0
10331,62,53932700.0
10332,156,159951700.0
10333,186,158189800.0
10334,143,132133200.0
10335,80,78249600.0
10336,37,38477500.0
10337,16,18529400.0
10338,33,30980900.0
10339,26,21532100.0
10340,57,42607900.0
10341,8,6381800.0
10342,9,6102200.0
10343,36,32450100.0
10344,42,87255000.0
10345,62,54990200.0
10346,51,99536700.0
10347,17,9134600.0
10348,52,44763500.0
10349,153,187374000.0
10350,88,98210400.0
10351,58,50120200.0
10352,22,16475600.0
10353,26,20441000.0
10354,5,2646600.0
10356,5,3717900.0
10357,3,1537000.0
10362,1,501400.0
10369,3,2255100.0
10370,18,12021000.0
10371,34,18423400.0
10372,20,12734800.0
10373,2,2145800.0
10374,2,1798400.0
10375,22,16685200.0
10376,162,107469500.0
10377,8,5475300.0
10381,8,5278900.0
10382,41,26135700.0
10383,31,24231800.0
10384,4,1394200.0
10385,1,451800.0
10386,11,6370100.0
10387,1,972900.0
10388,1,292200.0
10389,6,3022800.0
10395,2,1995600.0
10397,1,571700.0
10398,4,6325400.0
10399,5,4548000.0
10429,2,1186900.0
10432,272,324262900.0
10433,382,564367800.0
10434,125,177068100.0
10435,4,2184300.0
10441,22,28190800.0
10442,20,19703300.0
10450,9,10434100.0
10458,13,6204900.0
10459,69,42127900.0
10460,2,836000.0
10462,22,20699400.0
10463,106,93294000.0
10464,49,52542300.0
10465,6,7816600.0
10466,5,3987700.0
10470,28,31779900.0
10471,54,47921800.0
10472,31,30169500.0
10473,13,6969200.0
10474,89,69709200.0
10475,4,4504100.0
10476,99,133388900.0
10477,32,35641700.0
10478,57,43931800.0
10479,103,173778400.0
10480,115,172601000.0
10481,40,31587600.0
10482,26,15641700.0
10483,10,13356100.0
10484,10,7645300.0
10485,3,1973100.0
10486,3,4590700.0
10487,17,10153600.0
10490,8,6561600.0
10491,18,19580300.0
10492,9,3743900.0
10493,5,2237900.0
10498,7,11968500.0
10499,18,16588100.0
10500,2,3539500.0
10502,15,11658100.0
10503,23,17748100.0
10504,115,62889600.0
10505,184,115771200.0
10506,71,54592800.0
10507,1,716000.0
10512,2,1572100.0
10513,3,1900800.0
10514,5,2059500.0
10515,1,2851300.0
10516,3,5216200.0
10518,10,7780700.0
10520,2,2395700.0
10522,2,1536300.0
10523,8,6658900.0
10524,2,4112200.0
10528,3,9498700.0
10529,1,723600.0
10561,90,166546400.0
10562,99,188842300.0
10563,7,31393500.0
10564,3,1344400.0
10565,1,3139200.0
10566,7,6291400.0
10572,3,2758400.0
10585,4,4488500.0
10589,47,36896800.0
10590,76,62239000.0
10591,68,40874200.0
10592,57,42791300.0
10593,68,57707700.0
10594,71,73782600.0
10595,115,192492700.0
10596,81,74250300.0
10597,16,16985300.0
10598,31,31982900.0
10599,43,53321600.0
10600,39,29592100.0
10601,76,64663700.0
10602,52,47964300.0
10603,79,76713300.0
10604,91,63810600.0
10605,19,27102500.0
10606,36,30837200.0
10607,114,87163000.0
10608,24,17006800.0
10609,40,55872000.0
10610,41,24139400.0
10611,17,11231500.0
10612,2,1238100.0
10615,12,8584500.0
10616,26,20434000.0
10617,26,22515900.0
10618,3,1846700.0
10619,8,7671300.0
10620,1,249700.0
10621,7,7318000.0
10622,9,6159700.0
10623,17,13795800.0
10625,23,21166400.0
10626,74,52055900.0
10627,57,35327600.0
10628,6,8941400.0
10630,1,2011500.0
10632,1,321800.0
10633,13,19138900.0
10634,10,28168800.0
10635,3,735100.0
10637,1,735200.0
10642,4,2261000.0
10644,3,966600.0
10646,2,3258500.0
10647,1,11500800.0
10649,6,15201800.0
10653,1,1035000.0
10659,20,11425400.0
10694,3,1049500.0
10696,1,262500.0
10697,1,201100.0
10720,9,7168900.0
10721,39,35159600.0
10722,5,2230300.0
10723,17,10389600.0
10724,38,36099800.0
10725,90,71587700.0
10726,108,107483100.0
10727,97,84640500.0
10728,47,55656000.0
10729,44,46626700.0
10730,31,29007900.0
10731,39,36670800.0
10732,96,75348900.0
10733,68,59295100.0
10734,39,31122900.0
10735,3,3617600.0
10736,25,29441800.0
10737,33,30938700.0
10740,13,13101100.0
10741,7,7879700.0
10742,9,7076700.0
10746,32,14917800.0
10747,51,30866600.0
10748,1,480000.0
10750,15,16780500.0
10751,18,32666800.0
10752,11,10122500.0
10753,13,11783100.0
10755,52,41350700.0
10756,246,206503300.0
10757,196,165803900.0
10758,179,158341500.0
10759,76,66496000.0
10760,10,24965300.0
10762,31,18047600.0
10763,32,84908300.0
10764,2,1171100.0
10766,1,308800.0
10767,3,1423200.0
10768,1,651400.0
10772,3,1666700.0
10773,5,10772200.0
10774,3,3738700.0
10779,2,2786600.0
10780,1,1236900.0
10783,1,506200.0
10789,5,2057000.0
10820,1,2829800.0
10832,11,5423400.0
10833,10,20024500.0
10856,4,4428900.0
10857,15,13224700.0
10860,4,2126700.0
10861,2,1411400.0
10863,15,15964700.0
10864,15,11271100.0
10865,2,2215100.0
10866,4,1941600.0
10871,3,2190400.0
10872,15,16410500.0
10874,19,14913200.0
10875,48,23186300.0
10876,1,312800.0
10877,10,30564400.0
10878,24,20464500.0
10879,114,91220600.0
10880,221,205187300.0
10881,42,78487600.0
10882,160,138970900.0
10883,67,56544100.0
10884,1,1356000.0
10885,1,909300.0
10886,56,42795500.0
10887,152,97029700.0
10888,251,188617200.0
10889,356,277722400.0
10890,65,45538300.0
10891,8,3369600.0
10892,12,8052900.0
10893,25,20428500.0
10894,2,1688500.0
10896,1,11601200.0
10897,6,3111500.0
10898,1,237500.0
10902,30,18218000.0
10903,22,13369000.0
10904,2,1203500.0
10905,2,1542200.0
10910,7,8599400.0
10950,1,3335200.0
10954,1,676700.0
10972,5,1751000.0
10986,14,20376900.0
10987,8,7609700.0
10988,6,7561800.0
10989,5,2012000.0
10994,4,1321400.0
11000,8,10258000.0
11001,110,146992100.0
11002,137,224425300.0
11003,51,60832300.0
11004,115,134626400.0
11005,46,27022800.0
11006,28,29845000.0
11007,321,382027500.0
11008,803,1001854800.0
11009,419,571262400.0
11010,414,434493700.0
11011,283,353726900.0
11012,145,142138100.0
11013,140,161380100.0
11014,28,16409200.0
11015,7,9196100.0
11016,7,5012900.0
11017,51,27027300.0
11018,130,107820200.0
11019,181,127081100.0
11020,196,160793900.0
11021,235,175623100.0
11022,4,2344600.0
11023,33,21888300.0
11024,22,12606400.0
11026,2,927600.0
11032,19,12612300.0
11033,22,12818400.0
11034,1,853200.0
11035,3,1670500.0
11036,2,981500.0
11080,3,6974900.0
11096,6,2376400.0
11103,1,318100.0
11104,1,686500.0
11105,1,469800.0
11116,1,368000.0
11127,6,9107400.0
11128,121,159120600.0
11129,31,32317200.0
11130,9,7123400.0
11131,84,95232400.0
11132,25,31355400.0
11133,14,10275200.0
11134,132,176713900.0
11135,377,430001700.0
11136,599,694271300.0
11137,775,897318500.0
11138,1009,996072000.0
11139,886,1084725700.0
11140,484,479641500.0
11141,244,525153700.0
11142,987,1011284400.0
11143,469,513099200.0
11144,94,117215800.0
11148,53,38117000.0
11149,245,217942700.0
11150,309,260571200.0
11151,276,211459100.0
11152,52,39342400.0
11153,12,8002200.0
11154,2,4377700.0
11159,3,2081900.0
11162,10,5423900.0
11163,9,13802800.0
11164,2,2194000.0
11165,6,2624100.0
11166,13,6274500.0
11167,1,943300.0
11168,3,12258500.0
11171,2,2612500.0
11172,1,4153500.0
11174,1,2256500.0
11175,1,337600.0
11201,1,216700.0
11206,7,11540500.0
11207,2,1346300.0
11209,3,3019100.0
11210,3,1820500.0
11211,1,219300.0
11226,2,1167000.0
11227,2,1399500.0
11228,36,26799700.0
11229,2,1255700.0
11235,2,1212900.0
11236,7,2588200.0
11249,1,174900.0
11250,2,664400.0
11257,55,73068000.0
11258,825,812685800.0
11259,355,456972500.0
11260,3,6778900.0
11261,67,76221900.0
11262,92,98947900.0
11263,689,628624500.0
11264,256,485653000.0
11265,909,840039300.0
11266,1119,1061685000.0
11267,686,739465300.0
11268,677,598605100.0
11269,1012,947662300.0
11270,803,911573600.0
11271,1042,936621200.0
11272,998,1041399600.0
11273,827,999971100.0
11274,475,583160700.0
11275,179,524700600.0
11276,1,4696200.0
11278,9,5018500.0
11279,193,145205400.0
11280,171,169893300.0
11281,278,205756500.0
11282,253,196693400.0
11283,118,94241900.0
11284,4,3536500.0
11285,5,3649700.0
11286,5,9302300.0
11287,10,6957100.0
11288,2,786700.0
11289,2,1365400.0
11290,5,4572100.0
11292,8,8460200.0
11293,1,494700.0
11296,3,2673800.0
11298,4,5526300.0
11299,1,262700.0
11300,14,7969100.0
11301,1,520900.0
11302,2,7366500.0
11306,1,1428300.0
11307,25,38200800.0
11308,16,33953900.0
11336,96,78085400.0
11337,3,6236700.0
11366,3,1387400.0
11367,3,1224700.0
11385,1,284200.0
11386,1,298500.0
11388,46,44368800.0
11389,1,981000.0
11390,5,5090100.0
11391,225,298586600.0
11392,461,519171400.0
11393,279,434664000.0
11394,452,762213000.0
11395,705,639560400.0
11396,603,637059800.0
11397,592,691727800.0
11398,690,749603000.0
11399,783,751638400.0
11400,689,648551600.0
11401,353,477784500.0
11402,646,715640300.0
11403,469,538722400.0
11404,618,565704800.0
11405,365,375891200.0
11406,3,3214100.0
11408,11,14822500.0
11409,201,148192800.0
11410,185,174770300.0
11411,193,144045500.0
11412,116,170867700.0
11413,43,31686700.0
11414,23,14741700.0
11416,9,5919500.0
11417,3,2393800.0
11418,1,402800.0
11419,8,5545100.0
11420,10,5832300.0
11421,6,9558000.0
11422,7,12861000.0
11423,10,5225000.0
11424,9,6808000.0
11425,1,1896800.0
11426,8,8540600.0
11428,3,2045300.0
11429,18,9318900.0
11430,1,422500.0
11432,2,1130000.0
11433,2,1074200.0
11434,1,222300.0
11464,1,1163500.0
11466,1,471800.0
11467,2,1385700.0
11468,3,2579100.0
11469,8,5825800.0
11470,12,80095700.0
11490,18,14808800.0
11496,2,1440600.0
11499,1,995900.0
11500,7,6151800.0
11501,14,6630800.0
11502,3,1247700.0
11504,24,13188100.0
11505,6,3080100.0
11506,3,3001500.0
11507,7,4750200.0
11508,10,5747600.0
11509,1,622400.0
11515,10,10867500.0
11516,1,293200.0
11517,44,58818700.0
11518,316,381381100.0
11519,482,638350000.0
11520,903,847650300.0
11521,312,637171500.0
11522,53,216498700.0
11523,918,860167000.0
11524,445,601227500.0
11525,370,367760100.0
11526,512,575266800.0
11527,285,412511000.0
11528,648,533878400.0
11529,674,591185400.0
11530,202,259784100.0
11538,27,12806700.0
11539,64,54030000.0
11540,129,109097100.0
11541,5,2505500.0
11542,4,1042300.0
11546,6,4971100.0
11547,1,509500.0
11548,5,3942300.0
11549,39,33091500.0
11550,156,124410700.0
11551,138,112520800.0
11552,49,43840800.0
11553,2,1070700.0
11554,4,2500500.0
11555,9,5744700.0
11556,13,6627800.0
11557,3,1993100.0
11558,1,433800.0
11559,7,5900200.0
11560,2,680200.0
11562,1,4477700.0
11563,3,1102700.0
11593,14,8058000.0
11620,11,35738100.0
11621,2,523500.0
11628,7,2353700.0
11629,1,314700.0
11636,6,4050000.0
11637,9,7323700.0
11638,28,20615400.0
11639,1,881400.0
11642,16,14653900.0
11643,7,4462300.0
11645,93,118106800.0
11646,43,55763400.0
11647,608,717429800.0
11648,705,1060473200.0
11649,794,966222900.0
11650,769,787246500.0
11651,178,504987900.0
11652,24,147300900.0
11653,171,156228100.0
11654,154,179345500.0
11655,15,27510900.0
11656,11,13042200.0
11657,5,1934200.0
11658,31,51781500.0
11660,1,7186800.0
11674,2,663400.0
11677,4,5483000.0
11681,170,144062900.0
11682,290,239660900.0
11683,102,86067700.0
11684,14,13818900.0
11685,17,10062100.0
11686,3,1400700.0
11687,4,3247100.0
11688,5,5441500.0
11689,1,3043600.0
11691,2,1829100.0
11692,1,1295200.0
11693,9,21517200.0
11694,3,1674900.0
11695,4,2028400.0
11722,5,6630900.0
11723,1,152900.0
11739,14,8424400.0
11740,6,3053500.0
11756,11,5086300.0
11762,15,8121900.0
11763,38,18207300.0
11764,8,8336600.0
11765,24,18380000.0
11766,47,36967500.0
11767,120,108286600.0
11768,7,12877800.0
11769,15,8063000.0
11770,10,8705100.0
11771,12,16248000.0
11772,14,13307300.0
11773,3,2426300.0
11775,13,19000000.0
11776,291,470737900.0
11777,604,869999600.0
11778,205,255101200.0
11779,287,332719900.0
11780,291,758250700.0
11781,153,420047400.0
11782,411,696422200.0
11783,73,95511400.0
11784,14,54504200.0
11785,10,20871800.0
11787,25,48842100.0
11788,2,69989300.0
11789,3,3643900.0
11804,1,2271000.0
11806,1,1331300.0
11807,1,714700.0
11809,1,605300.0
11811,49,45556600.0
11812,80,72732600.0
11813,140,121971300.0
11814,143,124300700.0
11815,7,4922100.0
11816,2,2599500.0
11817,3,6413800.0
11818,1,1940500.0
11819,6,4420400.0
11821,2,1652200.0
11822,4,2189700.0
11823,4,5679000.0
11825,1,738800.0
11852,1,290400.0
11853,1,1096500.0
11881,4,4543300.0
11882,35,26337700.0
11883,18,13348200.0
11884,122,92081500.0
11885,157,114605200.0
11886,111,68755900.0
11893,31,18766100.0
11894,68,59977900.0
11895,100,99693600.0
11896,148,132249100.0
11897,203,139914000.0
11898,23,29520100.0
11899,32,27633700.0
11900,17,18501900.0
11902,39,79290000.0
11903,255,232988500.0
11904,349,499784100.0
11905,674,1034437700.0
11906,769,1219220700.0
11907,672,928215300.0
11908,147,194322000.0
11909,173,174797600.0
11910,178,143580500.0
11911,41,257255900.0
11912,86,346868400.0
11913,232,215533300.0
11914,72,1904568000.0
11915,12,22978400.0
11916,12,50589300.0
11917,6,4508800.0
11918,15,640162500.0
11937,13,8759400.0
11939,5,95799600.0
11940,56,49624800.0
11941,190,156538200.0
11942,267,205357700.0
11943,269,242960100.0
11944,361,285159200.0
11945,25,26838600.0
11946,1,3627000.0
11948,7,2932400.0
11949,1,490400.0
11950,1,646000.0
11952,7,6010400.0
11953,2,1491000.0
11954,1,273000.0
11957,3,1257600.0
11958,3,3195100.0
11959,1,404000.0
12014,83,56028200.0
12015,84,60735900.0
12016,2,799400.0
12022,14,17679100.0
12023,10,10564000.0
12024,14,18549400.0
12025,37,35001000.0
12026,71,69326400.0
12027,53,45272300.0
12031,4,29166400.0
12032,235,350834900.0
12033,683,914751600.0
12034,644,823586200.0
12035,333,484901500.0
12036,266,386864300.0
12037,268,398074900.0
12038,188,191485700.0
12039,193,174046300.0
12040,201,161439900.0
12041,10,5339500.0
12044,2,3618900.0
12045,5,159187200.0
12046,18,87791600.0
12047,1,256100.0
12048,4,11515400.0
12062,1,565900.0
12063,3,9176200.0
12066,1,501500.0
12067,1,1995100.0
12069,22,18763600.0
12070,116,93703300.0
12071,220,181635600.0
12072,269,210588000.0
12073,252,204528300.0
12074,295,243584500.0
12075,2,1144600.0
12079,5,3836100.0
12082,4,8574100.0
12087,1,697900.0
12110,1,341900.0
12145,3,1168700.0
12146,2,1065400.0
12148,2,948100.0
12149,5,4356800.0
12150,12,8145200.0
12151,5,2200400.0
12152,7,4479300.0
12153,8,11526600.0
12155,5,5448000.0
12159,3,36503200.0
12160,113,196174400.0
12161,198,419300600.0
12162,357,567280900.0
12163,442,597917900.0
12164,525,495944600.0
12165,260,433308200.0
12166,143,213888400.0
12167,124,124102200.0
12168,226,188403500.0
12169,118,90013700.0
12170,30,81090000.0
12171,36,88596000.0
12173,3,31881000.0
12176,32,73090800.0
12177,27,253380300.0
12178,21,351818100.0
12179,12,63294100.0
12180,2,1468600.0
12190,1,796000.0
12191,7,5747300.0
12192,1,529500.0
12198,1,754300.0
12199,42,34930700.0
12200,181,145299000.0
12201,109,92708100.0
12202,33,30269000.0
12203,52,43774000.0
12204,35,27004600.0
12205,1,441600.0
12206,3,3513800.0
12212,2,1570700.0
12266,20,20211800.0
12268,1,442100.0
12278,39,24102900.0
12279,8,7550200.0
12280,1,940700.0
12289,152,271501600.0
12290,463,702654700.0
12291,383,646109500.0
12292,650,663562500.0
12293,647,510208400.0
12294,559,517309100.0
12295,183,353926500.0
12296,57,119162700.0
12297,198,324205700.0
12298,205,250943200.0
12299,138,131759500.0
12300,71,167655700.0
12301,72,250397100.0
12302,4,204060900.0
12303,56,102988100.0
12304,28,107230600.0
12306,2,1448600.0
12307,15,76614300.0
12308,38,340703500.0
12309,11,156700500.0
12310,4,3442000.0
12311,9,10254100.0
12320,1,400300.0
12321,1,543200.0
12329,1,478500.0
12330,13,10311000.0
12331,34,28973400.0
12333,8,15513100.0
12335,2,1654200.0
12336,1,819200.0
12340,1,738100.0
12343,1,8467500.0
12344,5,3639500.0
12345,1,278200.0
12347,1,161400.0
12348,1,712200.0
12370,1,712200.0
12397,2,1061900.0
12398,22,29446200.0
12405,16,14071000.0
12406,87,67493700.0
12407,142,126130800.0
12408,106,75970600.0
12409,10,6742100.0
12410,14,7391300.0
12411,6,5715300.0
12419,108,164950100.0
12420,434,590176800.0
12421,590,815143400.0
12422,488,646420800.0
12423,754,642149200.0
12424,598,489451200.0
12425,641,636328900.0
12426,208,218753200.0
12427,485,385495500.0
12428,208,223440300.0
12429,200,186273100.0
12430,118,140065400.0
12431,102,448917500.0
12432,74,128830100.0
12433,189,195538300.0
12434,129,157512400.0
12439,2,562500.0
12441,1,5141300.0
12445,1,893200.0
12450,1,533300.0
12460,1,170700.0
12461,4,1936600.0
12465,2,2393800.0
12470,3,15159500.0
12472,1,257200.0
12474,1,1787000.0
12499,4,9387500.0
12530,15,10030100.0
12532,12,11735600.0
12533,6,3267200.0
12535,65,54179500.0
12536,221,162780500.0
12537,125,90370500.0
12538,1,1942600.0
12539,56,47634500.0
12543,4,3555500.0
12544,1,358100.0
12547,8,6630500.0
12548,23,20400900.0
12550,4,2062300.0
12551,38,42540500.0
12552,327,478297600.0
12553,112,82142500.0
12554,381,364520400.0
12555,263,275688900.0
12556,622,537381400.0
12557,799,1035496400.0
12558,652,668570600.0
12559,820,935235800.0
12560,267,772829700.0
12561,191,319216300.0
12562,50,113172100.0
12563,95,536103800.0
12564,391,366271000.0
12565,273,355714000.0
12566,63,84194100.0
12567,3,2839400.0
12568,370,420225500.0
12569,122,130056500.0
12570,22,12347300.0
12571,3,5488400.0
12572,28,22560000.0
12573,1,276800.0
12576,1,463900.0
12583,1,854400.0
12584,3,3790300.0
12588,2,6547300.0
12589,8,6094100.0
12591,7,4646400.0
12593,38,26606200.0
12609,3,2585400.0
12627,5,1865500.0
12628,1,254000.0
12660,108,63658500.0
12661,165,85643800.0
12662,46,60805500.0
12663,25,18610800.0
12664,5,3500000.0
12666,2,1646800.0
12668,2,1648100.0
12669,1,412200.0
12671,3,5473500.0
12673,7,3802200.0
12674,9,6229700.0
12675,3,1564600.0
12677,2,952200.0
12680,1,1091800.0
12681,253,324247500.0
12682,593,809377900.0
12683,43,29273900.0
12684,467,680760800.0
12685,436,451991200.0
12686,487,617242200.0
12687,475,903862400.0
12688,603,710633800.0
12689,494,785546400.0
12690,361,700656600.0
12691,616,1008891600.0
12692,273,391982200.0
12693,494,726603800.0
12694,723,854427400.0
12695,927,1029584100.0
12696,801,878526200.0
12697,626,598817800.0
12698,654,759181500.0
12699,222,238274400.0
12700,14,15143700.0
12701,3,3356400.0
12702,6,10143100.0
12703,2,1051300.0
12704,3,2559400.0
12705,6,31645100.0
12706,3,1680100.0
12708,8,3716300.0
12712,3,2299900.0
12713,1,970800.0
12717,4,2166800.0
12718,5,3683200.0
12719,9,8599900.0
12720,1,2849400.0
12722,4,4952100.0
12723,14,12182200.0
12728,2,1541300.0
12729,5,3565400.0
12730,5,2014100.0
12736,3,9558200.0
12737,1,372400.0
12757,5,6377900.0
12778,1,426700.0
12787,2,705800.0
12788,11,11371200.0
12789,44,55711800.0
12790,41,41795100.0
12791,5,7559100.0
12792,4,3624900.0
12793,1,1008400.0
12796,3,1505200.0
12797,10,7180700.0
12802,1,828600.0
12803,2,1183800.0
12804,2,1426600.0
12805,7,4410500.0
12806,6,6348100.0
12807,2,1627400.0
12808,7,5543900.0
12809,11,8973300.0
12810,3,2312500.0
12811,461,505822700.0
12812,406,418371300.0
12813,178,165647100.0
12814,695,1040674500.0
12815,641,908071200.0
12816,595,737620600.0
12817,753,990562000.0
12818,818,877353400.0
12819,223,590502800.0
12820,387,1022625100.0
12821,892,841832600.0
12822,600,591776000.0
12823,1073,880583400.0
12824,706,771645100.0
12825,937,976898700.0
12826,736,814567400.0
12827,413,412212700.0
12828,413,546143200.0
12829,262,278171700.0
12830,9,10368600.0
12834,1,602500.0
12838,38,20048000.0
12840,6,4211900.0
12846,8,7171400.0
12847,2,876900.0
12848,2,9782800.0
12849,5,2741000.0
12852,19,13616600.0
12853,1,340400.0
12858,19,11207800.0
12859,31,20106700.0
12860,10,8497000.0
12862,1,2333000.0
12865,2,1028200.0
12867,3,1800400.0
12868,10,7291700.0
12915,6,5527200.0
12916,11,5753100.0
12917,7,2598800.0
12919,1,259700.0
12926,1,1768200.0
12929,1,3106600.0
12931,4,3522500.0
12933,2,816200.0
12934,2,846000.0
12935,1,458600.0
12936,13,8632300.0
12937,6,6059200.0
12938,4,3100800.0
12939,3,1611900.0
12940,12,9521900.0
12941,101,98736800.0
12942,47,210205500.0
12943,68,221611800.0
12944,9,8499200.0
12945,5,8372100.0
12946,228,334058300.0
12947,673,907489200.0
12948,377,714515300.0
12949,573,744495600.0
12950,852,837505800.0
12951,731,808681100.0
12952,627,598017800.0
12953,910,787193600.0
12954,854,775230800.0
12955,1013,1065186500.0
12956,533,759449400.0
12957,571,637483900.0
12958,253,288634100.0
12960,63,117718000.0
12961,30,19909500.0
12965,7,5007500.0
12968,67,37040700.0
12969,81,52125900.0
12970,1,606900.0
12971,9,5734700.0
12972,1,945700.0
12973,6,8332200.0
12975,5,4897700.0
12976,3,4464300.0
12978,2,3924700.0
12983,2,2142100.0
12984,3,4687800.0
12985,3,19131100.0
12986,2,644100.0
12988,11,6742700.0
12989,17,10696200.0
12990,2,1391000.0
12991,1,1208000.0
12992,3,5360900.0
12994,7,13322400.0
12995,7,7450700.0
12996,2,7069600.0
12998,7,15927700.0
12999,2,10492800.0
13013,1,551500.0
13014,7,1897100.0
13015,1,206900.0
13040,9,3588000.0
13046,1,246400.0
13048,2,868100.0
13049,2,497800.0
13051,4,1956600.0
13053,1,650300.0
13055,5,2120000.0
13058,3,2168100.0
13059,6,8167500.0
13060,5,4747000.0
13061,1,1207700.0
13063,14,9307200.0
13064,6,3995600.0
13066,30,19160400.0
13067,42,49338300.0
13068,7,6736100.0
13069,7,5492800.0
13070,18,19461400.0
13071,2,3311900.0
13072,72,183613900.0
13073,36,63971800.0
13074,18,14414300.0
13075,135,140754900.0
13076,12,13405200.0
13077,70,130803600.0
13078,34,122751400.0
13079,670,720757400.0
13080,1120,856359200.0
13081,911,831730200.0
13082,394,413663900.0
13083,442,558449900.0
13084,639,608032800.0
13085,885,689019000.0
13086,699,558541700.0
13087,807,606834000.0
13088,276,184710200.0
13089,494,530890500.0
13090,52,52575600.0
13091,9,8858500.0
13092,4,3299600.0
13093,1,1374100.0
13094,1,1029500.0
13095,11,4958000.0
13096,1,1256400.0
13097,3,887600.0
13099,1,714200.0
13105,1,434200.0
13113,3,6228500.0
13115,25,13370100.0
13117,1,2889700.0
13118,5,1839200.0
13119,6,3804000.0
13120,2,4120600.0
13125,1,1634700.0
13126,2,683600.0
13127,2,616200.0
13128,1,820700.0
13145,3,1110400.0
13167,5,10139800.0
13168,8,10371000.0
13169,3,1402900.0
13170,10,5434100.0
13172,4,2375600.0
13173,1,193700.0
13174,2,773500.0
13181,2,676600.0
13183,6,3162100.0
13184,2,732300.0
13188,1,859200.0
13189,1,2543600.0
13190,10,5628900.0
13195,5,2690800.0
13196,32,30947300.0
13197,11,12821600.0
13198,7,6658800.0
13199,8,4855600.0
13200,13,12512700.0
13201,1,727300.0
13202,10,4488900.0
13203,4,2723100.0
13204,11,7602300.0
13206,2,482900.0
13207,2,1476400.0
13208,15,143400100.0
13209,721,799842600.0
13210,807,852422300.0
13211,705,584336200.0
13212,38,109302500.0
13213,127,134254700.0
13214,227,164505700.0
13215,286,187703400.0
13216,168,166328100.0
13217,127,98030000.0
13218,279,199004200.0
13219,211,222321500.0
13220,1,312800.0
13221,12,7841500.0
13223,1,1180500.0
13224,17,7238500.0
13225,21,22767800.0
13226,5,6539700.0
13227,3,1956200.0
13228,2,1251900.0
13230,8,3485000.0
13232,2,666900.0
13233,11,18223800.0
13234,1,477300.0
13235,3,2415400.0
13236,6,5398600.0
13237,1,448100.0
13242,4,6269800.0
13245,32,17841800.0
13246,30,15450400.0
13247,3,2460900.0
13249,1,914900.0
13254,2,7856800.0
13255,9,3634700.0
13256,16,7494800.0
13257,19,17038700.0
13258,2,787500.0
13259,2,931200.0
13275,11,5802200.0
13276,6,3383700.0
13294,3,3616700.0
13295,9,4440900.0
13296,7,3430200.0
13297,2,8556500.0
13298,26,16802900.0
13299,30,24929600.0
13300,14,9070500.0
13301,7,2921300.0
13303,1,329200.0
13304,28,14774900.0
13305,22,17114700.0
13311,4,2748100.0
13314,1,873900.0
13316,3,2884600.0
13326,98,63530700.0
13327,2,1506100.0
13328,5,2962700.0
13330,8,8014500.0
13331,5,3030400.0
13332,1,762900.0
13333,5,2959500.0
13334,1,853800.0
13336,1,875601000.0
13337,3,165965100.0
13338,30,75175000.0
13341,12,195874700.0
13342,15,17018700.0
13343,39,28397600.0
13344,2,818800.0
13346,7,2920200.0
13347,1,710100.0
13348,10,7868000.0
13349,3,4847100.0
13350,1,455300.0
13352,2,1207500.0
13353,6,3516300.0
13354,4,1955200.0
13355,8,4057900.0
13356,3,6767300.0
13357,3,1303500.0
13358,1,423600.0
13360,18,14285400.0
13364,6,3565800.0
13365,15,14294800.0
13366,7,13325800.0
13367,35,23630400.0
13368,7,5266300.0
13373,6,2947000.0
13374,1,1806100.0
13375,2,1789200.0
13378,5,6090900.0
13379,1,1601200.0
13384,1,1390800.0
13387,1,1227400.0
13388,7,9570000.0
13405,9,8445100.0
13406,8,9007800.0
13421,1,446800.0
13422,2,4103000.0
13423,8,5644900.0
13424,4,2424400.0
13425,52,29375800.0
13426,17,16266600.0
13428,4,4861500.0
13429,10,5871900.0
13431,2,1082500.0
13432,10,4695500.0
13434,2,1909800.0
13435,13,11049100.0
13436,7,5514500.0
13438,4,3039300.0
13440,10,4573900.0
13442,4,2995400.0
13443,13,10518800.0
13453,7,5088500.0
13455,3,2779200.0
13456,34,21653500.0
13457,7,4729400.0
13458,3,3586000.0
13459,18,17503300.0
13460,11,9869600.0
13461,3,2055000.0
13462,4,4865500.0
13464,7,68558300.0
13465,1,57808600.0
13471,4,2572900.0
13472,70,33418100.0
13473,12,5562200.0
13474,18,8656900.0
13476,1,618100.0
13478,3,1930500.0
13481,6,5624600.0
13482,7,4002100.0
13483,4,2649500.0
13484,4,3361200.0
13485,8,5638700.0
13490,1,1200800.0
13494,3,1022600.0
13495,2,7213600.0
13497,11,8829600.0
13498,2,1196100.0
13499,5,4339400.0
13500,11,6200400.0
13501,1,1297000.0
13502,1,1097100.0
13503,18,11322600.0
13504,5,2860400.0
13505,2,7172600.0
13506,6,3014100.0
13507,6,7383900.0
13508,16,9774900.0
13509,1,2100000.0
13513,4,5055800.0
13514,16,17273100.0
13515,1,1559500.0
13516,2,810700.0
13533,1,825800.0
13536,1,756900.0
13543,1,156700.0
13544,3,1670900.0
13545,4,2196600.0
13547,8,5394700.0
13548,5,5357100.0
13549,3,1023700.0
13552,3,1063200.0
13555,14,11470600.0
13556,7,3664300.0
13561,6,2834000.0
13562,2,805400.0
13563,9,4471400.0
13564,3,1384500.0
13565,3,1686100.0
13566,1,686700.0
13570,25,15786400.0
13571,7,6374100.0
13572,3,1642300.0
13584,1,434500.0
13586,151,107016900.0
13587,32,21023400.0
13588,40,28327100.0
13589,5,4742900.0
13590,2,1331600.0
13591,4,1545500.0
13595,15,7357800.0
13596,12,5714500.0
13597,5,6095500.0
13598,3,1876000.0
13601,8,2551800.0
13602,30,16461400.0
13603,9,4090900.0
13604,1,176100.0
13607,1,1033100.0
13608,2,1180700.0
13610,2,803800.0
13611,9,5737000.0
13612,3,1059000.0
13613,8,4088800.0
13614,2,1412900.0
13616,9,5571500.0
13618,2,2338200.0
13619,2,977400.0
13620,21,26298000.0
13624,1,576500.0
13625,6,5204300.0
13628,5,4015900.0
13629,4,2234100.0
13636,9,7033500.0
13637,11,21122200.0
13638,13,16056500.0
13644,8,11454500.0
13645,1,806300.0
13665,4,1971600.0
13666,8,4912600.0
13667,2,1015800.0
13670,2,654400.0
13673,1,1422200.0
13674,4,3786800.0
13675,5,2327200.0
13685,16,9401800.0
13687,4,2741300.0
13691,7,6913800.0
13692,3,3137400.0
13693,21,10544800.0
13699,25,16269200.0
13700,14,13325000.0
13701,5,4211800.0
13713,2,3393400.0
13716,122,78625200.0
13717,163,122391700.0
13718,121,102336300.0
13719,8,7734900.0
13720,1,1332200.0
13723,1,1569000.0
13725,1,783600.0
13728,1,185500.0
13729,52,41027000.0
13733,4,1664900.0
13737,7,4107700.0
13738,9,5548400.0
13741,1,1010600.0
13743,1,901700.0
13744,2,928200.0
13745,9,4638100.0
13750,8,4005900.0
13751,5,2314700.0
13756,2,958800.0
13765,1,12296700.0
13766,3,2100300.0
13767,1,315300.0
13768,2,5449400.0
13769,4,3343200.0
13773,1,352000.0
13795,1,618100.0
13796,2,1056700.0
13799,3,3642000.0
13801,8,7709400.0
13802,11,13348000.0
13803,6,6069000.0
13809,1,1196600.0
13815,15,9922500.0
13816,18,10996200.0
13817,3,1472200.0
13818,2,925300.0
13819,3,3604700.0
13820,2,5093600.0
13821,16,17234000.0
13822,16,15535000.0
13823,1,819100.0
13824,1,691600.0
13825,5,14044300.0
13826,4,4470300.0
13829,4,3273500.0
13837,1,222500.0
13838,8,5323700.0
13840,2,1382400.0
13842,3,1785500.0
13846,28,16800300.0
13847,110,109709000.0
13848,109,105721000.0
13849,5,4374400.0
13850,10,6037900.0
13855,2,2363000.0
13858,2,728600.0
13859,108,82267700.0
13860,2,912600.0
13861,4,2016000.0
13863,1,540800.0
13865,5,3571200.0
13870,3,2032900.0
13873,7,2893600.0
13874,8,3843100.0
13875,3,2446400.0
13879,23,10540300.0
13880,10,5635700.0
13881,1,494900.0
13883,3,2569500.0
13921,1,1143300.0
13927,4,2829100.0
13928,2,1941200.0
13945,12,18046800.0
13946,11,5745200.0
13947,34,28499200.0
13948,13,8123800.0
13949,5,3375500.0
13950,5,4972900.0
13951,6,2847900.0
13952,15,9000200.0
13954,1,468400.0
13955,8,5296500.0
13956,3,1668800.0
13959,2,1759800.0
13960,7,3893700.0
13969,2,1373100.0
13970,4,2962000.0
13973,2,1311300.0
13974,2,1414600.0
13976,1,1248500.0
13977,97,95009800.0
13978,63,82292900.0
13980,5,2415900.0
13981,2,2890100.0
13983,2,937200.0
13984,1,1331100.0
13985,1,181400.0
14003,2,1744100.0
14009,1,231400.0
14010,8,6406300.0
14013,1,450600.0
14014,19,9509900.0
14016,4,2264100.0
14054,4,3452900.0
14055,4,2784900.0
14069,1,1170900.0
14070,6,7099100.0
14071,15,11154400.0
14072,73,43825000.0
14073,43,23306300.0
14075,7,5403100.0
14076,6,4148000.0
14077,41,27745700.0
14078,59,38570400.0
14079,1,1698200.0
14080,1,1048600.0
14081,25,38579400.0
14082,10,5127700.0
14084,1,805800.0
14088,3,870400.0
14090,1,414100.0
14092,3,2033900.0
14100,7,5812100.0
14103,2,1501100.0
14104,2,1249600.0
14106,6,2629700.0
14107,83,96434400.0
14108,48,63581700.0
14110,4,2028000.0
14111,1,601200.0
14112,2,1728700.0
14113,6,2280600.0
14116,3,2817000.0
14119,19,18985500.0
14120,2,717000.0
14178,2,885400.0
14179,1,1477100.0
14180,47,42051500.0
14181,1,917400.0
14183,1,1578700.0
14203,2,1804500.0
14207,79,50923800.0
14208,72,46775400.0
14209,6,8558000.0
14210,2,679500.0
14211,7,7260600.0
14212,15,10365800.0
14215,1,1352900.0
14216,1,874000.0
14217,1,364400.0
14218,3,2032300.0
14219,5,2603700.0
14220,4,1706900.0
14221,2,810000.0
14225,2,2922400.0
14226,1,2236700.0
14227,1,1688000.0
14237,14,15983500.0
14238,15,20007800.0
14240,1,652200.0
14241,3,2859500.0
14242,2,746700.0
14243,3,2215800.0
14244,1,853200.0
14245,6,5302300.0
14246,2,1113300.0
14251,5,2626700.0
14307,1,886100.0
14308,1,296000.0
14314,2,443000.0
14333,8,4045200.0
14337,37,24650100.0
14338,17,13382600.0
14340,2,831000.0
14341,1,445000.0
14342,7,7635900.0
14347,2,1773900.0
14348,1,5443500.0
14350,5,2595000.0
14351,5,5480200.0
14357,3,6881300.0
14359,3,46166900.0
14363,2,1467500.0
14364,2,1237600.0
14365,4,2299100.0
14366,1,704300.0
14368,2,1947700.0
14369,6,8908600.0
14370,20,22111500.0
14371,1,462300.0
14372,3,2321700.0
14373,7,9075100.0
14374,9,6134700.0
14377,2,1306900.0
14404,2,993600.0
14436,2,1183500.0
14437,6,14845600.0
14453,3,5704400.0
14454,5,13322800.0
14455,2,871600.0
14456,1,1083600.0
14457,1,4084400.0
14463,5,5950900.0
14464,1,426400.0
14478,4,1757100.0
14482,3,3394700.0
14483,5,5536200.0
14493,6,1783500.0
14495,1,1645100.0
14496,4,6581100.0
14497,5,3608300.0
14498,13,11491100.0
14499,41,62382800.0
14500,52,60745600.0
14501,3,4734300.0
14502,3,1655700.0
14504,7,3918200.0
14505,4,1757800.0
14506,5,1716900.0
14510,3,1758000.0
