bin_index,bin_from,bin_to,interpolation,interval_type,sa03_g,sa10_g,duration
1,0.002,0.00229631,0.00214304,1202,0.0053303,0.00214304,short
2,0.00229631,0.00263651,0.00246054,1202,0.0053303,0.00246054,short
3,0.00263651,0.00302712,0.00282508,1202,0.0053303,0.00282508,short
4,0.00302712,0.0034756,0.00324362,1202,0.0053303,0.00324362,short
5,0.0034756,0.00399052,0.00372417,1202,0.0053303,0.00372417,short
6,0.00399052,0.00458174,0.00427592,1202,0.0053303,0.00427592,short
7,0.00458174,0.00526054,0.00490942,1202,0.0053303,0.00490942,short
8,0.00526054,0.0060399,0.00563677,1202,0.0053303,0.00563677,short
9,0.0060399,0.00693474,0.00647187,1202,0.0053303,0.00647187,short
10,0.00693474,0.00796214,0.0074307,1202,0.0053303,0.0074307,short
11,0.00796214,0.00914176,0.00853159,1202,0.0053303,0.00853159,short
12,0.00914176,0.0104961,0.00979558,1202,0.0053303,0.00979558,short
13,0.0104961,0.0120512,0.0112468,1202,0.0053303,0.0112468,short
14,0.0120512,0.0138366,0.0129131,1202,0.0053303,0.0129131,short
15,0.0138366,0.0158866,0.0148262,1202,0.0053303,0.0148262,short
16,0.0158866,0.0182402,0.0170228,1202,0.0053303,0.0170228,short
17,0.0182402,0.0209426,0.0195447,1202,0.0053303,0.0195447,short
18,0.0209426,0.0240453,0.0224404,1202,0.0053303,0.0224404,short
19,0.0240453,0.0276077,0.025765,1202,0.0053303,0.025765,short
20,0.0276077,0.0316979,0.0295822,1202,0.0053303,0.0295822,short
21,0.0316979,0.036394,0.0339649,1202,0.0053303,0.0339649,short
22,0.036394,0.0417859,0.0389969,1202,0.0053303,0.0389969,short
23,0.0417859,0.0479767,0.0447744,1202,0.0053303,0.0447744,short
24,0.0479767,0.0550846,0.0514079,1202,0.0053303,0.0514079,short
25,0.0550846,0.0632456,0.0590242,1202,0.0053303,0.0590242,short
26,0.0632456,0.0726156,0.0677688,1202,0.0053303,0.0677688,short
27,0.0726156,0.0833739,0.077809,1202,0.0053303,0.077809,short
28,0.0833739,0.095726,0.0893367,1202,0.0053303,0.0893367,short
29,0.095726,0.109908,0.102572,1202,0.0053303,0.102572,short
30,0.109908,0.126191,0.117769,1202,0.0053303,0.117769,short
31,0.126191,0.144887,0.135217,1202,0.0053303,0.135217,short
32,0.144887,0.166353,0.155249,1202,0.0053303,0.155249,short
33,0.166353,0.190999,0.17825,1202,0.0053303,0.17825,short
34,0.190999,0.219296,0.204659,1202,0.0053303,0.204659,short
35,0.219296,0.251785,0.23498,1202,0.0053303,0.23498,short
36,0.251785,0.289088,0.269793,1202,0.0053303,0.269793,short
37,0.289088,0.331917,0.309763,1202,0.0053303,0.309763,short
38,0.331917,0.381092,0.355656,1202,0.0053303,0.355656,short
39,0.381092,0.437552,0.408348,1202,0.0053303,0.408348,short
40,0.437552,0.502377,0.468846,1202,0.0053303,0.468846,short
41,0.502377,0.576806,0.538307,1202,0.0053303,0.538307,short
42,0.576806,0.662262,0.618059,1202,0.0053303,0.618059,short
43,0.662262,0.760379,0.709627,1202,0.0053303,0.709627,short
44,0.760379,0.873032,0.814761,1202,0.0053303,0.814761,short
45,0.873032,1.00237,0.93547,1202,0.0053303,0.93547,short
46,1.00237,1.15088,1.07406,1202,0.0053303,1.07406,short
47,1.15088,1.32139,1.23319,1202,0.0053303,1.23319,short
48,1.32139,1.51716,1.41589,1202,0.0053303,1.41589,short
49,1.51716,1.74193,1.62566,1202,0.0053303,1.62566,short
50,1.74193,2,1.86651,1202,0.0053303,1.86651,short
51,0.002,0.00229631,0.00214304,1202,0.00605779,0.00214304,short
52,0.00229631,0.00263651,0.00246054,1202,0.00605779,0.00246054,short
53,0.00263651,0.00302712,0.00282508,1202,0.00605779,0.00282508,short
54,0.00302712,0.0034756,0.00324362,1202,0.00605779,0.00324362,short
55,0.0034756,0.00399052,0.00372417,1202,0.00605779,0.00372417,short
56,0.00399052,0.00458174,0.00427592,1202,0.00605779,0.00427592,short
57,0.00458174,0.00526054,0.00490942,1202,0.00605779,0.00490942,short
58,0.00526054,0.0060399,0.00563677,1202,0.00605779,0.00563677,short
59,0.0060399,0.00693474,0.00647187,1202,0.00605779,0.00647187,short
60,0.00693474,0.00796214,0.0074307,1202,0.00605779,0.0074307,short
61,0.00796214,0.00914176,0.00853159,1202,0.00605779,0.00853159,short
62,0.00914176,0.0104961,0.00979558,1202,0.00605779,0.00979558,short
63,0.0104961,0.0120512,0.0112468,1202,0.00605779,0.0112468,short
64,0.0120512,0.0138366,0.0129131,1202,0.00605779,0.0129131,short
65,0.0138366,0.0158866,0.0148262,1202,0.00605779,0.0148262,short
66,0.0158866,0.0182402,0.0170228,1202,0.00605779,0.0170228,short
67,0.0182402,0.0209426,0.0195447,1202,0.00605779,0.0195447,short
68,0.0209426,0.0240453,0.0224404,1202,0.00605779,0.0224404,short
69,0.0240453,0.0276077,0.025765,1202,0.00605779,0.025765,short
70,0.0276077,0.0316979,0.0295822,1202,0.00605779,0.0295822,short
71,0.0316979,0.036394,0.0339649,1202,0.00605779,0.0339649,short
72,0.036394,0.0417859,0.0389969,1202,0.00605779,0.0389969,short
73,0.0417859,0.0479767,0.0447744,1202,0.00605779,0.0447744,short
74,0.0479767,0.0550846,0.0514079,1202,0.00605779,0.0514079,short
75,0.0550846,0.0632456,0.0590242,1202,0.00605779,0.0590242,short
76,0.0632456,0.0726156,0.0677688,1202,0.00605779,0.0677688,short
77,0.0726156,0.0833739,0.077809,1202,0.00605779,0.077809,short
78,0.0833739,0.095726,0.0893367,1202,0.00605779,0.0893367,short
79,0.095726,0.109908,0.102572,1202,0.00605779,0.102572,short
80,0.109908,0.126191,0.117769,1202,0.00605779,0.117769,short
81,0.126191,0.144887,0.135217,1202,0.00605779,0.135217,short
82,0.144887,0.166353,0.155249,1202,0.00605779,0.155249,short
83,0.166353,0.190999,0.17825,1202,0.00605779,0.17825,short
84,0.190999,0.219296,0.204659,1202,0.00605779,0.204659,short
85,0.219296,0.251785,0.23498,1202,0.00605779,0.23498,short
86,0.251785,0.289088,0.269793,1202,0.00605779,0.269793,short
87,0.289088,0.331917,0.309763,1202,0.00605779,0.309763,short
88,0.331917,0.381092,0.355656,1202,0.00605779,0.355656,short
89,0.381092,0.437552,0.408348,1202,0.00605779,0.408348,short
90,0.437552,0.502377,0.468846,1202,0.00605779,0.468846,short
91,0.502377,0.576806,0.538307,1202,0.00605779,0.538307,short
92,0.576806,0.662262,0.618059,1202,0.00605779,0.618059,short
93,0.662262,0.760379,0.709627,1202,0.00605779,0.709627,short
94,0.760379,0.873032,0.814761,1202,0.00605779,0.814761,short
95,0.873032,1.00237,0.93547,1202,0.00605779,0.93547,short
96,1.00237,1.15088,1.07406,1202,0.00605779,1.07406,short
97,1.15088,1.32139,1.23319,1202,0.00605779,1.23319,short
98,1.32139,1.51716,1.41589,1202,0.00605779,1.41589,short
99,1.51716,1.74193,1.62566,1202,0.00605779,1.62566,short
100,1.74193,2,1.86651,1202,0.00605779,1.86651,short
101,0.002,0.00229631,0.00214304,1202,0.00688458,0.00214304,short
102,0.00229631,0.00263651,0.00246054,1202,0.00688458,0.00246054,short
103,0.00263651,0.00302712,0.00282508,1202,0.00688458,0.00282508,short
104,0.00302712,0.0034756,0.00324362,1202,0.00688458,0.00324362,short
105,0.0034756,0.00399052,0.00372417,1202,0.00688458,0.00372417,short
106,0.00399052,0.00458174,0.00427592,1202,0.00688458,0.00427592,short
107,0.00458174,0.00526054,0.00490942,1202,0.00688458,0.00490942,short
108,0.00526054,0.0060399,0.00563677,1202,0.00688458,0.00563677,short
109,0.0060399,0.00693474,0.00647187,1202,0.00688458,0.00647187,short
110,0.00693474,0.00796214,0.0074307,1202,0.00688458,0.0074307,short
111,0.00796214,0.00914176,0.00853159,1202,0.00688458,0.00853159,short
112,0.00914176,0.0104961,0.00979558,1202,0.00688458,0.00979558,short
113,0.0104961,0.0120512,0.0112468,1202,0.00688458,0.0112468,short
114,0.0120512,0.0138366,0.0129131,1202,0.00688458,0.0129131,short
115,0.0138366,0.0158866,0.0148262,1202,0.00688458,0.0148262,short
116,0.0158866,0.0182402,0.0170228,1202,0.00688458,0.0170228,short
117,0.0182402,0.0209426,0.0195447,1202,0.00688458,0.0195447,short
118,0.0209426,0.0240453,0.0224404,1202,0.00688458,0.0224404,short
119,0.0240453,0.0276077,0.025765,1202,0.00688458,0.025765,short
120,0.0276077,0.0316979,0.0295822,1202,0.00688458,0.0295822,short
121,0.0316979,0.036394,0.0339649,1202,0.00688458,0.0339649,short
122,0.036394,0.0417859,0.0389969,1202,0.00688458,0.0389969,short
123,0.0417859,0.0479767,0.0447744,1202,0.00688458,0.0447744,short
124,0.0479767,0.0550846,0.0514079,1202,0.00688458,0.0514079,short
125,0.0550846,0.0632456,0.0590242,1202,0.00688458,0.0590242,short
126,0.0632456,0.0726156,0.0677688,1202,0.00688458,0.0677688,short
127,0.0726156,0.0833739,0.077809,1202,0.00688458,0.077809,short
128,0.0833739,0.095726,0.0893367,1202,0.00688458,0.0893367,short
129,0.095726,0.109908,0.102572,1202,0.00688458,0.102572,short
130,0.109908,0.126191,0.117769,1202,0.00688458,0.117769,short
131,0.126191,0.144887,0.135217,1202,0.00688458,0.135217,short
132,0.144887,0.166353,0.155249,1202,0.00688458,0.155249,short
133,0.166353,0.190999,0.17825,1202,0.00688458,0.17825,short
134,0.190999,0.219296,0.204659,1202,0.00688458,0.204659,short
135,0.219296,0.251785,0.23498,1202,0.00688458,0.23498,short
136,0.251785,0.289088,0.269793,1202,0.00688458,0.269793,short
137,0.289088,0.331917,0.309763,1202,0.00688458,0.309763,short
138,0.331917,0.381092,0.355656,1202,0.00688458,0.355656,short
139,0.381092,0.437552,0.408348,1202,0.00688458,0.408348,short
140,0.437552,0.502377,0.468846,1202,0.00688458,0.468846,short
141,0.502377,0.576806,0.538307,1202,0.00688458,0.538307,short
142,0.576806,0.662262,0.618059,1202,0.00688458,0.618059,short
143,0.662262,0.760379,0.709627,1202,0.00688458,0.709627,short
144,0.760379,0.873032,0.814761,1202,0.00688458,0.814761,short
145,0.873032,1.00237,0.93547,1202,0.00688458,0.93547,short
146,1.00237,1.15088,1.07406,1202,0.00688458,1.07406,short
147,1.15088,1.32139,1.23319,1202,0.00688458,1.23319,short
148,1.32139,1.51716,1.41589,1202,0.00688458,1.41589,short
149,1.51716,1.74193,1.62566,1202,0.00688458,1.62566,short
150,1.74193,2,1.86651,1202,0.00688458,1.86651,short
151,0.002,0.00229631,0.00214304,1202,0.00782421,0.00214304,short
152,0.00229631,0.00263651,0.00246054,1202,0.00782421,0.00246054,short
153,0.00263651,0.00302712,0.00282508,1202,0.00782421,0.00282508,short
154,0.00302712,0.0034756,0.00324362,1202,0.00782421,0.00324362,short
155,0.0034756,0.00399052,0.00372417,1202,0.00782421,0.00372417,short
156,0.00399052,0.00458174,0.00427592,1202,0.00782421,0.00427592,short
157,0.00458174,0.00526054,0.00490942,1202,0.00782421,0.00490942,short
158,0.00526054,0.0060399,0.00563677,1202,0.00782421,0.00563677,short
159,0.0060399,0.00693474,0.00647187,1202,0.00782421,0.00647187,short
160,0.00693474,0.00796214,0.0074307,1202,0.00782421,0.0074307,short
161,0.00796214,0.00914176,0.00853159,1202,0.00782421,0.00853159,short
162,0.00914176,0.0104961,0.00979558,1202,0.00782421,0.00979558,short
163,0.0104961,0.0120512,0.0112468,1202,0.00782421,0.0112468,short
164,0.0120512,0.0138366,0.0129131,1202,0.00782421,0.0129131,short
165,0.0138366,0.0158866,0.0148262,1202,0.00782421,0.0148262,short
166,0.0158866,0.0182402,0.0170228,1202,0.00782421,0.0170228,short
167,0.0182402,0.0209426,0.0195447,1202,0.00782421,0.0195447,short
168,0.0209426,0.0240453,0.0224404,1202,0.00782421,0.0224404,short
169,0.0240453,0.0276077,0.025765,1202,0.00782421,0.025765,short
170,0.0276077,0.0316979,0.0295822,1202,0.00782421,0.0295822,short
171,0.0316979,0.036394,0.0339649,1202,0.00782421,0.0339649,short
172,0.036394,0.0417859,0.0389969,1202,0.00782421,0.0389969,short
173,0.0417859,0.0479767,0.0447744,1202,0.00782421,0.0447744,short
174,0.0479767,0.0550846,0.0514079,1202,0.00782421,0.0514079,short
175,0.0550846,0.0632456,0.0590242,1202,0.00782421,0.0590242,short
176,0.0632456,0.0726156,0.0677688,1202,0.00782421,0.0677688,short
177,0.0726156,0.0833739,0.077809,1202,0.00782421,0.077809,short
178,0.0833739,0.095726,0.0893367,1202,0.00782421,0.0893367,short
179,0.095726,0.109908,0.102572,1202,0.00782421,0.102572,short
180,0.109908,0.126191,0.117769,1202,0.00782421,0.117769,short
181,0.126191,0.144887,0.135217,1202,0.00782421,0.135217,short
182,0.144887,0.166353,0.155249,1202,0.00782421,0.155249,short
183,0.166353,0.190999,0.17825,1202,0.00782421,0.17825,short
184,0.190999,0.219296,0.204659,1202,0.00782421,0.204659,short
185,0.219296,0.251785,0.23498,1202,0.00782421,0.23498,short
186,0.251785,0.289088,0.269793,1202,0.00782421,0.269793,short
187,0.289088,0.331917,0.309763,1202,0.00782421,0.309763,short
188,0.331917,0.381092,0.355656,1202,0.00782421,0.355656,short
189,0.381092,0.437552,0.408348,1202,0.00782421,0.408348,short
190,0.437552,0.502377,0.468846,1202,0.00782421,0.468846,short
191,0.502377,0.576806,0.538307,1202,0.00782421,0.538307,short
192,0.576806,0.662262,0.618059,1202,0.00782421,0.618059,short
193,0.662262,0.760379,0.709627,1202,0.00782421,0.709627,short
194,0.760379,0.873032,0.814761,1202,0.00782421,0.814761,short
195,0.873032,1.00237,0.93547,1202,0.00782421,0.93547,short
196,1.00237,1.15088,1.07406,1202,0.00782421,1.07406,short
197,1.15088,1.32139,1.23319,1202,0.00782421,1.23319,short
198,1.32139,1.51716,1.41589,1202,0.00782421,1.41589,short
199,1.51716,1.74193,1.62566,1202,0.00782421,1.62566,short
200,1.74193,2,1.86651,1202,0.00782421,1.86651,short
201,0.002,0.00229631,0.00214304,1202,0.00889209,0.00214304,short
202,0.00229631,0.00263651,0.00246054,1202,0.00889209,0.00246054,short
203,0.00263651,0.00302712,0.00282508,1202,0.00889209,0.00282508,short
204,0.00302712,0.0034756,0.00324362,1202,0.00889209,0.00324362,short
205,0.0034756,0.00399052,0.00372417,1202,0.00889209,0.00372417,short
206,0.00399052,0.00458174,0.00427592,1202,0.00889209,0.00427592,short
207,0.00458174,0.00526054,0.00490942,1202,0.00889209,0.00490942,short
208,0.00526054,0.0060399,0.00563677,1202,0.00889209,0.00563677,short
209,0.0060399,0.00693474,0.00647187,1202,0.00889209,0.00647187,short
210,0.00693474,0.00796214,0.0074307,1202,0.00889209,0.0074307,short
211,0.00796214,0.00914176,0.00853159,1202,0.00889209,0.00853159,short
212,0.00914176,0.0104961,0.00979558,1202,0.00889209,0.00979558,short
213,0.0104961,0.0120512,0.0112468,1202,0.00889209,0.0112468,short
214,0.0120512,0.0138366,0.0129131,1202,0.00889209,0.0129131,short
215,0.0138366,0.0158866,0.0148262,1202,0.00889209,0.0148262,short
216,0.0158866,0.0182402,0.0170228,1202,0.00889209,0.0170228,short
217,0.0182402,0.0209426,0.0195447,1202,0.00889209,0.0195447,short
218,0.0209426,0.0240453,0.0224404,1202,0.00889209,0.0224404,short
219,0.0240453,0.0276077,0.025765,1202,0.00889209,0.025765,short
220,0.0276077,0.0316979,0.0295822,1202,0.00889209,0.0295822,short
221,0.0316979,0.036394,0.0339649,1202,0.00889209,0.0339649,short
222,0.036394,0.0417859,0.0389969,1202,0.00889209,0.0389969,short
223,0.0417859,0.0479767,0.0447744,1202,0.00889209,0.0447744,short
224,0.0479767,0.0550846,0.0514079,1202,0.00889209,0.0514079,short
225,0.0550846,0.0632456,0.0590242,1202,0.00889209,0.0590242,short
226,0.0632456,0.0726156,0.0677688,1202,0.00889209,0.0677688,short
227,0.0726156,0.0833739,0.077809,1202,0.00889209,0.077809,short
228,0.0833739,0.095726,0.0893367,1202,0.00889209,0.0893367,short
229,0.095726,0.109908,0.102572,1202,0.00889209,0.102572,short
230,0.109908,0.126191,0.117769,1202,0.00889209,0.117769,short
231,0.126191,0.144887,0.135217,1202,0.00889209,0.135217,short
232,0.144887,0.166353,0.155249,1202,0.00889209,0.155249,short
233,0.166353,0.190999,0.17825,1202,0.00889209,0.17825,short
234,0.190999,0.219296,0.204659,1202,0.00889209,0.204659,short
235,0.219296,0.251785,0.23498,1202,0.00889209,0.23498,short
236,0.251785,0.289088,0.269793,1202,0.00889209,0.269793,short
237,0.289088,0.331917,0.309763,1202,0.00889209,0.309763,short
238,0.331917,0.381092,0.355656,1202,0.00889209,0.355656,short
239,0.381092,0.437552,0.408348,1202,0.00889209,0.408348,short
240,0.437552,0.502377,0.468846,1202,0.00889209,0.468846,short
241,0.502377,0.576806,0.538307,1202,0.00889209,0.538307,short
242,0.576806,0.662262,0.618059,1202,0.00889209,0.618059,short
243,0.662262,0.760379,0.709627,1202,0.00889209,0.709627,short
244,0.760379,0.873032,0.814761,1202,0.00889209,0.814761,short
245,0.873032,1.00237,0.93547,1202,0.00889209,0.93547,short
246,1.00237,1.15088,1.07406,1202,0.00889209,1.07406,short
247,1.15088,1.32139,1.23319,1202,0.00889209,1.23319,short
248,1.32139,1.51716,1.41589,1202,0.00889209,1.41589,short
249,1.51716,1.74193,1.62566,1202,0.00889209,1.62566,short
250,1.74193,2,1.86651,1202,0.00889209,1.86651,short
251,0.002,0.00229631,0.00214304,1202,0.0101057,0.00214304,short
252,0.00229631,0.00263651,0.00246054,1202,0.0101057,0.00246054,short
253,0.00263651,0.00302712,0.00282508,1202,0.0101057,0.00282508,short
254,0.00302712,0.0034756,0.00324362,1202,0.0101057,0.00324362,short
255,0.0034756,0.00399052,0.00372417,1202,0.0101057,0.00372417,short
256,0.00399052,0.00458174,0.00427592,1202,0.0101057,0.00427592,short
257,0.00458174,0.00526054,0.00490942,1202,0.0101057,0.00490942,short
258,0.00526054,0.0060399,0.00563677,1202,0.0101057,0.00563677,short
259,0.0060399,0.00693474,0.00647187,1202,0.0101057,0.00647187,short
260,0.00693474,0.00796214,0.0074307,1202,0.0101057,0.0074307,short
261,0.00796214,0.00914176,0.00853159,1202,0.0101057,0.00853159,short
262,0.00914176,0.0104961,0.00979558,1202,0.0101057,0.00979558,short
263,0.0104961,0.0120512,0.0112468,1202,0.0101057,0.0112468,short
264,0.0120512,0.0138366,0.0129131,1202,0.0101057,0.0129131,short
265,0.0138366,0.0158866,0.0148262,1202,0.0101057,0.0148262,short
266,0.0158866,0.0182402,0.0170228,1202,0.0101057,0.0170228,short
267,0.0182402,0.0209426,0.0195447,1202,0.0101057,0.0195447,short
268,0.0209426,0.0240453,0.0224404,1202,0.0101057,0.0224404,short
269,0.0240453,0.0276077,0.025765,1202,0.0101057,0.025765,short
270,0.0276077,0.0316979,0.0295822,1202,0.0101057,0.0295822,short
271,0.0316979,0.036394,0.0339649,1202,0.0101057,0.0339649,short
272,0.036394,0.0417859,0.0389969,1202,0.0101057,0.0389969,short
273,0.0417859,0.0479767,0.0447744,1202,0.0101057,0.0447744,short
274,0.0479767,0.0550846,0.0514079,1202,0.0101057,0.0514079,short
275,0.0550846,0.0632456,0.0590242,1202,0.0101057,0.0590242,short
276,0.0632456,0.0726156,0.0677688,1202,0.0101057,0.0677688,short
277,0.0726156,0.0833739,0.077809,1202,0.0101057,0.077809,short
278,0.0833739,0.095726,0.0893367,1202,0.0101057,0.0893367,short
279,0.095726,0.109908,0.102572,1202,0.0101057,0.102572,short
280,0.109908,0.126191,0.117769,1202,0.0101057,0.117769,short
281,0.126191,0.144887,0.135217,1202,0.0101057,0.135217,short
282,0.144887,0.166353,0.155249,1202,0.0101057,0.155249,short
283,0.166353,0.190999,0.17825,1202,0.0101057,0.17825,short
284,0.190999,0.219296,0.204659,1202,0.0101057,0.204659,short
285,0.219296,0.251785,0.23498,1202,0.0101057,0.23498,short
286,0.251785,0.289088,0.269793,1202,0.0101057,0.269793,short
287,0.289088,0.331917,0.309763,1202,0.0101057,0.309763,short
288,0.331917,0.381092,0.355656,1202,0.0101057,0.355656,short
289,0.381092,0.437552,0.408348,1202,0.0101057,0.408348,short
290,0.437552,0.502377,0.468846,1202,0.0101057,0.468846,short
291,0.502377,0.576806,0.538307,1202,0.0101057,0.538307,short
292,0.576806,0.662262,0.618059,1202,0.0101057,0.618059,short
293,0.662262,0.760379,0.709627,1202,0.0101057,0.709627,short
294,0.760379,0.873032,0.814761,1202,0.0101057,0.814761,short
295,0.873032,1.00237,0.93547,1202,0.0101057,0.93547,short
296,1.00237,1.15088,1.07406,1202,0.0101057,1.07406,short
297,1.15088,1.32139,1.23319,1202,0.0101057,1.23319,short
298,1.32139,1.51716,1.41589,1202,0.0101057,1.41589,short
299,1.51716,1.74193,1.62566,1202,0.0101057,1.62566,short
300,1.74193,2,1.86651,1202,0.0101057,1.86651,short
301,0.002,0.00229631,0.00214304,1202,0.011485,0.00214304,short
302,0.00229631,0.00263651,0.00246054,1202,0.011485,0.00246054,short
303,0.00263651,0.00302712,0.00282508,1202,0.011485,0.00282508,short
304,0.00302712,0.0034756,0.00324362,1202,0.011485,0.00324362,short
305,0.0034756,0.00399052,0.00372417,1202,0.011485,0.00372417,short
306,0.00399052,0.00458174,0.00427592,1202,0.011485,0.00427592,short
307,0.00458174,0.00526054,0.00490942,1202,0.011485,0.00490942,short
308,0.00526054,0.0060399,0.00563677,1202,0.011485,0.00563677,short
309,0.0060399,0.00693474,0.00647187,1202,0.011485,0.00647187,short
310,0.00693474,0.00796214,0.0074307,1202,0.011485,0.0074307,short
311,0.00796214,0.00914176,0.00853159,1202,0.011485,0.00853159,short
312,0.00914176,0.0104961,0.00979558,1202,0.011485,0.00979558,short
313,0.0104961,0.0120512,0.0112468,1202,0.011485,0.0112468,short
314,0.0120512,0.0138366,0.0129131,1202,0.011485,0.0129131,short
315,0.0138366,0.0158866,0.0148262,1202,0.011485,0.0148262,short
316,0.0158866,0.0182402,0.0170228,1202,0.011485,0.0170228,short
317,0.0182402,0.0209426,0.0195447,1202,0.011485,0.0195447,short
318,0.0209426,0.0240453,0.0224404,1202,0.011485,0.0224404,short
319,0.0240453,0.0276077,0.025765,1202,0.011485,0.025765,short
320,0.0276077,0.0316979,0.0295822,1202,0.011485,0.0295822,short
321,0.0316979,0.036394,0.0339649,1202,0.011485,0.0339649,short
322,0.036394,0.0417859,0.0389969,1202,0.011485,0.0389969,short
323,0.0417859,0.0479767,0.0447744,1202,0.011485,0.0447744,short
324,0.0479767,0.0550846,0.0514079,1202,0.011485,0.0514079,short
325,0.0550846,0.0632456,0.0590242,1202,0.011485,0.0590242,short
326,0.0632456,0.0726156,0.0677688,1202,0.011485,0.0677688,short
327,0.0726156,0.0833739,0.077809,1202,0.011485,0.077809,short
328,0.0833739,0.095726,0.0893367,1202,0.011485,0.0893367,short
329,0.095726,0.109908,0.102572,1202,0.011485,0.102572,short
330,0.109908,0.126191,0.117769,1202,0.011485,0.117769,short
331,0.126191,0.144887,0.135217,1202,0.011485,0.135217,short
332,0.144887,0.166353,0.155249,1202,0.011485,0.155249,short
333,0.166353,0.190999,0.17825,1202,0.011485,0.17825,short
334,0.190999,0.219296,0.204659,1202,0.011485,0.204659,short
335,0.219296,0.251785,0.23498,1202,0.011485,0.23498,short
336,0.251785,0.289088,0.269793,1202,0.011485,0.269793,short
337,0.289088,0.331917,0.309763,1202,0.011485,0.309763,short
338,0.331917,0.381092,0.355656,1202,0.011485,0.355656,short
339,0.381092,0.437552,0.408348,1202,0.011485,0.408348,short
340,0.437552,0.502377,0.468846,1202,0.011485,0.468846,short
341,0.502377,0.576806,0.538307,1202,0.011485,0.538307,short
342,0.576806,0.662262,0.618059,1202,0.011485,0.618059,short
343,0.662262,0.760379,0.709627,1202,0.011485,0.709627,short
344,0.760379,0.873032,0.814761,1202,0.011485,0.814761,short
345,0.873032,1.00237,0.93547,1202,0.011485,0.93547,short
346,1.00237,1.15088,1.07406,1202,0.011485,1.07406,short
347,1.15088,1.32139,1.23319,1202,0.011485,1.23319,short
348,1.32139,1.51716,1.41589,1202,0.011485,1.41589,short
349,1.51716,1.74193,1.62566,1202,0.011485,1.62566,short
350,1.74193,2,1.86651,1202,0.011485,1.86651,short
351,0.002,0.00229631,0.00214304,1202,0.0130525,0.00214304,short
352,0.00229631,0.00263651,0.00246054,1202,0.0130525,0.00246054,short
353,0.00263651,0.00302712,0.00282508,1202,0.0130525,0.00282508,short
354,0.00302712,0.0034756,0.00324362,1202,0.0130525,0.00324362,short
355,0.0034756,0.00399052,0.00372417,1202,0.0130525,0.00372417,short
356,0.00399052,0.00458174,0.00427592,1202,0.0130525,0.00427592,short
357,0.00458174,0.00526054,0.00490942,1202,0.0130525,0.00490942,short
358,0.00526054,0.0060399,0.00563677,1202,0.0130525,0.00563677,short
359,0.0060399,0.00693474,0.00647187,1202,0.0130525,0.00647187,short
360,0.00693474,0.00796214,0.0074307,1202,0.0130525,0.0074307,short
361,0.00796214,0.00914176,0.00853159,1202,0.0130525,0.00853159,short
362,0.00914176,0.0104961,0.00979558,1202,0.0130525,0.00979558,short
363,0.0104961,0.0120512,0.0112468,1202,0.0130525,0.0112468,short
364,0.0120512,0.0138366,0.0129131,1202,0.0130525,0.0129131,short
365,0.0138366,0.0158866,0.0148262,1202,0.0130525,0.0148262,short
366,0.0158866,0.0182402,0.0170228,1202,0.0130525,0.0170228,short
367,0.0182402,0.0209426,0.0195447,1202,0.0130525,0.0195447,short
368,0.0209426,0.0240453,0.0224404,1202,0.0130525,0.0224404,short
369,0.0240453,0.0276077,0.025765,1202,0.0130525,0.025765,short
370,0.0276077,0.0316979,0.0295822,1202,0.0130525,0.0295822,short
371,0.0316979,0.036394,0.0339649,1202,0.0130525,0.0339649,short
372,0.036394,0.0417859,0.0389969,1202,0.0130525,0.0389969,short
373,0.0417859,0.0479767,0.0447744,1202,0.0130525,0.0447744,short
374,0.0479767,0.0550846,0.0514079,1202,0.0130525,0.0514079,short
375,0.0550846,0.0632456,0.0590242,1202,0.0130525,0.0590242,short
376,0.0632456,0.0726156,0.0677688,1202,0.0130525,0.0677688,short
377,0.0726156,0.0833739,0.077809,1202,0.0130525,0.077809,short
378,0.0833739,0.095726,0.0893367,1202,0.0130525,0.0893367,short
379,0.095726,0.109908,0.102572,1202,0.0130525,0.102572,short
380,0.109908,0.126191,0.117769,1202,0.0130525,0.117769,short
381,0.126191,0.144887,0.135217,1202,0.0130525,0.135217,short
382,0.144887,0.166353,0.155249,1202,0.0130525,0.155249,short
383,0.166353,0.190999,0.17825,1202,0.0130525,0.17825,short
384,0.190999,0.219296,0.204659,1202,0.0130525,0.204659,short
385,0.219296,0.251785,0.23498,1202,0.0130525,0.23498,short
386,0.251785,0.289088,0.269793,1202,0.0130525,0.269793,short
387,0.289088,0.331917,0.309763,1202,0.0130525,0.309763,short
388,0.331917,0.381092,0.355656,1202,0.0130525,0.355656,short
389,0.381092,0.437552,0.408348,1202,0.0130525,0.408348,short
390,0.437552,0.502377,0.468846,1202,0.0130525,0.468846,short
391,0.502377,0.576806,0.538307,1202,0.0130525,0.538307,short
392,0.576806,0.662262,0.618059,1202,0.0130525,0.618059,short
393,0.662262,0.760379,0.709627,1202,0.0130525,0.709627,short
394,0.760379,0.873032,0.814761,1202,0.0130525,0.814761,short
395,0.873032,1.00237,0.93547,1202,0.0130525,0.93547,short
396,1.00237,1.15088,1.07406,1202,0.0130525,1.07406,short
397,1.15088,1.32139,1.23319,1202,0.0130525,1.23319,short
398,1.32139,1.51716,1.41589,1202,0.0130525,1.41589,short
399,1.51716,1.74193,1.62566,1202,0.0130525,1.62566,short
400,1.74193,2,1.86651,1202,0.0130525,1.86651,short
401,0.002,0.00229631,0.00214304,1202,0.0148339,0.00214304,short
402,0.00229631,0.00263651,0.00246054,1202,0.0148339,0.00246054,short
403,0.00263651,0.00302712,0.00282508,1202,0.0148339,0.00282508,short
404,0.00302712,0.0034756,0.00324362,1202,0.0148339,0.00324362,short
405,0.0034756,0.00399052,0.00372417,1202,0.0148339,0.00372417,short
406,0.00399052,0.00458174,0.00427592,1202,0.0148339,0.00427592,short
407,0.00458174,0.00526054,0.00490942,1202,0.0148339,0.00490942,short
408,0.00526054,0.0060399,0.00563677,1202,0.0148339,0.00563677,short
409,0.0060399,0.00693474,0.00647187,1202,0.0148339,0.00647187,short
410,0.00693474,0.00796214,0.0074307,1202,0.0148339,0.0074307,short
411,0.00796214,0.00914176,0.00853159,1202,0.0148339,0.00853159,short
412,0.00914176,0.0104961,0.00979558,1202,0.0148339,0.00979558,short
413,0.0104961,0.0120512,0.0112468,1202,0.0148339,0.0112468,short
414,0.0120512,0.0138366,0.0129131,1202,0.0148339,0.0129131,short
415,0.0138366,0.0158866,0.0148262,1202,0.0148339,0.0148262,short
416,0.0158866,0.0182402,0.0170228,1202,0.0148339,0.0170228,short
417,0.0182402,0.0209426,0.0195447,1202,0.0148339,0.0195447,short
418,0.0209426,0.0240453,0.0224404,1202,0.0148339,0.0224404,short
419,0.0240453,0.0276077,0.025765,1202,0.0148339,0.025765,short
420,0.0276077,0.0316979,0.0295822,1202,0.0148339,0.0295822,short
421,0.0316979,0.036394,0.0339649,1202,0.0148339,0.0339649,short
422,0.036394,0.0417859,0.0389969,1202,0.0148339,0.0389969,short
423,0.0417859,0.0479767,0.0447744,1202,0.0148339,0.0447744,short
424,0.0479767,0.0550846,0.0514079,1202,0.0148339,0.0514079,short
425,0.0550846,0.0632456,0.0590242,1202,0.0148339,0.0590242,short
426,0.0632456,0.0726156,0.0677688,1202,0.0148339,0.0677688,short
427,0.0726156,0.0833739,0.077809,1202,0.0148339,0.077809,short
428,0.0833739,0.095726,0.0893367,1202,0.0148339,0.0893367,short
429,0.095726,0.109908,0.102572,1202,0.0148339,0.102572,short
430,0.109908,0.126191,0.117769,1202,0.0148339,0.117769,short
431,0.126191,0.144887,0.135217,1202,0.0148339,0.135217,short
432,0.144887,0.166353,0.155249,1202,0.0148339,0.155249,short
433,0.166353,0.190999,0.17825,1202,0.0148339,0.17825,short
434,0.190999,0.219296,0.204659,1202,0.0148339,0.204659,short
435,0.219296,0.251785,0.23498,1202,0.0148339,0.23498,short
436,0.251785,0.289088,0.269793,1202,0.0148339,0.269793,short
437,0.289088,0.331917,0.309763,1202,0.0148339,0.309763,short
438,0.331917,0.381092,0.355656,1202,0.0148339,0.355656,short
439,0.381092,0.437552,0.408348,1202,0.0148339,0.408348,short
440,0.437552,0.502377,0.468846,1202,0.0148339,0.468846,short
441,0.502377,0.576806,0.538307,1202,0.0148339,0.538307,short
442,0.576806,0.662262,0.618059,1202,0.0148339,0.618059,short
443,0.662262,0.760379,0.709627,1202,0.0148339,0.709627,short
444,0.760379,0.873032,0.814761,1202,0.0148339,0.814761,short
445,0.873032,1.00237,0.93547,1202,0.0148339,0.93547,short
446,1.00237,1.15088,1.07406,1202,0.0148339,1.07406,short
447,1.15088,1.32139,1.23319,1202,0.0148339,1.23319,short
448,1.32139,1.51716,1.41589,1202,0.0148339,1.41589,short
449,1.51716,1.74193,1.62566,1202,0.0148339,1.62566,short
450,1.74193,2,1.86651,1202,0.0148339,1.86651,short
451,0.002,0.00229631,0.00214304,1202,0.0168585,0.00214304,short
452,0.00229631,0.00263651,0.00246054,1202,0.0168585,0.00246054,short
453,0.00263651,0.00302712,0.00282508,1202,0.0168585,0.00282508,short
454,0.00302712,0.0034756,0.00324362,1202,0.0168585,0.00324362,short
455,0.0034756,0.00399052,0.00372417,1202,0.0168585,0.00372417,short
456,0.00399052,0.00458174,0.00427592,1202,0.0168585,0.00427592,short
457,0.00458174,0.00526054,0.00490942,1202,0.0168585,0.00490942,short
458,0.00526054,0.0060399,0.00563677,1202,0.0168585,0.00563677,short
459,0.0060399,0.00693474,0.00647187,1202,0.0168585,0.00647187,short
460,0.00693474,0.00796214,0.0074307,1202,0.0168585,0.0074307,short
461,0.00796214,0.00914176,0.00853159,1202,0.0168585,0.00853159,short
462,0.00914176,0.0104961,0.00979558,1202,0.0168585,0.00979558,short
463,0.0104961,0.0120512,0.0112468,1202,0.0168585,0.0112468,short
464,0.0120512,0.0138366,0.0129131,1202,0.0168585,0.0129131,short
465,0.0138366,0.0158866,0.0148262,1202,0.0168585,0.0148262,short
466,0.0158866,0.0182402,0.0170228,1202,0.0168585,0.0170228,short
467,0.0182402,0.0209426,0.0195447,1202,0.0168585,0.0195447,short
468,0.0209426,0.0240453,0.0224404,1202,0.0168585,0.0224404,short
469,0.0240453,0.0276077,0.025765,1202,0.0168585,0.025765,short
470,0.0276077,0.0316979,0.0295822,1202,0.0168585,0.0295822,short
471,0.0316979,0.036394,0.0339649,1202,0.0168585,0.0339649,short
472,0.036394,0.0417859,0.0389969,1202,0.0168585,0.0389969,short
473,0.0417859,0.0479767,0.0447744,1202,0.0168585,0.0447744,short
474,0.0479767,0.0550846,0.0514079,1202,0.0168585,0.0514079,short
475,0.0550846,0.0632456,0.0590242,1202,0.0168585,0.0590242,short
476,0.0632456,0.0726156,0.0677688,1202,0.0168585,0.0677688,short
477,0.0726156,0.0833739,0.077809,1202,0.0168585,0.077809,short
478,0.0833739,0.095726,0.0893367,1202,0.0168585,0.0893367,short
479,0.095726,0.109908,0.102572,1202,0.0168585,0.102572,short
480,0.109908,0.126191,0.117769,1202,0.0168585,0.117769,short
481,0.126191,0.144887,0.135217,1202,0.0168585,0.135217,short
482,0.144887,0.166353,0.155249,1202,0.0168585,0.155249,short
483,0.166353,0.190999,0.17825,1202,0.0168585,0.17825,short
484,0.190999,0.219296,0.204659,1202,0.0168585,0.204659,short
485,0.219296,0.251785,0.23498,1202,0.0168585,0.23498,short
486,0.251785,0.289088,0.269793,1202,0.0168585,0.269793,short
487,0.289088,0.331917,0.309763,1202,0.0168585,0.309763,short
488,0.331917,0.381092,0.355656,1202,0.0168585,0.355656,short
489,0.381092,0.437552,0.408348,1202,0.0168585,0.408348,short
490,0.437552,0.502377,0.468846,1202,0.0168585,0.468846,short
491,0.502377,0.576806,0.538307,1202,0.0168585,0.538307,short
492,0.576806,0.662262,0.618059,1202,0.0168585,0.618059,short
493,0.662262,0.760379,0.709627,1202,0.0168585,0.709627,short
494,0.760379,0.873032,0.814761,1202,0.0168585,0.814761,short
495,0.873032,1.00237,0.93547,1202,0.0168585,0.93547,short
496,1.00237,1.15088,1.07406,1202,0.0168585,1.07406,short
497,1.15088,1.32139,1.23319,1202,0.0168585,1.23319,short
498,1.32139,1.51716,1.41589,1202,0.0168585,1.41589,short
499,1.51716,1.74193,1.62566,1202,0.0168585,1.62566,short
500,1.74193,2,1.86651,1202,0.0168585,1.86651,short
501,0.002,0.00229631,0.00214304,1202,0.0191594,0.00214304,short
502,0.00229631,0.00263651,0.00246054,1202,0.0191594,0.00246054,short
503,0.00263651,0.00302712,0.00282508,1202,0.0191594,0.00282508,short
504,0.00302712,0.0034756,0.00324362,1202,0.0191594,0.00324362,short
505,0.0034756,0.00399052,0.00372417,1202,0.0191594,0.00372417,short
506,0.00399052,0.00458174,0.00427592,1202,0.0191594,0.00427592,short
507,0.00458174,0.00526054,0.00490942,1202,0.0191594,0.00490942,short
508,0.00526054,0.0060399,0.00563677,1202,0.0191594,0.00563677,short
509,0.0060399,0.00693474,0.00647187,1202,0.0191594,0.00647187,short
510,0.00693474,0.00796214,0.0074307,1202,0.0191594,0.0074307,short
511,0.00796214,0.00914176,0.00853159,1202,0.0191594,0.00853159,short
512,0.00914176,0.0104961,0.00979558,1202,0.0191594,0.00979558,short
513,0.0104961,0.0120512,0.0112468,1202,0.0191594,0.0112468,short
514,0.0120512,0.0138366,0.0129131,1202,0.0191594,0.0129131,short
515,0.0138366,0.0158866,0.0148262,1202,0.0191594,0.0148262,short
516,0.0158866,0.0182402,0.0170228,1202,0.0191594,0.0170228,short
517,0.0182402,0.0209426,0.0195447,1202,0.0191594,0.0195447,short
518,0.0209426,0.0240453,0.0224404,1202,0.0191594,0.0224404,short
519,0.0240453,0.0276077,0.025765,1202,0.0191594,0.025765,short
520,0.0276077,0.0316979,0.0295822,1202,0.0191594,0.0295822,short
521,0.0316979,0.036394,0.0339649,1202,0.0191594,0.0339649,short
522,0.036394,0.0417859,0.0389969,1202,0.0191594,0.0389969,short
523,0.0417859,0.0479767,0.0447744,1202,0.0191594,0.0447744,short
524,0.0479767,0.0550846,0.0514079,1202,0.0191594,0.0514079,short
525,0.0550846,0.0632456,0.0590242,1202,0.0191594,0.0590242,short
526,0.0632456,0.0726156,0.0677688,1202,0.0191594,0.0677688,short
527,0.0726156,0.0833739,0.077809,1202,0.0191594,0.077809,short
528,0.0833739,0.095726,0.0893367,1202,0.0191594,0.0893367,short
529,0.095726,0.109908,0.102572,1202,0.0191594,0.102572,short
530,0.109908,0.126191,0.117769,1202,0.0191594,0.117769,short
531,0.126191,0.144887,0.135217,1202,0.0191594,0.135217,short
532,0.144887,0.166353,0.155249,1202,0.0191594,0.155249,short
533,0.166353,0.190999,0.17825,1202,0.0191594,0.17825,short
534,0.190999,0.219296,0.204659,1202,0.0191594,0.204659,short
535,0.219296,0.251785,0.23498,1202,0.0191594,0.23498,short
536,0.251785,0.289088,0.269793,1202,0.0191594,0.269793,short
537,0.289088,0.331917,0.309763,1202,0.0191594,0.309763,short
538,0.331917,0.381092,0.355656,1202,0.0191594,0.355656,short
539,0.381092,0.437552,0.408348,1202,0.0191594,0.408348,short
540,0.437552,0.502377,0.468846,1202,0.0191594,0.468846,short
541,0.502377,0.576806,0.538307,1202,0.0191594,0.538307,short
542,0.576806,0.662262,0.618059,1202,0.0191594,0.618059,short
543,0.662262,0.760379,0.709627,1202,0.0191594,0.709627,short
544,0.760379,0.873032,0.814761,1202,0.0191594,0.814761,short
545,0.873032,1.00237,0.93547,1202,0.0191594,0.93547,short
546,1.00237,1.15088,1.07406,1202,0.0191594,1.07406,short
547,1.15088,1.32139,1.23319,1202,0.0191594,1.23319,short
548,1.32139,1.51716,1.41589,1202,0.0191594,1.41589,short
549,1.51716,1.74193,1.62566,1202,0.0191594,1.62566,short
550,1.74193,2,1.86651,1202,0.0191594,1.86651,short
551,0.002,0.00229631,0.00214304,1202,0.0217743,0.00214304,short
552,0.00229631,0.00263651,0.00246054,1202,0.0217743,0.00246054,short
553,0.00263651,0.00302712,0.00282508,1202,0.0217743,0.00282508,short
554,0.00302712,0.0034756,0.00324362,1202,0.0217743,0.00324362,short
555,0.0034756,0.00399052,0.00372417,1202,0.0217743,0.00372417,short
556,0.00399052,0.00458174,0.00427592,1202,0.0217743,0.00427592,short
557,0.00458174,0.00526054,0.00490942,1202,0.0217743,0.00490942,short
558,0.00526054,0.0060399,0.00563677,1202,0.0217743,0.00563677,short
559,0.0060399,0.00693474,0.00647187,1202,0.0217743,0.00647187,short
560,0.00693474,0.00796214,0.0074307,1202,0.0217743,0.0074307,short
561,0.00796214,0.00914176,0.00853159,1202,0.0217743,0.00853159,short
562,0.00914176,0.0104961,0.00979558,1202,0.0217743,0.00979558,short
563,0.0104961,0.0120512,0.0112468,1202,0.0217743,0.0112468,short
564,0.0120512,0.0138366,0.0129131,1202,0.0217743,0.0129131,short
565,0.0138366,0.0158866,0.0148262,1202,0.0217743,0.0148262,short
566,0.0158866,0.0182402,0.0170228,1202,0.0217743,0.0170228,short
567,0.0182402,0.0209426,0.0195447,1202,0.0217743,0.0195447,short
568,0.0209426,0.0240453,0.0224404,1202,0.0217743,0.0224404,short
569,0.0240453,0.0276077,0.025765,1202,0.0217743,0.025765,short
570,0.0276077,0.0316979,0.0295822,1202,0.0217743,0.0295822,short
571,0.0316979,0.036394,0.0339649,1202,0.0217743,0.0339649,short
572,0.036394,0.0417859,0.0389969,1202,0.0217743,0.0389969,short
573,0.0417859,0.0479767,0.0447744,1202,0.0217743,0.0447744,short
574,0.0479767,0.0550846,0.0514079,1202,0.0217743,0.0514079,short
575,0.0550846,0.0632456,0.0590242,1202,0.0217743,0.0590242,short
576,0.0632456,0.0726156,0.0677688,1202,0.0217743,0.0677688,short
577,0.0726156,0.0833739,0.077809,1202,0.0217743,0.077809,short
578,0.0833739,0.095726,0.0893367,1202,0.0217743,0.0893367,short
579,0.095726,0.109908,0.102572,1202,0.0217743,0.102572,short
580,0.109908,0.126191,0.117769,1202,0.0217743,0.117769,short
581,0.126191,0.144887,0.135217,1202,0.0217743,0.135217,short
582,0.144887,0.166353,0.155249,1202,0.0217743,0.155249,short
583,0.166353,0.190999,0.17825,1202,0.0217743,0.17825,short
584,0.190999,0.219296,0.204659,1202,0.0217743,0.204659,short
585,0.219296,0.251785,0.23498,1202,0.0217743,0.23498,short
586,0.251785,0.289088,0.269793,1202,0.0217743,0.269793,short
587,0.289088,0.331917,0.309763,1202,0.0217743,0.309763,short
588,0.331917,0.381092,0.355656,1202,0.0217743,0.355656,short
589,0.381092,0.437552,0.408348,1202,0.0217743,0.408348,short
590,0.437552,0.502377,0.468846,1202,0.0217743,0.468846,short
591,0.502377,0.576806,0.538307,1202,0.0217743,0.538307,short
592,0.576806,0.662262,0.618059,1202,0.0217743,0.618059,short
593,0.662262,0.760379,0.709627,1202,0.0217743,0.709627,short
594,0.760379,0.873032,0.814761,1202,0.0217743,0.814761,short
595,0.873032,1.00237,0.93547,1202,0.0217743,0.93547,short
596,1.00237,1.15088,1.07406,1202,0.0217743,1.07406,short
597,1.15088,1.32139,1.23319,1202,0.0217743,1.23319,short
598,1.32139,1.51716,1.41589,1202,0.0217743,1.41589,short
599,1.51716,1.74193,1.62566,1202,0.0217743,1.62566,short
600,1.74193,2,1.86651,1202,0.0217743,1.86651,short
601,0.002,0.00229631,0.00214304,1202,0.0247462,0.00214304,short
602,0.00229631,0.00263651,0.00246054,1202,0.0247462,0.00246054,short
603,0.00263651,0.00302712,0.00282508,1202,0.0247462,0.00282508,short
604,0.00302712,0.0034756,0.00324362,1202,0.0247462,0.00324362,short
605,0.0034756,0.00399052,0.00372417,1202,0.0247462,0.00372417,short
606,0.00399052,0.00458174,0.00427592,1202,0.0247462,0.00427592,short
607,0.00458174,0.00526054,0.00490942,1202,0.0247462,0.00490942,short
608,0.00526054,0.0060399,0.00563677,1202,0.0247462,0.00563677,short
609,0.0060399,0.00693474,0.00647187,1202,0.0247462,0.00647187,short
610,0.00693474,0.00796214,0.0074307,1202,0.0247462,0.0074307,short
611,0.00796214,0.00914176,0.00853159,1202,0.0247462,0.00853159,short
612,0.00914176,0.0104961,0.00979558,1202,0.0247462,0.00979558,short
613,0.0104961,0.0120512,0.0112468,1202,0.0247462,0.0112468,short
614,0.0120512,0.0138366,0.0129131,1202,0.0247462,0.0129131,short
615,0.0138366,0.0158866,0.0148262,1202,0.0247462,0.0148262,short
616,0.0158866,0.0182402,0.0170228,1202,0.0247462,0.0170228,short
617,0.0182402,0.0209426,0.0195447,1202,0.0247462,0.0195447,short
618,0.0209426,0.0240453,0.0224404,1202,0.0247462,0.0224404,short
619,0.0240453,0.0276077,0.025765,1202,0.0247462,0.025765,short
620,0.0276077,0.0316979,0.0295822,1202,0.0247462,0.0295822,short
621,0.0316979,0.036394,0.0339649,1202,0.0247462,0.0339649,short
622,0.036394,0.0417859,0.0389969,1202,0.0247462,0.0389969,short
623,0.0417859,0.0479767,0.0447744,1202,0.0247462,0.0447744,short
624,0.0479767,0.0550846,0.0514079,1202,0.0247462,0.0514079,short
625,0.0550846,0.0632456,0.0590242,1202,0.0247462,0.0590242,short
626,0.0632456,0.0726156,0.0677688,1202,0.0247462,0.0677688,short
627,0.0726156,0.0833739,0.077809,1202,0.0247462,0.077809,short
628,0.0833739,0.095726,0.0893367,1202,0.0247462,0.0893367,short
629,0.095726,0.109908,0.102572,1202,0.0247462,0.102572,short
630,0.109908,0.126191,0.117769,1202,0.0247462,0.117769,short
631,0.126191,0.144887,0.135217,1202,0.0247462,0.135217,short
632,0.144887,0.166353,0.155249,1202,0.0247462,0.155249,short
633,0.166353,0.190999,0.17825,1202,0.0247462,0.17825,short
634,0.190999,0.219296,0.204659,1202,0.0247462,0.204659,short
635,0.219296,0.251785,0.23498,1202,0.0247462,0.23498,short
636,0.251785,0.289088,0.269793,1202,0.0247462,0.269793,short
637,0.289088,0.331917,0.309763,1202,0.0247462,0.309763,short
638,0.331917,0.381092,0.355656,1202,0.0247462,0.355656,short
639,0.381092,0.437552,0.408348,1202,0.0247462,0.408348,short
640,0.437552,0.502377,0.468846,1202,0.0247462,0.468846,short
641,0.502377,0.576806,0.538307,1202,0.0247462,0.538307,short
642,0.576806,0.662262,0.618059,1202,0.0247462,0.618059,short
643,0.662262,0.760379,0.709627,1202,0.0247462,0.709627,short
644,0.760379,0.873032,0.814761,1202,0.0247462,0.814761,short
645,0.873032,1.00237,0.93547,1202,0.0247462,0.93547,short
646,1.00237,1.15088,1.07406,1202,0.0247462,1.07406,short
647,1.15088,1.32139,1.23319,1202,0.0247462,1.23319,short
648,1.32139,1.51716,1.41589,1202,0.0247462,1.41589,short
649,1.51716,1.74193,1.62566,1202,0.0247462,1.62566,short
650,1.74193,2,1.86651,1202,0.0247462,1.86651,short
651,0.002,0.00229631,0.00214304,1202,0.0281236,0.00214304,short
652,0.00229631,0.00263651,0.00246054,1202,0.0281236,0.00246054,short
653,0.00263651,0.00302712,0.00282508,1202,0.0281236,0.00282508,short
654,0.00302712,0.0034756,0.00324362,1202,0.0281236,0.00324362,short
655,0.0034756,0.00399052,0.00372417,1202,0.0281236,0.00372417,short
656,0.00399052,0.00458174,0.00427592,1202,0.0281236,0.00427592,short
657,0.00458174,0.00526054,0.00490942,1202,0.0281236,0.00490942,short
658,0.00526054,0.0060399,0.00563677,1202,0.0281236,0.00563677,short
659,0.0060399,0.00693474,0.00647187,1202,0.0281236,0.00647187,short
660,0.00693474,0.00796214,0.0074307,1202,0.0281236,0.0074307,short
661,0.00796214,0.00914176,0.00853159,1202,0.0281236,0.00853159,short
662,0.00914176,0.0104961,0.00979558,1202,0.0281236,0.00979558,short
663,0.0104961,0.0120512,0.0112468,1202,0.0281236,0.0112468,short
664,0.0120512,0.0138366,0.0129131,1202,0.0281236,0.0129131,short
665,0.0138366,0.0158866,0.0148262,1202,0.0281236,0.0148262,short
666,0.0158866,0.0182402,0.0170228,1202,0.0281236,0.0170228,short
667,0.0182402,0.0209426,0.0195447,1202,0.0281236,0.0195447,short
668,0.0209426,0.0240453,0.0224404,1202,0.0281236,0.0224404,short
669,0.0240453,0.0276077,0.025765,1202,0.0281236,0.025765,short
670,0.0276077,0.0316979,0.0295822,1202,0.0281236,0.0295822,short
671,0.0316979,0.036394,0.0339649,1202,0.0281236,0.0339649,short
672,0.036394,0.0417859,0.0389969,1202,0.0281236,0.0389969,short
673,0.0417859,0.0479767,0.0447744,1202,0.0281236,0.0447744,short
674,0.0479767,0.0550846,0.0514079,1202,0.0281236,0.0514079,short
675,0.0550846,0.0632456,0.0590242,1202,0.0281236,0.0590242,short
676,0.0632456,0.0726156,0.0677688,1202,0.0281236,0.0677688,short
677,0.0726156,0.0833739,0.077809,1202,0.0281236,0.077809,short
678,0.0833739,0.095726,0.0893367,1202,0.0281236,0.0893367,short
679,0.095726,0.109908,0.102572,1202,0.0281236,0.102572,short
680,0.109908,0.126191,0.117769,1202,0.0281236,0.117769,short
681,0.126191,0.144887,0.135217,1202,0.0281236,0.135217,short
682,0.144887,0.166353,0.155249,1202,0.0281236,0.155249,short
683,0.166353,0.190999,0.17825,1202,0.0281236,0.17825,short
684,0.190999,0.219296,0.204659,1202,0.0281236,0.204659,short
685,0.219296,0.251785,0.23498,1202,0.0281236,0.23498,short
686,0.251785,0.289088,0.269793,1202,0.0281236,0.269793,short
687,0.289088,0.331917,0.309763,1202,0.0281236,0.309763,short
688,0.331917,0.381092,0.355656,1202,0.0281236,0.355656,short
689,0.381092,0.437552,0.408348,1202,0.0281236,0.408348,short
690,0.437552,0.502377,0.468846,1202,0.0281236,0.468846,short
691,0.502377,0.576806,0.538307,1202,0.0281236,0.538307,short
692,0.576806,0.662262,0.618059,1202,0.0281236,0.618059,short
693,0.662262,0.760379,0.709627,1202,0.0281236,0.709627,short
694,0.760379,0.873032,0.814761,1202,0.0281236,0.814761,short
695,0.873032,1.00237,0.93547,1202,0.0281236,0.93547,short
696,1.00237,1.15088,1.07406,1202,0.0281236,1.07406,short
697,1.15088,1.32139,1.23319,1202,0.0281236,1.23319,short
698,1.32139,1.51716,1.41589,1202,0.0281236,1.41589,short
699,1.51716,1.74193,1.62566,1202,0.0281236,1.62566,short
700,1.74193,2,1.86651,1202,0.0281236,1.86651,short
701,0.002,0.00229631,0.00214304,1202,0.031962,0.00214304,short
702,0.00229631,0.00263651,0.00246054,1202,0.031962,0.00246054,short
703,0.00263651,0.00302712,0.00282508,1202,0.031962,0.00282508,short
704,0.00302712,0.0034756,0.00324362,1202,0.031962,0.00324362,short
705,0.0034756,0.00399052,0.00372417,1202,0.031962,0.00372417,short
706,0.00399052,0.00458174,0.00427592,1202,0.031962,0.00427592,short
707,0.00458174,0.00526054,0.00490942,1202,0.031962,0.00490942,short
708,0.00526054,0.0060399,0.00563677,1202,0.031962,0.00563677,short
709,0.0060399,0.00693474,0.00647187,1202,0.031962,0.00647187,short
710,0.00693474,0.00796214,0.0074307,1202,0.031962,0.0074307,short
711,0.00796214,0.00914176,0.00853159,1202,0.031962,0.00853159,short
712,0.00914176,0.0104961,0.00979558,1202,0.031962,0.00979558,short
713,0.0104961,0.0120512,0.0112468,1202,0.031962,0.0112468,short
714,0.0120512,0.0138366,0.0129131,1202,0.031962,0.0129131,short
715,0.0138366,0.0158866,0.0148262,1202,0.031962,0.0148262,short
716,0.0158866,0.0182402,0.0170228,1202,0.031962,0.0170228,short
717,0.0182402,0.0209426,0.0195447,1202,0.031962,0.0195447,short
718,0.0209426,0.0240453,0.0224404,1202,0.031962,0.0224404,short
719,0.0240453,0.0276077,0.025765,1202,0.031962,0.025765,short
720,0.0276077,0.0316979,0.0295822,1202,0.031962,0.0295822,short
721,0.0316979,0.036394,0.0339649,1202,0.031962,0.0339649,short
722,0.036394,0.0417859,0.0389969,1202,0.031962,0.0389969,short
723,0.0417859,0.0479767,0.0447744,1202,0.031962,0.0447744,short
724,0.0479767,0.0550846,0.0514079,1202,0.031962,0.0514079,short
725,0.0550846,0.0632456,0.0590242,1202,0.031962,0.0590242,short
726,0.0632456,0.0726156,0.0677688,1202,0.031962,0.0677688,short
727,0.0726156,0.0833739,0.077809,1202,0.031962,0.077809,short
728,0.0833739,0.095726,0.0893367,1202,0.031962,0.0893367,short
729,0.095726,0.109908,0.102572,1202,0.031962,0.102572,short
730,0.109908,0.126191,0.117769,1202,0.031962,0.117769,short
731,0.126191,0.144887,0.135217,1202,0.031962,0.135217,short
732,0.144887,0.166353,0.155249,1202,0.031962,0.155249,short
733,0.166353,0.190999,0.17825,1202,0.031962,0.17825,short
734,0.190999,0.219296,0.204659,1202,0.031962,0.204659,short
735,0.219296,0.251785,0.23498,1202,0.031962,0.23498,short
736,0.251785,0.289088,0.269793,1202,0.031962,0.269793,short
737,0.289088,0.331917,0.309763,1202,0.031962,0.309763,short
738,0.331917,0.381092,0.355656,1202,0.031962,0.355656,short
739,0.381092,0.437552,0.408348,1202,0.031962,0.408348,short
740,0.437552,0.502377,0.468846,1202,0.031962,0.468846,short
741,0.502377,0.576806,0.538307,1202,0.031962,0.538307,short
742,0.576806,0.662262,0.618059,1202,0.031962,0.618059,short
743,0.662262,0.760379,0.709627,1202,0.031962,0.709627,short
744,0.760379,0.873032,0.814761,1202,0.031962,0.814761,short
745,0.873032,1.00237,0.93547,1202,0.031962,0.93547,short
746,1.00237,1.15088,1.07406,1202,0.031962,1.07406,short
747,1.15088,1.32139,1.23319,1202,0.031962,1.23319,short
748,1.32139,1.51716,1.41589,1202,0.031962,1.41589,short
749,1.51716,1.74193,1.62566,1202,0.031962,1.62566,short
750,1.74193,2,1.86651,1202,0.031962,1.86651,short
751,0.002,0.00229631,0.00214304,1202,0.0363243,0.00214304,short
752,0.00229631,0.00263651,0.00246054,1202,0.0363243,0.00246054,short
753,0.00263651,0.00302712,0.00282508,1202,0.0363243,0.00282508,short
754,0.00302712,0.0034756,0.00324362,1202,0.0363243,0.00324362,short
755,0.0034756,0.00399052,0.00372417,1202,0.0363243,0.00372417,short
756,0.00399052,0.00458174,0.00427592,1202,0.0363243,0.00427592,short
757,0.00458174,0.00526054,0.00490942,1202,0.0363243,0.00490942,short
758,0.00526054,0.0060399,0.00563677,1202,0.0363243,0.00563677,short
759,0.0060399,0.00693474,0.00647187,1202,0.0363243,0.00647187,short
760,0.00693474,0.00796214,0.0074307,1202,0.0363243,0.0074307,short
761,0.00796214,0.00914176,0.00853159,1202,0.0363243,0.00853159,short
762,0.00914176,0.0104961,0.00979558,1202,0.0363243,0.00979558,short
763,0.0104961,0.0120512,0.0112468,1202,0.0363243,0.0112468,short
764,0.0120512,0.0138366,0.0129131,1202,0.0363243,0.0129131,short
765,0.0138366,0.0158866,0.0148262,1202,0.0363243,0.0148262,short
766,0.0158866,0.0182402,0.0170228,1202,0.0363243,0.0170228,short
767,0.0182402,0.0209426,0.0195447,1202,0.0363243,0.0195447,short
768,0.0209426,0.0240453,0.0224404,1202,0.0363243,0.0224404,short
769,0.0240453,0.0276077,0.025765,1202,0.0363243,0.025765,short
770,0.0276077,0.0316979,0.0295822,1202,0.0363243,0.0295822,short
771,0.0316979,0.036394,0.0339649,1202,0.0363243,0.0339649,short
772,0.036394,0.0417859,0.0389969,1202,0.0363243,0.0389969,short
773,0.0417859,0.0479767,0.0447744,1202,0.0363243,0.0447744,short
774,0.0479767,0.0550846,0.0514079,1202,0.0363243,0.0514079,short
775,0.0550846,0.0632456,0.0590242,1202,0.0363243,0.0590242,short
776,0.0632456,0.0726156,0.0677688,1202,0.0363243,0.0677688,short
777,0.0726156,0.0833739,0.077809,1202,0.0363243,0.077809,short
778,0.0833739,0.095726,0.0893367,1202,0.0363243,0.0893367,short
779,0.095726,0.109908,0.102572,1202,0.0363243,0.102572,short
780,0.109908,0.126191,0.117769,1202,0.0363243,0.117769,short
781,0.126191,0.144887,0.135217,1202,0.0363243,0.135217,short
782,0.144887,0.166353,0.155249,1202,0.0363243,0.155249,short
783,0.166353,0.190999,0.17825,1202,0.0363243,0.17825,short
784,0.190999,0.219296,0.204659,1202,0.0363243,0.204659,short
785,0.219296,0.251785,0.23498,1202,0.0363243,0.23498,short
786,0.251785,0.289088,0.269793,1202,0.0363243,0.269793,short
787,0.289088,0.331917,0.309763,1202,0.0363243,0.309763,short
788,0.331917,0.381092,0.355656,1202,0.0363243,0.355656,short
789,0.381092,0.437552,0.408348,1202,0.0363243,0.408348,short
790,0.437552,0.502377,0.468846,1202,0.0363243,0.468846,short
791,0.502377,0.576806,0.538307,1202,0.0363243,0.538307,short
792,0.576806,0.662262,0.618059,1202,0.0363243,0.618059,short
793,0.662262,0.760379,0.709627,1202,0.0363243,0.709627,short
794,0.760379,0.873032,0.814761,1202,0.0363243,0.814761,short
795,0.873032,1.00237,0.93547,1202,0.0363243,0.93547,short
796,1.00237,1.15088,1.07406,1202,0.0363243,1.07406,short
797,1.15088,1.32139,1.23319,1202,0.0363243,1.23319,short
798,1.32139,1.51716,1.41589,1202,0.0363243,1.41589,short
799,1.51716,1.74193,1.62566,1202,0.0363243,1.62566,short
800,1.74193,2,1.86651,1202,0.0363243,1.86651,short
801,0.002,0.00229631,0.00214304,1202,0.0412819,0.00214304,short
802,0.00229631,0.00263651,0.00246054,1202,0.0412819,0.00246054,short
803,0.00263651,0.00302712,0.00282508,1202,0.0412819,0.00282508,short
804,0.00302712,0.0034756,0.00324362,1202,0.0412819,0.00324362,short
805,0.0034756,0.00399052,0.00372417,1202,0.0412819,0.00372417,short
806,0.00399052,0.00458174,0.00427592,1202,0.0412819,0.00427592,short
807,0.00458174,0.00526054,0.00490942,1202,0.0412819,0.00490942,short
808,0.00526054,0.0060399,0.00563677,1202,0.0412819,0.00563677,short
809,0.0060399,0.00693474,0.00647187,1202,0.0412819,0.00647187,short
810,0.00693474,0.00796214,0.0074307,1202,0.0412819,0.0074307,short
811,0.00796214,0.00914176,0.00853159,1202,0.0412819,0.00853159,short
812,0.00914176,0.0104961,0.00979558,1202,0.0412819,0.00979558,short
813,0.0104961,0.0120512,0.0112468,1202,0.0412819,0.0112468,short
814,0.0120512,0.0138366,0.0129131,1202,0.0412819,0.0129131,short
815,0.0138366,0.0158866,0.0148262,1202,0.0412819,0.0148262,short
816,0.0158866,0.0182402,0.0170228,1202,0.0412819,0.0170228,short
817,0.0182402,0.0209426,0.0195447,1202,0.0412819,0.0195447,short
818,0.0209426,0.0240453,0.0224404,1202,0.0412819,0.0224404,short
819,0.0240453,0.0276077,0.025765,1202,0.0412819,0.025765,short
820,0.0276077,0.0316979,0.0295822,1202,0.0412819,0.0295822,short
821,0.0316979,0.036394,0.0339649,1202,0.0412819,0.0339649,short
822,0.036394,0.0417859,0.0389969,1202,0.0412819,0.0389969,short
823,0.0417859,0.0479767,0.0447744,1202,0.0412819,0.0447744,short
824,0.0479767,0.0550846,0.0514079,1202,0.0412819,0.0514079,short
825,0.0550846,0.0632456,0.0590242,1202,0.0412819,0.0590242,short
826,0.0632456,0.0726156,0.0677688,1202,0.0412819,0.0677688,short
827,0.0726156,0.0833739,0.077809,1202,0.0412819,0.077809,short
828,0.0833739,0.095726,0.0893367,1202,0.0412819,0.0893367,short
829,0.095726,0.109908,0.102572,1202,0.0412819,0.102572,short
830,0.109908,0.126191,0.117769,1202,0.0412819,0.117769,short
831,0.126191,0.144887,0.135217,1202,0.0412819,0.135217,short
832,0.144887,0.166353,0.155249,1202,0.0412819,0.155249,short
833,0.166353,0.190999,0.17825,1202,0.0412819,0.17825,short
834,0.190999,0.219296,0.204659,1202,0.0412819,0.204659,short
835,0.219296,0.251785,0.23498,1202,0.0412819,0.23498,short
836,0.251785,0.289088,0.269793,1202,0.0412819,0.269793,short
837,0.289088,0.331917,0.309763,1202,0.0412819,0.309763,short
838,0.331917,0.381092,0.355656,1202,0.0412819,0.355656,short
839,0.381092,0.437552,0.408348,1202,0.0412819,0.408348,short
840,0.437552,0.502377,0.468846,1202,0.0412819,0.468846,short
841,0.502377,0.576806,0.538307,1202,0.0412819,0.538307,short
842,0.576806,0.662262,0.618059,1202,0.0412819,0.618059,short
843,0.662262,0.760379,0.709627,1202,0.0412819,0.709627,short
844,0.760379,0.873032,0.814761,1202,0.0412819,0.814761,short
845,0.873032,1.00237,0.93547,1202,0.0412819,0.93547,short
846,1.00237,1.15088,1.07406,1202,0.0412819,1.07406,short
847,1.15088,1.32139,1.23319,1202,0.0412819,1.23319,short
848,1.32139,1.51716,1.41589,1202,0.0412819,1.41589,short
849,1.51716,1.74193,1.62566,1202,0.0412819,1.62566,short
850,1.74193,2,1.86651,1202,0.0412819,1.86651,short
851,0.002,0.00229631,0.00214304,1202,0.0469162,0.00214304,short
852,0.00229631,0.00263651,0.00246054,1202,0.0469162,0.00246054,short
853,0.00263651,0.00302712,0.00282508,1202,0.0469162,0.00282508,short
854,0.00302712,0.0034756,0.00324362,1202,0.0469162,0.00324362,short
855,0.0034756,0.00399052,0.00372417,1202,0.0469162,0.00372417,short
856,0.00399052,0.00458174,0.00427592,1202,0.0469162,0.00427592,short
857,0.00458174,0.00526054,0.00490942,1202,0.0469162,0.00490942,short
858,0.00526054,0.0060399,0.00563677,1202,0.0469162,0.00563677,short
859,0.0060399,0.00693474,0.00647187,1202,0.0469162,0.00647187,short
860,0.00693474,0.00796214,0.0074307,1202,0.0469162,0.0074307,short
861,0.00796214,0.00914176,0.00853159,1202,0.0469162,0.00853159,short
862,0.00914176,0.0104961,0.00979558,1202,0.0469162,0.00979558,short
863,0.0104961,0.0120512,0.0112468,1202,0.0469162,0.0112468,short
864,0.0120512,0.0138366,0.0129131,1202,0.0469162,0.0129131,short
865,0.0138366,0.0158866,0.0148262,1202,0.0469162,0.0148262,short
866,0.0158866,0.0182402,0.0170228,1202,0.0469162,0.0170228,short
867,0.0182402,0.0209426,0.0195447,1202,0.0469162,0.0195447,short
868,0.0209426,0.0240453,0.0224404,1202,0.0469162,0.0224404,short
869,0.0240453,0.0276077,0.025765,1202,0.0469162,0.025765,short
870,0.0276077,0.0316979,0.0295822,1202,0.0469162,0.0295822,short
871,0.0316979,0.036394,0.0339649,1202,0.0469162,0.0339649,short
872,0.036394,0.0417859,0.0389969,1202,0.0469162,0.0389969,short
873,0.0417859,0.0479767,0.0447744,1202,0.0469162,0.0447744,short
874,0.0479767,0.0550846,0.0514079,1202,0.0469162,0.0514079,short
875,0.0550846,0.0632456,0.0590242,1202,0.0469162,0.0590242,short
876,0.0632456,0.0726156,0.0677688,1202,0.0469162,0.0677688,short
877,0.0726156,0.0833739,0.077809,1202,0.0469162,0.077809,short
878,0.0833739,0.095726,0.0893367,1202,0.0469162,0.0893367,short
879,0.095726,0.109908,0.102572,1202,0.0469162,0.102572,short
880,0.109908,0.126191,0.117769,1202,0.0469162,0.117769,short
881,0.126191,0.144887,0.135217,1202,0.0469162,0.135217,short
882,0.144887,0.166353,0.155249,1202,0.0469162,0.155249,short
883,0.166353,0.190999,0.17825,1202,0.0469162,0.17825,short
884,0.190999,0.219296,0.204659,1202,0.0469162,0.204659,short
885,0.219296,0.251785,0.23498,1202,0.0469162,0.23498,short
886,0.251785,0.289088,0.269793,1202,0.0469162,0.269793,short
887,0.289088,0.331917,0.309763,1202,0.0469162,0.309763,short
888,0.331917,0.381092,0.355656,1202,0.0469162,0.355656,short
889,0.381092,0.437552,0.408348,1202,0.0469162,0.408348,short
890,0.437552,0.502377,0.468846,1202,0.0469162,0.468846,short
891,0.502377,0.576806,0.538307,1202,0.0469162,0.538307,short
892,0.576806,0.662262,0.618059,1202,0.0469162,0.618059,short
893,0.662262,0.760379,0.709627,1202,0.0469162,0.709627,short
894,0.760379,0.873032,0.814761,1202,0.0469162,0.814761,short
895,0.873032,1.00237,0.93547,1202,0.0469162,0.93547,short
896,1.00237,1.15088,1.07406,1202,0.0469162,1.07406,short
897,1.15088,1.32139,1.23319,1202,0.0469162,1.23319,short
898,1.32139,1.51716,1.41589,1202,0.0469162,1.41589,short
899,1.51716,1.74193,1.62566,1202,0.0469162,1.62566,short
900,1.74193,2,1.86651,1202,0.0469162,1.86651,short
901,0.002,0.00229631,0.00214304,1202,0.0533195,0.00214304,short
902,0.00229631,0.00263651,0.00246054,1202,0.0533195,0.00246054,short
903,0.00263651,0.00302712,0.00282508,1202,0.0533195,0.00282508,short
904,0.00302712,0.0034756,0.00324362,1202,0.0533195,0.00324362,short
905,0.0034756,0.00399052,0.00372417,1202,0.0533195,0.00372417,short
906,0.00399052,0.00458174,0.00427592,1202,0.0533195,0.00427592,short
907,0.00458174,0.00526054,0.00490942,1202,0.0533195,0.00490942,short
908,0.00526054,0.0060399,0.00563677,1202,0.0533195,0.00563677,short
909,0.0060399,0.00693474,0.00647187,1202,0.0533195,0.00647187,short
910,0.00693474,0.00796214,0.0074307,1202,0.0533195,0.0074307,short
911,0.00796214,0.00914176,0.00853159,1202,0.0533195,0.00853159,short
912,0.00914176,0.0104961,0.00979558,1202,0.0533195,0.00979558,short
913,0.0104961,0.0120512,0.0112468,1202,0.0533195,0.0112468,short
914,0.0120512,0.0138366,0.0129131,1202,0.0533195,0.0129131,short
915,0.0138366,0.0158866,0.0148262,1202,0.0533195,0.0148262,short
916,0.0158866,0.0182402,0.0170228,1202,0.0533195,0.0170228,short
917,0.0182402,0.0209426,0.0195447,1202,0.0533195,0.0195447,short
918,0.0209426,0.0240453,0.0224404,1202,0.0533195,0.0224404,short
919,0.0240453,0.0276077,0.025765,1202,0.0533195,0.025765,short
920,0.0276077,0.0316979,0.0295822,1202,0.0533195,0.0295822,short
921,0.0316979,0.036394,0.0339649,1202,0.0533195,0.0339649,short
922,0.036394,0.0417859,0.0389969,1202,0.0533195,0.0389969,short
923,0.0417859,0.0479767,0.0447744,1202,0.0533195,0.0447744,short
924,0.0479767,0.0550846,0.0514079,1202,0.0533195,0.0514079,short
925,0.0550846,0.0632456,0.0590242,1202,0.0533195,0.0590242,short
926,0.0632456,0.0726156,0.0677688,1202,0.0533195,0.0677688,short
927,0.0726156,0.0833739,0.077809,1202,0.0533195,0.077809,short
928,0.0833739,0.095726,0.0893367,1202,0.0533195,0.0893367,short
929,0.095726,0.109908,0.102572,1202,0.0533195,0.102572,short
930,0.109908,0.126191,0.117769,1202,0.0533195,0.117769,short
931,0.126191,0.144887,0.135217,1202,0.0533195,0.135217,short
932,0.144887,0.166353,0.155249,1202,0.0533195,0.155249,short
933,0.166353,0.190999,0.17825,1202,0.0533195,0.17825,short
934,0.190999,0.219296,0.204659,1202,0.0533195,0.204659,short
935,0.219296,0.251785,0.23498,1202,0.0533195,0.23498,short
936,0.251785,0.289088,0.269793,1202,0.0533195,0.269793,short
937,0.289088,0.331917,0.309763,1202,0.0533195,0.309763,short
938,0.331917,0.381092,0.355656,1202,0.0533195,0.355656,short
939,0.381092,0.437552,0.408348,1202,0.0533195,0.408348,short
940,0.437552,0.502377,0.468846,1202,0.0533195,0.468846,short
941,0.502377,0.576806,0.538307,1202,0.0533195,0.538307,short
942,0.576806,0.662262,0.618059,1202,0.0533195,0.618059,short
943,0.662262,0.760379,0.709627,1202,0.0533195,0.709627,short
944,0.760379,0.873032,0.814761,1202,0.0533195,0.814761,short
945,0.873032,1.00237,0.93547,1202,0.0533195,0.93547,short
946,1.00237,1.15088,1.07406,1202,0.0533195,1.07406,short
947,1.15088,1.32139,1.23319,1202,0.0533195,1.23319,short
948,1.32139,1.51716,1.41589,1202,0.0533195,1.41589,short
949,1.51716,1.74193,1.62566,1202,0.0533195,1.62566,short
950,1.74193,2,1.86651,1202,0.0533195,1.86651,short
951,0.002,0.00229631,0.00214304,1202,0.0605967,0.00214304,short
952,0.00229631,0.00263651,0.00246054,1202,0.0605967,0.00246054,short
953,0.00263651,0.00302712,0.00282508,1202,0.0605967,0.00282508,short
954,0.00302712,0.0034756,0.00324362,1202,0.0605967,0.00324362,short
955,0.0034756,0.00399052,0.00372417,1202,0.0605967,0.00372417,short
956,0.00399052,0.00458174,0.00427592,1202,0.0605967,0.00427592,short
957,0.00458174,0.00526054,0.00490942,1202,0.0605967,0.00490942,short
958,0.00526054,0.0060399,0.00563677,1202,0.0605967,0.00563677,short
959,0.0060399,0.00693474,0.00647187,1202,0.0605967,0.00647187,short
960,0.00693474,0.00796214,0.0074307,1202,0.0605967,0.0074307,short
961,0.00796214,0.00914176,0.00853159,1202,0.0605967,0.00853159,short
962,0.00914176,0.0104961,0.00979558,1202,0.0605967,0.00979558,short
963,0.0104961,0.0120512,0.0112468,1202,0.0605967,0.0112468,short
964,0.0120512,0.0138366,0.0129131,1202,0.0605967,0.0129131,short
965,0.0138366,0.0158866,0.0148262,1202,0.0605967,0.0148262,short
966,0.0158866,0.0182402,0.0170228,1202,0.0605967,0.0170228,short
967,0.0182402,0.0209426,0.0195447,1202,0.0605967,0.0195447,short
968,0.0209426,0.0240453,0.0224404,1202,0.0605967,0.0224404,short
969,0.0240453,0.0276077,0.025765,1202,0.0605967,0.025765,short
970,0.0276077,0.0316979,0.0295822,1202,0.0605967,0.0295822,short
971,0.0316979,0.036394,0.0339649,1202,0.0605967,0.0339649,short
972,0.036394,0.0417859,0.0389969,1202,0.0605967,0.0389969,short
973,0.0417859,0.0479767,0.0447744,1202,0.0605967,0.0447744,short
974,0.0479767,0.0550846,0.0514079,1202,0.0605967,0.0514079,short
975,0.0550846,0.0632456,0.0590242,1202,0.0605967,0.0590242,short
976,0.0632456,0.0726156,0.0677688,1202,0.0605967,0.0677688,short
977,0.0726156,0.0833739,0.077809,1202,0.0605967,0.077809,short
978,0.0833739,0.095726,0.0893367,1202,0.0605967,0.0893367,short
979,0.095726,0.109908,0.102572,1202,0.0605967,0.102572,short
980,0.109908,0.126191,0.117769,1202,0.0605967,0.117769,short
981,0.126191,0.144887,0.135217,1202,0.0605967,0.135217,short
982,0.144887,0.166353,0.155249,1202,0.0605967,0.155249,short
983,0.166353,0.190999,0.17825,1202,0.0605967,0.17825,short
984,0.190999,0.219296,0.204659,1202,0.0605967,0.204659,short
985,0.219296,0.251785,0.23498,1202,0.0605967,0.23498,short
986,0.251785,0.289088,0.269793,1202,0.0605967,0.269793,short
987,0.289088,0.331917,0.309763,1202,0.0605967,0.309763,short
988,0.331917,0.381092,0.355656,1202,0.0605967,0.355656,short
989,0.381092,0.437552,0.408348,1202,0.0605967,0.408348,short
990,0.437552,0.502377,0.468846,1202,0.0605967,0.468846,short
991,0.502377,0.576806,0.538307,1202,0.0605967,0.538307,short
992,0.576806,0.662262,0.618059,1202,0.0605967,0.618059,short
993,0.662262,0.760379,0.709627,1202,0.0605967,0.709627,short
994,0.760379,0.873032,0.814761,1202,0.0605967,0.814761,short
995,0.873032,1.00237,0.93547,1202,0.0605967,0.93547,short
996,1.00237,1.15088,1.07406,1202,0.0605967,1.07406,short
997,1.15088,1.32139,1.23319,1202,0.0605967,1.23319,short
998,1.32139,1.51716,1.41589,1202,0.0605967,1.41589,short
999,1.51716,1.74193,1.62566,1202,0.0605967,1.62566,short
1000,1.74193,2,1.86651,1202,0.0605967,1.86651,short
1001,0.002,0.00229631,0.00214304,1202,0.0688671,0.00214304,short
1002,0.00229631,0.00263651,0.00246054,1202,0.0688671,0.00246054,short
1003,0.00263651,0.00302712,0.00282508,1202,0.0688671,0.00282508,short
1004,0.00302712,0.0034756,0.00324362,1202,0.0688671,0.00324362,short
1005,0.0034756,0.00399052,0.00372417,1202,0.0688671,0.00372417,short
1006,0.00399052,0.00458174,0.00427592,1202,0.0688671,0.00427592,short
1007,0.00458174,0.00526054,0.00490942,1202,0.0688671,0.00490942,short
1008,0.00526054,0.0060399,0.00563677,1202,0.0688671,0.00563677,short
1009,0.0060399,0.00693474,0.00647187,1202,0.0688671,0.00647187,short
1010,0.00693474,0.00796214,0.0074307,1202,0.0688671,0.0074307,short
1011,0.00796214,0.00914176,0.00853159,1202,0.0688671,0.00853159,short
1012,0.00914176,0.0104961,0.00979558,1202,0.0688671,0.00979558,short
1013,0.0104961,0.0120512,0.0112468,1202,0.0688671,0.0112468,short
1014,0.0120512,0.0138366,0.0129131,1202,0.0688671,0.0129131,short
1015,0.0138366,0.0158866,0.0148262,1202,0.0688671,0.0148262,short
1016,0.0158866,0.0182402,0.0170228,1202,0.0688671,0.0170228,short
1017,0.0182402,0.0209426,0.0195447,1202,0.0688671,0.0195447,short
1018,0.0209426,0.0240453,0.0224404,1202,0.0688671,0.0224404,short
1019,0.0240453,0.0276077,0.025765,1202,0.0688671,0.025765,short
1020,0.0276077,0.0316979,0.0295822,1202,0.0688671,0.0295822,short
1021,0.0316979,0.036394,0.0339649,1202,0.0688671,0.0339649,short
1022,0.036394,0.0417859,0.0389969,1202,0.0688671,0.0389969,short
1023,0.0417859,0.0479767,0.0447744,1202,0.0688671,0.0447744,short
1024,0.0479767,0.0550846,0.0514079,1202,0.0688671,0.0514079,short
1025,0.0550846,0.0632456,0.0590242,1202,0.0688671,0.0590242,short
1026,0.0632456,0.0726156,0.0677688,1202,0.0688671,0.0677688,short
1027,0.0726156,0.0833739,0.077809,1202,0.0688671,0.077809,short
1028,0.0833739,0.095726,0.0893367,1202,0.0688671,0.0893367,short
1029,0.095726,0.109908,0.102572,1202,0.0688671,0.102572,short
1030,0.109908,0.126191,0.117769,1202,0.0688671,0.117769,short
1031,0.126191,0.144887,0.135217,1202,0.0688671,0.135217,short
1032,0.144887,0.166353,0.155249,1202,0.0688671,0.155249,short
1033,0.166353,0.190999,0.17825,1202,0.0688671,0.17825,short
1034,0.190999,0.219296,0.204659,1202,0.0688671,0.204659,short
1035,0.219296,0.251785,0.23498,1202,0.0688671,0.23498,short
1036,0.251785,0.289088,0.269793,1202,0.0688671,0.269793,short
1037,0.289088,0.331917,0.309763,1202,0.0688671,0.309763,short
1038,0.331917,0.381092,0.355656,1202,0.0688671,0.355656,short
1039,0.381092,0.437552,0.408348,1202,0.0688671,0.408348,short
1040,0.437552,0.502377,0.468846,1202,0.0688671,0.468846,short
1041,0.502377,0.576806,0.538307,1202,0.0688671,0.538307,short
1042,0.576806,0.662262,0.618059,1202,0.0688671,0.618059,short
1043,0.662262,0.760379,0.709627,1202,0.0688671,0.709627,short
1044,0.760379,0.873032,0.814761,1202,0.0688671,0.814761,short
1045,0.873032,1.00237,0.93547,1202,0.0688671,0.93547,short
1046,1.00237,1.15088,1.07406,1202,0.0688671,1.07406,short
1047,1.15088,1.32139,1.23319,1202,0.0688671,1.23319,short
1048,1.32139,1.51716,1.41589,1202,0.0688671,1.41589,short
1049,1.51716,1.74193,1.62566,1202,0.0688671,1.62566,short
1050,1.74193,2,1.86651,1202,0.0688671,1.86651,short
1051,0.002,0.00229631,0.00214304,1202,0.0782663,0.00214304,short
1052,0.00229631,0.00263651,0.00246054,1202,0.0782663,0.00246054,short
1053,0.00263651,0.00302712,0.00282508,1202,0.0782663,0.00282508,short
1054,0.00302712,0.0034756,0.00324362,1202,0.0782663,0.00324362,short
1055,0.0034756,0.00399052,0.00372417,1202,0.0782663,0.00372417,short
1056,0.00399052,0.00458174,0.00427592,1202,0.0782663,0.00427592,short
1057,0.00458174,0.00526054,0.00490942,1202,0.0782663,0.00490942,short
1058,0.00526054,0.0060399,0.00563677,1202,0.0782663,0.00563677,short
1059,0.0060399,0.00693474,0.00647187,1202,0.0782663,0.00647187,short
1060,0.00693474,0.00796214,0.0074307,1202,0.0782663,0.0074307,short
1061,0.00796214,0.00914176,0.00853159,1202,0.0782663,0.00853159,short
1062,0.00914176,0.0104961,0.00979558,1202,0.0782663,0.00979558,short
1063,0.0104961,0.0120512,0.0112468,1202,0.0782663,0.0112468,short
1064,0.0120512,0.0138366,0.0129131,1202,0.0782663,0.0129131,short
1065,0.0138366,0.0158866,0.0148262,1202,0.0782663,0.0148262,short
1066,0.0158866,0.0182402,0.0170228,1202,0.0782663,0.0170228,short
1067,0.0182402,0.0209426,0.0195447,1202,0.0782663,0.0195447,short
1068,0.0209426,0.0240453,0.0224404,1202,0.0782663,0.0224404,short
1069,0.0240453,0.0276077,0.025765,1202,0.0782663,0.025765,short
1070,0.0276077,0.0316979,0.0295822,1202,0.0782663,0.0295822,short
1071,0.0316979,0.036394,0.0339649,1202,0.0782663,0.0339649,short
1072,0.036394,0.0417859,0.0389969,1202,0.0782663,0.0389969,short
1073,0.0417859,0.0479767,0.0447744,1202,0.0782663,0.0447744,short
1074,0.0479767,0.0550846,0.0514079,1202,0.0782663,0.0514079,short
1075,0.0550846,0.0632456,0.0590242,1202,0.0782663,0.0590242,short
1076,0.0632456,0.0726156,0.0677688,1202,0.0782663,0.0677688,short
1077,0.0726156,0.0833739,0.077809,1202,0.0782663,0.077809,short
1078,0.0833739,0.095726,0.0893367,1202,0.0782663,0.0893367,short
1079,0.095726,0.109908,0.102572,1202,0.0782663,0.102572,short
1080,0.109908,0.126191,0.117769,1202,0.0782663,0.117769,short
1081,0.126191,0.144887,0.135217,1202,0.0782663,0.135217,short
1082,0.144887,0.166353,0.155249,1202,0.0782663,0.155249,short
1083,0.166353,0.190999,0.17825,1202,0.0782663,0.17825,short
1084,0.190999,0.219296,0.204659,1202,0.0782663,0.204659,short
1085,0.219296,0.251785,0.23498,1202,0.0782663,0.23498,short
1086,0.251785,0.289088,0.269793,1202,0.0782663,0.269793,short
1087,0.289088,0.331917,0.309763,1202,0.0782663,0.309763,short
1088,0.331917,0.381092,0.355656,1202,0.0782663,0.355656,short
1089,0.381092,0.437552,0.408348,1202,0.0782663,0.408348,short
1090,0.437552,0.502377,0.468846,1202,0.0782663,0.468846,short
1091,0.502377,0.576806,0.538307,1202,0.0782663,0.538307,short
1092,0.576806,0.662262,0.618059,1202,0.0782663,0.618059,short
1093,0.662262,0.760379,0.709627,1202,0.0782663,0.709627,short
1094,0.760379,0.873032,0.814761,1202,0.0782663,0.814761,short
1095,0.873032,1.00237,0.93547,1202,0.0782663,0.93547,short
1096,1.00237,1.15088,1.07406,1202,0.0782663,1.07406,short
1097,1.15088,1.32139,1.23319,1202,0.0782663,1.23319,short
1098,1.32139,1.51716,1.41589,1202,0.0782663,1.41589,short
1099,1.51716,1.74193,1.62566,1202,0.0782663,1.62566,short
1100,1.74193,2,1.86651,1202,0.0782663,1.86651,short
1101,0.002,0.00229631,0.00214304,1202,0.0889484,0.00214304,short
1102,0.00229631,0.00263651,0.00246054,1202,0.0889484,0.00246054,short
1103,0.00263651,0.00302712,0.00282508,1202,0.0889484,0.00282508,short
1104,0.00302712,0.0034756,0.00324362,1202,0.0889484,0.00324362,short
1105,0.0034756,0.00399052,0.00372417,1202,0.0889484,0.00372417,short
1106,0.00399052,0.00458174,0.00427592,1202,0.0889484,0.00427592,short
1107,0.00458174,0.00526054,0.00490942,1202,0.0889484,0.00490942,short
1108,0.00526054,0.0060399,0.00563677,1202,0.0889484,0.00563677,short
1109,0.0060399,0.00693474,0.00647187,1202,0.0889484,0.00647187,short
1110,0.00693474,0.00796214,0.0074307,1202,0.0889484,0.0074307,short
1111,0.00796214,0.00914176,0.00853159,1202,0.0889484,0.00853159,short
1112,0.00914176,0.0104961,0.00979558,1202,0.0889484,0.00979558,short
1113,0.0104961,0.0120512,0.0112468,1202,0.0889484,0.0112468,short
1114,0.0120512,0.0138366,0.0129131,1202,0.0889484,0.0129131,short
1115,0.0138366,0.0158866,0.0148262,1202,0.0889484,0.0148262,short
1116,0.0158866,0.0182402,0.0170228,1202,0.0889484,0.0170228,short
1117,0.0182402,0.0209426,0.0195447,1202,0.0889484,0.0195447,short
1118,0.0209426,0.0240453,0.0224404,1202,0.0889484,0.0224404,short
1119,0.0240453,0.0276077,0.025765,1202,0.0889484,0.025765,short
1120,0.0276077,0.0316979,0.0295822,1202,0.0889484,0.0295822,short
1121,0.0316979,0.036394,0.0339649,1202,0.0889484,0.0339649,short
1122,0.036394,0.0417859,0.0389969,1202,0.0889484,0.0389969,short
1123,0.0417859,0.0479767,0.0447744,1202,0.0889484,0.0447744,short
1124,0.0479767,0.0550846,0.0514079,1202,0.0889484,0.0514079,short
1125,0.0550846,0.0632456,0.0590242,1202,0.0889484,0.0590242,short
1126,0.0632456,0.0726156,0.0677688,1202,0.0889484,0.0677688,short
1127,0.0726156,0.0833739,0.077809,1202,0.0889484,0.077809,short
1128,0.0833739,0.095726,0.0893367,1202,0.0889484,0.0893367,short
1129,0.095726,0.109908,0.102572,1202,0.0889484,0.102572,short
1130,0.109908,0.126191,0.117769,1202,0.0889484,0.117769,short
1131,0.126191,0.144887,0.135217,1202,0.0889484,0.135217,short
1132,0.144887,0.166353,0.155249,1202,0.0889484,0.155249,short
1133,0.166353,0.190999,0.17825,1202,0.0889484,0.17825,short
1134,0.190999,0.219296,0.204659,1202,0.0889484,0.204659,short
1135,0.219296,0.251785,0.23498,1202,0.0889484,0.23498,short
1136,0.251785,0.289088,0.269793,1202,0.0889484,0.269793,short
1137,0.289088,0.331917,0.309763,1202,0.0889484,0.309763,short
1138,0.331917,0.381092,0.355656,1202,0.0889484,0.355656,short
1139,0.381092,0.437552,0.408348,1202,0.0889484,0.408348,short
1140,0.437552,0.502377,0.468846,1202,0.0889484,0.468846,short
1141,0.502377,0.576806,0.538307,1202,0.0889484,0.538307,short
1142,0.576806,0.662262,0.618059,1202,0.0889484,0.618059,short
1143,0.662262,0.760379,0.709627,1202,0.0889484,0.709627,short
1144,0.760379,0.873032,0.814761,1202,0.0889484,0.814761,short
1145,0.873032,1.00237,0.93547,1202,0.0889484,0.93547,short
1146,1.00237,1.15088,1.07406,1202,0.0889484,1.07406,short
1147,1.15088,1.32139,1.23319,1202,0.0889484,1.23319,short
1148,1.32139,1.51716,1.41589,1202,0.0889484,1.41589,short
1149,1.51716,1.74193,1.62566,1202,0.0889484,1.62566,short
1150,1.74193,2,1.86651,1202,0.0889484,1.86651,short
1151,0.002,0.00229631,0.00214304,1202,0.101088,0.00214304,short
1152,0.00229631,0.00263651,0.00246054,1202,0.101088,0.00246054,short
1153,0.00263651,0.00302712,0.00282508,1202,0.101088,0.00282508,short
1154,0.00302712,0.0034756,0.00324362,1202,0.101088,0.00324362,short
1155,0.0034756,0.00399052,0.00372417,1202,0.101088,0.00372417,short
1156,0.00399052,0.00458174,0.00427592,1202,0.101088,0.00427592,short
1157,0.00458174,0.00526054,0.00490942,1202,0.101088,0.00490942,short
1158,0.00526054,0.0060399,0.00563677,1202,0.101088,0.00563677,short
1159,0.0060399,0.00693474,0.00647187,1202,0.101088,0.00647187,short
1160,0.00693474,0.00796214,0.0074307,1202,0.101088,0.0074307,short
1161,0.00796214,0.00914176,0.00853159,1202,0.101088,0.00853159,short
1162,0.00914176,0.0104961,0.00979558,1202,0.101088,0.00979558,short
1163,0.0104961,0.0120512,0.0112468,1202,0.101088,0.0112468,short
1164,0.0120512,0.0138366,0.0129131,1202,0.101088,0.0129131,short
1165,0.0138366,0.0158866,0.0148262,1202,0.101088,0.0148262,short
1166,0.0158866,0.0182402,0.0170228,1202,0.101088,0.0170228,short
1167,0.0182402,0.0209426,0.0195447,1202,0.101088,0.0195447,short
1168,0.0209426,0.0240453,0.0224404,1202,0.101088,0.0224404,short
1169,0.0240453,0.0276077,0.025765,1202,0.101088,0.025765,short
1170,0.0276077,0.0316979,0.0295822,1202,0.101088,0.0295822,short
1171,0.0316979,0.036394,0.0339649,1202,0.101088,0.0339649,short
1172,0.036394,0.0417859,0.0389969,1202,0.101088,0.0389969,short
1173,0.0417859,0.0479767,0.0447744,1202,0.101088,0.0447744,short
1174,0.0479767,0.0550846,0.0514079,1202,0.101088,0.0514079,short
1175,0.0550846,0.0632456,0.0590242,1202,0.101088,0.0590242,short
1176,0.0632456,0.0726156,0.0677688,1202,0.101088,0.0677688,short
1177,0.0726156,0.0833739,0.077809,1202,0.101088,0.077809,short
1178,0.0833739,0.095726,0.0893367,1202,0.101088,0.0893367,short
1179,0.095726,0.109908,0.102572,1202,0.101088,0.102572,short
1180,0.109908,0.126191,0.117769,1202,0.101088,0.117769,short
1181,0.126191,0.144887,0.135217,1202,0.101088,0.135217,short
1182,0.144887,0.166353,0.155249,1202,0.101088,0.155249,short
1183,0.166353,0.190999,0.17825,1202,0.101088,0.17825,short
1184,0.190999,0.219296,0.204659,1202,0.101088,0.204659,short
1185,0.219296,0.251785,0.23498,1202,0.101088,0.23498,short
1186,0.251785,0.289088,0.269793,1202,0.101088,0.269793,short
1187,0.289088,0.331917,0.309763,1202,0.101088,0.309763,short
1188,0.331917,0.381092,0.355656,1202,0.101088,0.355656,short
1189,0.381092,0.437552,0.408348,1202,0.101088,0.408348,short
1190,0.437552,0.502377,0.468846,1202,0.101088,0.468846,short
1191,0.502377,0.576806,0.538307,1202,0.101088,0.538307,short
1192,0.576806,0.662262,0.618059,1202,0.101088,0.618059,short
1193,0.662262,0.760379,0.709627,1202,0.101088,0.709627,short
1194,0.760379,0.873032,0.814761,1202,0.101088,0.814761,short
1195,0.873032,1.00237,0.93547,1202,0.101088,0.93547,short
1196,1.00237,1.15088,1.07406,1202,0.101088,1.07406,short
1197,1.15088,1.32139,1.23319,1202,0.101088,1.23319,short
1198,1.32139,1.51716,1.41589,1202,0.101088,1.41589,short
1199,1.51716,1.74193,1.62566,1202,0.101088,1.62566,short
1200,1.74193,2,1.86651,1202,0.101088,1.86651,short
1201,0.002,0.00229631,0.00214304,1202,0.114885,0.00214304,short
1202,0.00229631,0.00263651,0.00246054,1202,0.114885,0.00246054,short
1203,0.00263651,0.00302712,0.00282508,1202,0.114885,0.00282508,short
1204,0.00302712,0.0034756,0.00324362,1202,0.114885,0.00324362,short
1205,0.0034756,0.00399052,0.00372417,1202,0.114885,0.00372417,short
1206,0.00399052,0.00458174,0.00427592,1202,0.114885,0.00427592,short
1207,0.00458174,0.00526054,0.00490942,1202,0.114885,0.00490942,short
1208,0.00526054,0.0060399,0.00563677,1202,0.114885,0.00563677,short
1209,0.0060399,0.00693474,0.00647187,1202,0.114885,0.00647187,short
1210,0.00693474,0.00796214,0.0074307,1202,0.114885,0.0074307,short
1211,0.00796214,0.00914176,0.00853159,1202,0.114885,0.00853159,short
1212,0.00914176,0.0104961,0.00979558,1202,0.114885,0.00979558,short
1213,0.0104961,0.0120512,0.0112468,1202,0.114885,0.0112468,short
1214,0.0120512,0.0138366,0.0129131,1202,0.114885,0.0129131,short
1215,0.0138366,0.0158866,0.0148262,1202,0.114885,0.0148262,short
1216,0.0158866,0.0182402,0.0170228,1202,0.114885,0.0170228,short
1217,0.0182402,0.0209426,0.0195447,1202,0.114885,0.0195447,short
1218,0.0209426,0.0240453,0.0224404,1202,0.114885,0.0224404,short
1219,0.0240453,0.0276077,0.025765,1202,0.114885,0.025765,short
1220,0.0276077,0.0316979,0.0295822,1202,0.114885,0.0295822,short
1221,0.0316979,0.036394,0.0339649,1202,0.114885,0.0339649,short
1222,0.036394,0.0417859,0.0389969,1202,0.114885,0.0389969,short
1223,0.0417859,0.0479767,0.0447744,1202,0.114885,0.0447744,short
1224,0.0479767,0.0550846,0.0514079,1202,0.114885,0.0514079,short
1225,0.0550846,0.0632456,0.0590242,1202,0.114885,0.0590242,short
1226,0.0632456,0.0726156,0.0677688,1202,0.114885,0.0677688,short
1227,0.0726156,0.0833739,0.077809,1202,0.114885,0.077809,short
1228,0.0833739,0.095726,0.0893367,1202,0.114885,0.0893367,short
1229,0.095726,0.109908,0.102572,1202,0.114885,0.102572,short
1230,0.109908,0.126191,0.117769,1202,0.114885,0.117769,short
1231,0.126191,0.144887,0.135217,1202,0.114885,0.135217,short
1232,0.144887,0.166353,0.155249,1202,0.114885,0.155249,short
1233,0.166353,0.190999,0.17825,1202,0.114885,0.17825,short
1234,0.190999,0.219296,0.204659,1202,0.114885,0.204659,short
1235,0.219296,0.251785,0.23498,1202,0.114885,0.23498,short
1236,0.251785,0.289088,0.269793,1202,0.114885,0.269793,short
1237,0.289088,0.331917,0.309763,1202,0.114885,0.309763,short
1238,0.331917,0.381092,0.355656,1202,0.114885,0.355656,short
1239,0.381092,0.437552,0.408348,1202,0.114885,0.408348,short
1240,0.437552,0.502377,0.468846,1202,0.114885,0.468846,short
1241,0.502377,0.576806,0.538307,1202,0.114885,0.538307,short
1242,0.576806,0.662262,0.618059,1202,0.114885,0.618059,short
1243,0.662262,0.760379,0.709627,1202,0.114885,0.709627,short
1244,0.760379,0.873032,0.814761,1202,0.114885,0.814761,short
1245,0.873032,1.00237,0.93547,1202,0.114885,0.93547,short
1246,1.00237,1.15088,1.07406,1202,0.114885,1.07406,short
1247,1.15088,1.32139,1.23319,1202,0.114885,1.23319,short
1248,1.32139,1.51716,1.41589,1202,0.114885,1.41589,short
1249,1.51716,1.74193,1.62566,1202,0.114885,1.62566,short
1250,1.74193,2,1.86651,1202,0.114885,1.86651,short
1251,0.002,0.00229631,0.00214304,1202,0.130565,0.00214304,short
1252,0.00229631,0.00263651,0.00246054,1202,0.130565,0.00246054,short
1253,0.00263651,0.00302712,0.00282508,1202,0.130565,0.00282508,short
1254,0.00302712,0.0034756,0.00324362,1202,0.130565,0.00324362,short
1255,0.0034756,0.00399052,0.00372417,1202,0.130565,0.00372417,short
1256,0.00399052,0.00458174,0.00427592,1202,0.130565,0.00427592,short
1257,0.00458174,0.00526054,0.00490942,1202,0.130565,0.00490942,short
1258,0.00526054,0.0060399,0.00563677,1202,0.130565,0.00563677,short
1259,0.0060399,0.00693474,0.00647187,1202,0.130565,0.00647187,short
1260,0.00693474,0.00796214,0.0074307,1202,0.130565,0.0074307,short
1261,0.00796214,0.00914176,0.00853159,1202,0.130565,0.00853159,short
1262,0.00914176,0.0104961,0.00979558,1202,0.130565,0.00979558,short
1263,0.0104961,0.0120512,0.0112468,1202,0.130565,0.0112468,short
1264,0.0120512,0.0138366,0.0129131,1202,0.130565,0.0129131,short
1265,0.0138366,0.0158866,0.0148262,1202,0.130565,0.0148262,short
1266,0.0158866,0.0182402,0.0170228,1202,0.130565,0.0170228,short
1267,0.0182402,0.0209426,0.0195447,1202,0.130565,0.0195447,short
1268,0.0209426,0.0240453,0.0224404,1202,0.130565,0.0224404,short
1269,0.0240453,0.0276077,0.025765,1202,0.130565,0.025765,short
1270,0.0276077,0.0316979,0.0295822,1202,0.130565,0.0295822,short
1271,0.0316979,0.036394,0.0339649,1202,0.130565,0.0339649,short
1272,0.036394,0.0417859,0.0389969,1202,0.130565,0.0389969,short
1273,0.0417859,0.0479767,0.0447744,1202,0.130565,0.0447744,short
1274,0.0479767,0.0550846,0.0514079,1202,0.130565,0.0514079,short
1275,0.0550846,0.0632456,0.0590242,1202,0.130565,0.0590242,short
1276,0.0632456,0.0726156,0.0677688,1202,0.130565,0.0677688,short
1277,0.0726156,0.0833739,0.077809,1202,0.130565,0.077809,short
1278,0.0833739,0.095726,0.0893367,1202,0.130565,0.0893367,short
1279,0.095726,0.109908,0.102572,1202,0.130565,0.102572,short
1280,0.109908,0.126191,0.117769,1202,0.130565,0.117769,short
1281,0.126191,0.144887,0.135217,1202,0.130565,0.135217,short
1282,0.144887,0.166353,0.155249,1202,0.130565,0.155249,short
1283,0.166353,0.190999,0.17825,1202,0.130565,0.17825,short
1284,0.190999,0.219296,0.204659,1202,0.130565,0.204659,short
1285,0.219296,0.251785,0.23498,1202,0.130565,0.23498,short
1286,0.251785,0.289088,0.269793,1202,0.130565,0.269793,short
1287,0.289088,0.331917,0.309763,1202,0.130565,0.309763,short
1288,0.331917,0.381092,0.355656,1202,0.130565,0.355656,short
1289,0.381092,0.437552,0.408348,1202,0.130565,0.408348,short
1290,0.437552,0.502377,0.468846,1202,0.130565,0.468846,short
1291,0.502377,0.576806,0.538307,1202,0.130565,0.538307,short
1292,0.576806,0.662262,0.618059,1202,0.130565,0.618059,short
1293,0.662262,0.760379,0.709627,1202,0.130565,0.709627,short
1294,0.760379,0.873032,0.814761,1202,0.130565,0.814761,short
1295,0.873032,1.00237,0.93547,1202,0.130565,0.93547,short
1296,1.00237,1.15088,1.07406,1202,0.130565,1.07406,short
1297,1.15088,1.32139,1.23319,1202,0.130565,1.23319,short
1298,1.32139,1.51716,1.41589,1202,0.130565,1.41589,short
1299,1.51716,1.74193,1.62566,1202,0.130565,1.62566,short
1300,1.74193,2,1.86651,1202,0.130565,1.86651,short
1301,0.002,0.00229631,0.00214304,1202,0.148385,0.00214304,short
1302,0.00229631,0.00263651,0.00246054,1202,0.148385,0.00246054,short
1303,0.00263651,0.00302712,0.00282508,1202,0.148385,0.00282508,short
1304,0.00302712,0.0034756,0.00324362,1202,0.148385,0.00324362,short
1305,0.0034756,0.00399052,0.00372417,1202,0.148385,0.00372417,short
1306,0.00399052,0.00458174,0.00427592,1202,0.148385,0.00427592,short
1307,0.00458174,0.00526054,0.00490942,1202,0.148385,0.00490942,short
1308,0.00526054,0.0060399,0.00563677,1202,0.148385,0.00563677,short
1309,0.0060399,0.00693474,0.00647187,1202,0.148385,0.00647187,short
1310,0.00693474,0.00796214,0.0074307,1202,0.148385,0.0074307,short
1311,0.00796214,0.00914176,0.00853159,1202,0.148385,0.00853159,short
1312,0.00914176,0.0104961,0.00979558,1202,0.148385,0.00979558,short
1313,0.0104961,0.0120512,0.0112468,1202,0.148385,0.0112468,short
1314,0.0120512,0.0138366,0.0129131,1202,0.148385,0.0129131,short
1315,0.0138366,0.0158866,0.0148262,1202,0.148385,0.0148262,short
1316,0.0158866,0.0182402,0.0170228,1202,0.148385,0.0170228,short
1317,0.0182402,0.0209426,0.0195447,1202,0.148385,0.0195447,short
1318,0.0209426,0.0240453,0.0224404,1202,0.148385,0.0224404,short
1319,0.0240453,0.0276077,0.025765,1202,0.148385,0.025765,short
1320,0.0276077,0.0316979,0.0295822,1202,0.148385,0.0295822,short
1321,0.0316979,0.036394,0.0339649,1202,0.148385,0.0339649,short
1322,0.036394,0.0417859,0.0389969,1202,0.148385,0.0389969,short
1323,0.0417859,0.0479767,0.0447744,1202,0.148385,0.0447744,short
1324,0.0479767,0.0550846,0.0514079,1202,0.148385,0.0514079,short
1325,0.0550846,0.0632456,0.0590242,1202,0.148385,0.0590242,short
1326,0.0632456,0.0726156,0.0677688,1202,0.148385,0.0677688,short
1327,0.0726156,0.0833739,0.077809,1202,0.148385,0.077809,short
1328,0.0833739,0.095726,0.0893367,1202,0.148385,0.0893367,short
1329,0.095726,0.109908,0.102572,1202,0.148385,0.102572,short
1330,0.109908,0.126191,0.117769,1202,0.148385,0.117769,short
1331,0.126191,0.144887,0.135217,1202,0.148385,0.135217,short
1332,0.144887,0.166353,0.155249,1202,0.148385,0.155249,short
1333,0.166353,0.190999,0.17825,1202,0.148385,0.17825,short
1334,0.190999,0.219296,0.204659,1202,0.148385,0.204659,short
1335,0.219296,0.251785,0.23498,1202,0.148385,0.23498,short
1336,0.251785,0.289088,0.269793,1202,0.148385,0.269793,short
1337,0.289088,0.331917,0.309763,1202,0.148385,0.309763,short
1338,0.331917,0.381092,0.355656,1202,0.148385,0.355656,short
1339,0.381092,0.437552,0.408348,1202,0.148385,0.408348,short
1340,0.437552,0.502377,0.468846,1202,0.148385,0.468846,short
1341,0.502377,0.576806,0.538307,1202,0.148385,0.538307,short
1342,0.576806,0.662262,0.618059,1202,0.148385,0.618059,short
1343,0.662262,0.760379,0.709627,1202,0.148385,0.709627,short
1344,0.760379,0.873032,0.814761,1202,0.148385,0.814761,short
1345,0.873032,1.00237,0.93547,1202,0.148385,0.93547,short
1346,1.00237,1.15088,1.07406,1202,0.148385,1.07406,short
1347,1.15088,1.32139,1.23319,1202,0.148385,1.23319,short
1348,1.32139,1.51716,1.41589,1202,0.148385,1.41589,short
1349,1.51716,1.74193,1.62566,1202,0.148385,1.62566,short
1350,1.74193,2,1.86651,1202,0.148385,1.86651,short
1351,0.002,0.00229631,0.00214304,1202,0.168637,0.00214304,short
1352,0.00229631,0.00263651,0.00246054,1202,0.168637,0.00246054,short
1353,0.00263651,0.00302712,0.00282508,1202,0.168637,0.00282508,short
1354,0.00302712,0.0034756,0.00324362,1202,0.168637,0.00324362,short
1355,0.0034756,0.00399052,0.00372417,1202,0.168637,0.00372417,short
1356,0.00399052,0.00458174,0.00427592,1202,0.168637,0.00427592,short
1357,0.00458174,0.00526054,0.00490942,1202,0.168637,0.00490942,short
1358,0.00526054,0.0060399,0.00563677,1202,0.168637,0.00563677,short
1359,0.0060399,0.00693474,0.00647187,1202,0.168637,0.00647187,short
1360,0.00693474,0.00796214,0.0074307,1202,0.168637,0.0074307,short
1361,0.00796214,0.00914176,0.00853159,1202,0.168637,0.00853159,short
1362,0.00914176,0.0104961,0.00979558,1202,0.168637,0.00979558,short
1363,0.0104961,0.0120512,0.0112468,1202,0.168637,0.0112468,short
1364,0.0120512,0.0138366,0.0129131,1202,0.168637,0.0129131,short
1365,0.0138366,0.0158866,0.0148262,1202,0.168637,0.0148262,short
1366,0.0158866,0.0182402,0.0170228,1202,0.168637,0.0170228,short
1367,0.0182402,0.0209426,0.0195447,1202,0.168637,0.0195447,short
1368,0.0209426,0.0240453,0.0224404,1202,0.168637,0.0224404,short
1369,0.0240453,0.0276077,0.025765,1202,0.168637,0.025765,short
1370,0.0276077,0.0316979,0.0295822,1202,0.168637,0.0295822,short
1371,0.0316979,0.036394,0.0339649,1202,0.168637,0.0339649,short
1372,0.036394,0.0417859,0.0389969,1202,0.168637,0.0389969,short
1373,0.0417859,0.0479767,0.0447744,1202,0.168637,0.0447744,short
1374,0.0479767,0.0550846,0.0514079,1202,0.168637,0.0514079,short
1375,0.0550846,0.0632456,0.0590242,1202,0.168637,0.0590242,short
1376,0.0632456,0.0726156,0.0677688,1202,0.168637,0.0677688,short
1377,0.0726156,0.0833739,0.077809,1202,0.168637,0.077809,short
1378,0.0833739,0.095726,0.0893367,1202,0.168637,0.0893367,short
1379,0.095726,0.109908,0.102572,1202,0.168637,0.102572,short
1380,0.109908,0.126191,0.117769,1202,0.168637,0.117769,short
1381,0.126191,0.144887,0.135217,1202,0.168637,0.135217,short
1382,0.144887,0.166353,0.155249,1202,0.168637,0.155249,short
1383,0.166353,0.190999,0.17825,1202,0.168637,0.17825,short
1384,0.190999,0.219296,0.204659,1202,0.168637,0.204659,short
1385,0.219296,0.251785,0.23498,1202,0.168637,0.23498,short
1386,0.251785,0.289088,0.269793,1202,0.168637,0.269793,short
1387,0.289088,0.331917,0.309763,1202,0.168637,0.309763,short
1388,0.331917,0.381092,0.355656,1202,0.168637,0.355656,short
1389,0.381092,0.437552,0.408348,1202,0.168637,0.408348,short
1390,0.437552,0.502377,0.468846,1202,0.168637,0.468846,short
1391,0.502377,0.576806,0.538307,1202,0.168637,0.538307,short
1392,0.576806,0.662262,0.618059,1202,0.168637,0.618059,short
1393,0.662262,0.760379,0.709627,1202,0.168637,0.709627,short
1394,0.760379,0.873032,0.814761,1202,0.168637,0.814761,short
1395,0.873032,1.00237,0.93547,1202,0.168637,0.93547,short
1396,1.00237,1.15088,1.07406,1202,0.168637,1.07406,short
1397,1.15088,1.32139,1.23319,1202,0.168637,1.23319,short
1398,1.32139,1.51716,1.41589,1202,0.168637,1.41589,short
1399,1.51716,1.74193,1.62566,1202,0.168637,1.62566,short
1400,1.74193,2,1.86651,1202,0.168637,1.86651,short
1401,0.002,0.00229631,0.00214304,1202,0.191653,0.00214304,short
1402,0.00229631,0.00263651,0.00246054,1202,0.191653,0.00246054,short
1403,0.00263651,0.00302712,0.00282508,1202,0.191653,0.00282508,short
1404,0.00302712,0.0034756,0.00324362,1202,0.191653,0.00324362,short
1405,0.0034756,0.00399052,0.00372417,1202,0.191653,0.00372417,short
1406,0.00399052,0.00458174,0.00427592,1202,0.191653,0.00427592,short
1407,0.00458174,0.00526054,0.00490942,1202,0.191653,0.00490942,short
1408,0.00526054,0.0060399,0.00563677,1202,0.191653,0.00563677,short
1409,0.0060399,0.00693474,0.00647187,1202,0.191653,0.00647187,short
1410,0.00693474,0.00796214,0.0074307,1202,0.191653,0.0074307,short
1411,0.00796214,0.00914176,0.00853159,1202,0.191653,0.00853159,short
1412,0.00914176,0.0104961,0.00979558,1202,0.191653,0.00979558,short
1413,0.0104961,0.0120512,0.0112468,1202,0.191653,0.0112468,short
1414,0.0120512,0.0138366,0.0129131,1202,0.191653,0.0129131,short
1415,0.0138366,0.0158866,0.0148262,1202,0.191653,0.0148262,short
1416,0.0158866,0.0182402,0.0170228,1202,0.191653,0.0170228,short
1417,0.0182402,0.0209426,0.0195447,1202,0.191653,0.0195447,short
1418,0.0209426,0.0240453,0.0224404,1202,0.191653,0.0224404,short
1419,0.0240453,0.0276077,0.025765,1202,0.191653,0.025765,short
1420,0.0276077,0.0316979,0.0295822,1202,0.191653,0.0295822,short
1421,0.0316979,0.036394,0.0339649,1202,0.191653,0.0339649,short
1422,0.036394,0.0417859,0.0389969,1202,0.191653,0.0389969,short
1423,0.0417859,0.0479767,0.0447744,1202,0.191653,0.0447744,short
1424,0.0479767,0.0550846,0.0514079,1202,0.191653,0.0514079,short
1425,0.0550846,0.0632456,0.0590242,1202,0.191653,0.0590242,short
1426,0.0632456,0.0726156,0.0677688,1202,0.191653,0.0677688,short
1427,0.0726156,0.0833739,0.077809,1202,0.191653,0.077809,short
1428,0.0833739,0.095726,0.0893367,1202,0.191653,0.0893367,short
1429,0.095726,0.109908,0.102572,1202,0.191653,0.102572,short
1430,0.109908,0.126191,0.117769,1202,0.191653,0.117769,short
1431,0.126191,0.144887,0.135217,1202,0.191653,0.135217,short
1432,0.144887,0.166353,0.155249,1202,0.191653,0.155249,short
1433,0.166353,0.190999,0.17825,1202,0.191653,0.17825,short
1434,0.190999,0.219296,0.204659,1202,0.191653,0.204659,short
1435,0.219296,0.251785,0.23498,1202,0.191653,0.23498,short
1436,0.251785,0.289088,0.269793,1202,0.191653,0.269793,short
1437,0.289088,0.331917,0.309763,1202,0.191653,0.309763,short
1438,0.331917,0.381092,0.355656,1202,0.191653,0.355656,short
1439,0.381092,0.437552,0.408348,1202,0.191653,0.408348,short
1440,0.437552,0.502377,0.468846,1202,0.191653,0.468846,short
1441,0.502377,0.576806,0.538307,1202,0.191653,0.538307,short
1442,0.576806,0.662262,0.618059,1202,0.191653,0.618059,short
1443,0.662262,0.760379,0.709627,1202,0.191653,0.709627,short
1444,0.760379,0.873032,0.814761,1202,0.191653,0.814761,short
1445,0.873032,1.00237,0.93547,1202,0.191653,0.93547,short
1446,1.00237,1.15088,1.07406,1202,0.191653,1.07406,short
1447,1.15088,1.32139,1.23319,1202,0.191653,1.23319,short
1448,1.32139,1.51716,1.41589,1202,0.191653,1.41589,short
1449,1.51716,1.74193,1.62566,1202,0.191653,1.62566,short
1450,1.74193,2,1.86651,1202,0.191653,1.86651,short
1451,0.002,0.00229631,0.00214304,1202,0.217811,0.00214304,short
1452,0.00229631,0.00263651,0.00246054,1202,0.217811,0.00246054,short
1453,0.00263651,0.00302712,0.00282508,1202,0.217811,0.00282508,short
1454,0.00302712,0.0034756,0.00324362,1202,0.217811,0.00324362,short
1455,0.0034756,0.00399052,0.00372417,1202,0.217811,0.00372417,short
1456,0.00399052,0.00458174,0.00427592,1202,0.217811,0.00427592,short
1457,0.00458174,0.00526054,0.00490942,1202,0.217811,0.00490942,short
1458,0.00526054,0.0060399,0.00563677,1202,0.217811,0.00563677,short
1459,0.0060399,0.00693474,0.00647187,1202,0.217811,0.00647187,short
1460,0.00693474,0.00796214,0.0074307,1202,0.217811,0.0074307,short
1461,0.00796214,0.00914176,0.00853159,1202,0.217811,0.00853159,short
1462,0.00914176,0.0104961,0.00979558,1202,0.217811,0.00979558,short
1463,0.0104961,0.0120512,0.0112468,1202,0.217811,0.0112468,short
1464,0.0120512,0.0138366,0.0129131,1202,0.217811,0.0129131,short
1465,0.0138366,0.0158866,0.0148262,1202,0.217811,0.0148262,short
1466,0.0158866,0.0182402,0.0170228,1202,0.217811,0.0170228,short
1467,0.0182402,0.0209426,0.0195447,1202,0.217811,0.0195447,short
1468,0.0209426,0.0240453,0.0224404,1202,0.217811,0.0224404,short
1469,0.0240453,0.0276077,0.025765,1202,0.217811,0.025765,short
1470,0.0276077,0.0316979,0.0295822,1202,0.217811,0.0295822,short
1471,0.0316979,0.036394,0.0339649,1202,0.217811,0.0339649,short
1472,0.036394,0.0417859,0.0389969,1202,0.217811,0.0389969,short
1473,0.0417859,0.0479767,0.0447744,1202,0.217811,0.0447744,short
1474,0.0479767,0.0550846,0.0514079,1202,0.217811,0.0514079,short
1475,0.0550846,0.0632456,0.0590242,1202,0.217811,0.0590242,short
1476,0.0632456,0.0726156,0.0677688,1202,0.217811,0.0677688,short
1477,0.0726156,0.0833739,0.077809,1202,0.217811,0.077809,short
1478,0.0833739,0.095726,0.0893367,1202,0.217811,0.0893367,short
1479,0.095726,0.109908,0.102572,1202,0.217811,0.102572,short
1480,0.109908,0.126191,0.117769,1202,0.217811,0.117769,short
1481,0.126191,0.144887,0.135217,1202,0.217811,0.135217,short
1482,0.144887,0.166353,0.155249,1202,0.217811,0.155249,short
1483,0.166353,0.190999,0.17825,1202,0.217811,0.17825,short
1484,0.190999,0.219296,0.204659,1202,0.217811,0.204659,short
1485,0.219296,0.251785,0.23498,1202,0.217811,0.23498,short
1486,0.251785,0.289088,0.269793,1202,0.217811,0.269793,short
1487,0.289088,0.331917,0.309763,1202,0.217811,0.309763,short
1488,0.331917,0.381092,0.355656,1202,0.217811,0.355656,short
1489,0.381092,0.437552,0.408348,1202,0.217811,0.408348,short
1490,0.437552,0.502377,0.468846,1202,0.217811,0.468846,short
1491,0.502377,0.576806,0.538307,1202,0.217811,0.538307,short
1492,0.576806,0.662262,0.618059,1202,0.217811,0.618059,short
1493,0.662262,0.760379,0.709627,1202,0.217811,0.709627,short
1494,0.760379,0.873032,0.814761,1202,0.217811,0.814761,short
1495,0.873032,1.00237,0.93547,1202,0.217811,0.93547,short
1496,1.00237,1.15088,1.07406,1202,0.217811,1.07406,short
1497,1.15088,1.32139,1.23319,1202,0.217811,1.23319,short
1498,1.32139,1.51716,1.41589,1202,0.217811,1.41589,short
1499,1.51716,1.74193,1.62566,1202,0.217811,1.62566,short
1500,1.74193,2,1.86651,1202,0.217811,1.86651,short
1501,0.002,0.00229631,0.00214304,1202,0.247538,0.00214304,short
1502,0.00229631,0.00263651,0.00246054,1202,0.247538,0.00246054,short
1503,0.00263651,0.00302712,0.00282508,1202,0.247538,0.00282508,short
1504,0.00302712,0.0034756,0.00324362,1202,0.247538,0.00324362,short
1505,0.0034756,0.00399052,0.00372417,1202,0.247538,0.00372417,short
1506,0.00399052,0.00458174,0.00427592,1202,0.247538,0.00427592,short
1507,0.00458174,0.00526054,0.00490942,1202,0.247538,0.00490942,short
1508,0.00526054,0.0060399,0.00563677,1202,0.247538,0.00563677,short
1509,0.0060399,0.00693474,0.00647187,1202,0.247538,0.00647187,short
1510,0.00693474,0.00796214,0.0074307,1202,0.247538,0.0074307,short
1511,0.00796214,0.00914176,0.00853159,1202,0.247538,0.00853159,short
1512,0.00914176,0.0104961,0.00979558,1202,0.247538,0.00979558,short
1513,0.0104961,0.0120512,0.0112468,1202,0.247538,0.0112468,short
1514,0.0120512,0.0138366,0.0129131,1202,0.247538,0.0129131,short
1515,0.0138366,0.0158866,0.0148262,1202,0.247538,0.0148262,short
1516,0.0158866,0.0182402,0.0170228,1202,0.247538,0.0170228,short
1517,0.0182402,0.0209426,0.0195447,1202,0.247538,0.0195447,short
1518,0.0209426,0.0240453,0.0224404,1202,0.247538,0.0224404,short
1519,0.0240453,0.0276077,0.025765,1202,0.247538,0.025765,short
1520,0.0276077,0.0316979,0.0295822,1202,0.247538,0.0295822,short
1521,0.0316979,0.036394,0.0339649,1202,0.247538,0.0339649,short
1522,0.036394,0.0417859,0.0389969,1202,0.247538,0.0389969,short
1523,0.0417859,0.0479767,0.0447744,1202,0.247538,0.0447744,short
1524,0.0479767,0.0550846,0.0514079,1202,0.247538,0.0514079,short
1525,0.0550846,0.0632456,0.0590242,1202,0.247538,0.0590242,short
1526,0.0632456,0.0726156,0.0677688,1202,0.247538,0.0677688,short
1527,0.0726156,0.0833739,0.077809,1202,0.247538,0.077809,short
1528,0.0833739,0.095726,0.0893367,1202,0.247538,0.0893367,short
1529,0.095726,0.109908,0.102572,1202,0.247538,0.102572,short
1530,0.109908,0.126191,0.117769,1202,0.247538,0.117769,short
1531,0.126191,0.144887,0.135217,1202,0.247538,0.135217,short
1532,0.144887,0.166353,0.155249,1202,0.247538,0.155249,short
1533,0.166353,0.190999,0.17825,1202,0.247538,0.17825,short
1534,0.190999,0.219296,0.204659,1202,0.247538,0.204659,short
1535,0.219296,0.251785,0.23498,1202,0.247538,0.23498,short
1536,0.251785,0.289088,0.269793,1202,0.247538,0.269793,short
1537,0.289088,0.331917,0.309763,1202,0.247538,0.309763,short
1538,0.331917,0.381092,0.355656,1202,0.247538,0.355656,short
1539,0.381092,0.437552,0.408348,1202,0.247538,0.408348,short
1540,0.437552,0.502377,0.468846,1202,0.247538,0.468846,short
1541,0.502377,0.576806,0.538307,1202,0.247538,0.538307,short
1542,0.576806,0.662262,0.618059,1202,0.247538,0.618059,short
1543,0.662262,0.760379,0.709627,1202,0.247538,0.709627,short
1544,0.760379,0.873032,0.814761,1202,0.247538,0.814761,short
1545,0.873032,1.00237,0.93547,1202,0.247538,0.93547,short
1546,1.00237,1.15088,1.07406,1202,0.247538,1.07406,short
1547,1.15088,1.32139,1.23319,1202,0.247538,1.23319,short
1548,1.32139,1.51716,1.41589,1202,0.247538,1.41589,short
1549,1.51716,1.74193,1.62566,1202,0.247538,1.62566,short
1550,1.74193,2,1.86651,1202,0.247538,1.86651,short
1551,0.002,0.00229631,0.00214304,1202,0.281323,0.00214304,short
1552,0.00229631,0.00263651,0.00246054,1202,0.281323,0.00246054,short
1553,0.00263651,0.00302712,0.00282508,1202,0.281323,0.00282508,short
1554,0.00302712,0.0034756,0.00324362,1202,0.281323,0.00324362,short
1555,0.0034756,0.00399052,0.00372417,1202,0.281323,0.00372417,short
1556,0.00399052,0.00458174,0.00427592,1202,0.281323,0.00427592,short
1557,0.00458174,0.00526054,0.00490942,1202,0.281323,0.00490942,short
1558,0.00526054,0.0060399,0.00563677,1202,0.281323,0.00563677,short
1559,0.0060399,0.00693474,0.00647187,1202,0.281323,0.00647187,short
1560,0.00693474,0.00796214,0.0074307,1202,0.281323,0.0074307,short
1561,0.00796214,0.00914176,0.00853159,1202,0.281323,0.00853159,short
1562,0.00914176,0.0104961,0.00979558,1202,0.281323,0.00979558,short
1563,0.0104961,0.0120512,0.0112468,1202,0.281323,0.0112468,short
1564,0.0120512,0.0138366,0.0129131,1202,0.281323,0.0129131,short
1565,0.0138366,0.0158866,0.0148262,1202,0.281323,0.0148262,short
1566,0.0158866,0.0182402,0.0170228,1202,0.281323,0.0170228,short
1567,0.0182402,0.0209426,0.0195447,1202,0.281323,0.0195447,short
1568,0.0209426,0.0240453,0.0224404,1202,0.281323,0.0224404,short
1569,0.0240453,0.0276077,0.025765,1202,0.281323,0.025765,short
1570,0.0276077,0.0316979,0.0295822,1202,0.281323,0.0295822,short
1571,0.0316979,0.036394,0.0339649,1202,0.281323,0.0339649,short
1572,0.036394,0.0417859,0.0389969,1202,0.281323,0.0389969,short
1573,0.0417859,0.0479767,0.0447744,1202,0.281323,0.0447744,short
1574,0.0479767,0.0550846,0.0514079,1202,0.281323,0.0514079,short
1575,0.0550846,0.0632456,0.0590242,1202,0.281323,0.0590242,short
1576,0.0632456,0.0726156,0.0677688,1202,0.281323,0.0677688,short
1577,0.0726156,0.0833739,0.077809,1202,0.281323,0.077809,short
1578,0.0833739,0.095726,0.0893367,1202,0.281323,0.0893367,short
1579,0.095726,0.109908,0.102572,1202,0.281323,0.102572,short
1580,0.109908,0.126191,0.117769,1202,0.281323,0.117769,short
1581,0.126191,0.144887,0.135217,1202,0.281323,0.135217,short
1582,0.144887,0.166353,0.155249,1202,0.281323,0.155249,short
1583,0.166353,0.190999,0.17825,1202,0.281323,0.17825,short
1584,0.190999,0.219296,0.204659,1202,0.281323,0.204659,short
1585,0.219296,0.251785,0.23498,1202,0.281323,0.23498,short
1586,0.251785,0.289088,0.269793,1202,0.281323,0.269793,short
1587,0.289088,0.331917,0.309763,1202,0.281323,0.309763,short
1588,0.331917,0.381092,0.355656,1202,0.281323,0.355656,short
1589,0.381092,0.437552,0.408348,1202,0.281323,0.408348,short
1590,0.437552,0.502377,0.468846,1202,0.281323,0.468846,short
1591,0.502377,0.576806,0.538307,1202,0.281323,0.538307,short
1592,0.576806,0.662262,0.618059,1202,0.281323,0.618059,short
1593,0.662262,0.760379,0.709627,1202,0.281323,0.709627,short
1594,0.760379,0.873032,0.814761,1202,0.281323,0.814761,short
1595,0.873032,1.00237,0.93547,1202,0.281323,0.93547,short
1596,1.00237,1.15088,1.07406,1202,0.281323,1.07406,short
1597,1.15088,1.32139,1.23319,1202,0.281323,1.23319,short
1598,1.32139,1.51716,1.41589,1202,0.281323,1.41589,short
1599,1.51716,1.74193,1.62566,1202,0.281323,1.62566,short
1600,1.74193,2,1.86651,1202,0.281323,1.86651,short
1601,0.002,0.00229631,0.00214304,1202,0.319719,0.00214304,short
1602,0.00229631,0.00263651,0.00246054,1202,0.319719,0.00246054,short
1603,0.00263651,0.00302712,0.00282508,1202,0.319719,0.00282508,short
1604,0.00302712,0.0034756,0.00324362,1202,0.319719,0.00324362,short
1605,0.0034756,0.00399052,0.00372417,1202,0.319719,0.00372417,short
1606,0.00399052,0.00458174,0.00427592,1202,0.319719,0.00427592,short
1607,0.00458174,0.00526054,0.00490942,1202,0.319719,0.00490942,short
1608,0.00526054,0.0060399,0.00563677,1202,0.319719,0.00563677,short
1609,0.0060399,0.00693474,0.00647187,1202,0.319719,0.00647187,short
1610,0.00693474,0.00796214,0.0074307,1202,0.319719,0.0074307,short
1611,0.00796214,0.00914176,0.00853159,1202,0.319719,0.00853159,short
1612,0.00914176,0.0104961,0.00979558,1202,0.319719,0.00979558,short
1613,0.0104961,0.0120512,0.0112468,1202,0.319719,0.0112468,short
1614,0.0120512,0.0138366,0.0129131,1202,0.319719,0.0129131,short
1615,0.0138366,0.0158866,0.0148262,1202,0.319719,0.0148262,short
1616,0.0158866,0.0182402,0.0170228,1202,0.319719,0.0170228,short
1617,0.0182402,0.0209426,0.0195447,1202,0.319719,0.0195447,short
1618,0.0209426,0.0240453,0.0224404,1202,0.319719,0.0224404,short
1619,0.0240453,0.0276077,0.025765,1202,0.319719,0.025765,short
1620,0.0276077,0.0316979,0.0295822,1202,0.319719,0.0295822,short
1621,0.0316979,0.036394,0.0339649,1202,0.319719,0.0339649,short
1622,0.036394,0.0417859,0.0389969,1202,0.319719,0.0389969,short
1623,0.0417859,0.0479767,0.0447744,1202,0.319719,0.0447744,short
1624,0.0479767,0.0550846,0.0514079,1202,0.319719,0.0514079,short
1625,0.0550846,0.0632456,0.0590242,1202,0.319719,0.0590242,short
1626,0.0632456,0.0726156,0.0677688,1202,0.319719,0.0677688,short
1627,0.0726156,0.0833739,0.077809,1202,0.319719,0.077809,short
1628,0.0833739,0.095726,0.0893367,1202,0.319719,0.0893367,short
1629,0.095726,0.109908,0.102572,1202,0.319719,0.102572,short
1630,0.109908,0.126191,0.117769,1202,0.319719,0.117769,short
1631,0.126191,0.144887,0.135217,1202,0.319719,0.135217,short
1632,0.144887,0.166353,0.155249,1202,0.319719,0.155249,short
1633,0.166353,0.190999,0.17825,1202,0.319719,0.17825,short
1634,0.190999,0.219296,0.204659,1202,0.319719,0.204659,short
1635,0.219296,0.251785,0.23498,1202,0.319719,0.23498,short
1636,0.251785,0.289088,0.269793,1202,0.319719,0.269793,short
1637,0.289088,0.331917,0.309763,1202,0.319719,0.309763,short
1638,0.331917,0.381092,0.355656,1202,0.319719,0.355656,short
1639,0.381092,0.437552,0.408348,1202,0.319719,0.408348,short
1640,0.437552,0.502377,0.468846,1202,0.319719,0.468846,short
1641,0.502377,0.576806,0.538307,1202,0.319719,0.538307,short
1642,0.576806,0.662262,0.618059,1202,0.319719,0.618059,short
1643,0.662262,0.760379,0.709627,1202,0.319719,0.709627,short
1644,0.760379,0.873032,0.814761,1202,0.319719,0.814761,short
1645,0.873032,1.00237,0.93547,1202,0.319719,0.93547,short
1646,1.00237,1.15088,1.07406,1202,0.319719,1.07406,short
1647,1.15088,1.32139,1.23319,1202,0.319719,1.23319,short
1648,1.32139,1.51716,1.41589,1202,0.319719,1.41589,short
1649,1.51716,1.74193,1.62566,1202,0.319719,1.62566,short
1650,1.74193,2,1.86651,1202,0.319719,1.86651,short
1651,0.002,0.00229631,0.00214304,1202,0.363355,0.00214304,short
1652,0.00229631,0.00263651,0.00246054,1202,0.363355,0.00246054,short
1653,0.00263651,0.00302712,0.00282508,1202,0.363355,0.00282508,short
1654,0.00302712,0.0034756,0.00324362,1202,0.363355,0.00324362,short
1655,0.0034756,0.00399052,0.00372417,1202,0.363355,0.00372417,short
1656,0.00399052,0.00458174,0.00427592,1202,0.363355,0.00427592,short
1657,0.00458174,0.00526054,0.00490942,1202,0.363355,0.00490942,short
1658,0.00526054,0.0060399,0.00563677,1202,0.363355,0.00563677,short
1659,0.0060399,0.00693474,0.00647187,1202,0.363355,0.00647187,short
1660,0.00693474,0.00796214,0.0074307,1202,0.363355,0.0074307,short
1661,0.00796214,0.00914176,0.00853159,1202,0.363355,0.00853159,short
1662,0.00914176,0.0104961,0.00979558,1202,0.363355,0.00979558,short
1663,0.0104961,0.0120512,0.0112468,1202,0.363355,0.0112468,short
1664,0.0120512,0.0138366,0.0129131,1202,0.363355,0.0129131,short
1665,0.0138366,0.0158866,0.0148262,1202,0.363355,0.0148262,short
1666,0.0158866,0.0182402,0.0170228,1202,0.363355,0.0170228,short
1667,0.0182402,0.0209426,0.0195447,1202,0.363355,0.0195447,short
1668,0.0209426,0.0240453,0.0224404,1202,0.363355,0.0224404,short
1669,0.0240453,0.0276077,0.025765,1202,0.363355,0.025765,short
1670,0.0276077,0.0316979,0.0295822,1202,0.363355,0.0295822,short
1671,0.0316979,0.036394,0.0339649,1202,0.363355,0.0339649,short
1672,0.036394,0.0417859,0.0389969,1202,0.363355,0.0389969,short
1673,0.0417859,0.0479767,0.0447744,1202,0.363355,0.0447744,short
1674,0.0479767,0.0550846,0.0514079,1202,0.363355,0.0514079,short
1675,0.0550846,0.0632456,0.0590242,1202,0.363355,0.0590242,short
1676,0.0632456,0.0726156,0.0677688,1202,0.363355,0.0677688,short
1677,0.0726156,0.0833739,0.077809,1202,0.363355,0.077809,short
1678,0.0833739,0.095726,0.0893367,1202,0.363355,0.0893367,short
1679,0.095726,0.109908,0.102572,1202,0.363355,0.102572,short
1680,0.109908,0.126191,0.117769,1202,0.363355,0.117769,short
1681,0.126191,0.144887,0.135217,1202,0.363355,0.135217,short
1682,0.144887,0.166353,0.155249,1202,0.363355,0.155249,short
1683,0.166353,0.190999,0.17825,1202,0.363355,0.17825,short
1684,0.190999,0.219296,0.204659,1202,0.363355,0.204659,short
1685,0.219296,0.251785,0.23498,1202,0.363355,0.23498,short
1686,0.251785,0.289088,0.269793,1202,0.363355,0.269793,short
1687,0.289088,0.331917,0.309763,1202,0.363355,0.309763,short
1688,0.331917,0.381092,0.355656,1202,0.363355,0.355656,short
1689,0.381092,0.437552,0.408348,1202,0.363355,0.408348,short
1690,0.437552,0.502377,0.468846,1202,0.363355,0.468846,short
1691,0.502377,0.576806,0.538307,1202,0.363355,0.538307,short
1692,0.576806,0.662262,0.618059,1202,0.363355,0.618059,short
1693,0.662262,0.760379,0.709627,1202,0.363355,0.709627,short
1694,0.760379,0.873032,0.814761,1202,0.363355,0.814761,short
1695,0.873032,1.00237,0.93547,1202,0.363355,0.93547,short
1696,1.00237,1.15088,1.07406,1202,0.363355,1.07406,short
1697,1.15088,1.32139,1.23319,1202,0.363355,1.23319,short
1698,1.32139,1.51716,1.41589,1202,0.363355,1.41589,short
1699,1.51716,1.74193,1.62566,1202,0.363355,1.62566,short
1700,1.74193,2,1.86651,1202,0.363355,1.86651,short
1701,0.002,0.00229631,0.00214304,1202,0.412947,0.00214304,short
1702,0.00229631,0.00263651,0.00246054,1202,0.412947,0.00246054,short
1703,0.00263651,0.00302712,0.00282508,1202,0.412947,0.00282508,short
1704,0.00302712,0.0034756,0.00324362,1202,0.412947,0.00324362,short
1705,0.0034756,0.00399052,0.00372417,1202,0.412947,0.00372417,short
1706,0.00399052,0.00458174,0.00427592,1202,0.412947,0.00427592,short
1707,0.00458174,0.00526054,0.00490942,1202,0.412947,0.00490942,short
1708,0.00526054,0.0060399,0.00563677,1202,0.412947,0.00563677,short
1709,0.0060399,0.00693474,0.00647187,1202,0.412947,0.00647187,short
1710,0.00693474,0.00796214,0.0074307,1202,0.412947,0.0074307,short
1711,0.00796214,0.00914176,0.00853159,1202,0.412947,0.00853159,short
1712,0.00914176,0.0104961,0.00979558,1202,0.412947,0.00979558,short
1713,0.0104961,0.0120512,0.0112468,1202,0.412947,0.0112468,short
1714,0.0120512,0.0138366,0.0129131,1202,0.412947,0.0129131,short
1715,0.0138366,0.0158866,0.0148262,1202,0.412947,0.0148262,short
1716,0.0158866,0.0182402,0.0170228,1202,0.412947,0.0170228,short
1717,0.0182402,0.0209426,0.0195447,1202,0.412947,0.0195447,short
1718,0.0209426,0.0240453,0.0224404,1202,0.412947,0.0224404,short
1719,0.0240453,0.0276077,0.025765,1202,0.412947,0.025765,short
1720,0.0276077,0.0316979,0.0295822,1202,0.412947,0.0295822,short
1721,0.0316979,0.036394,0.0339649,1202,0.412947,0.0339649,short
1722,0.036394,0.0417859,0.0389969,1202,0.412947,0.0389969,short
1723,0.0417859,0.0479767,0.0447744,1202,0.412947,0.0447744,short
1724,0.0479767,0.0550846,0.0514079,1202,0.412947,0.0514079,short
1725,0.0550846,0.0632456,0.0590242,1202,0.412947,0.0590242,short
1726,0.0632456,0.0726156,0.0677688,1202,0.412947,0.0677688,short
1727,0.0726156,0.0833739,0.077809,1202,0.412947,0.077809,short
1728,0.0833739,0.095726,0.0893367,1202,0.412947,0.0893367,short
1729,0.095726,0.109908,0.102572,1202,0.412947,0.102572,short
1730,0.109908,0.126191,0.117769,1202,0.412947,0.117769,short
1731,0.126191,0.144887,0.135217,1202,0.412947,0.135217,short
1732,0.144887,0.166353,0.155249,1202,0.412947,0.155249,short
1733,0.166353,0.190999,0.17825,1202,0.412947,0.17825,short
1734,0.190999,0.219296,0.204659,1202,0.412947,0.204659,short
1735,0.219296,0.251785,0.23498,1202,0.412947,0.23498,short
1736,0.251785,0.289088,0.269793,1202,0.412947,0.269793,short
1737,0.289088,0.331917,0.309763,1202,0.412947,0.309763,short
1738,0.331917,0.381092,0.355656,1202,0.412947,0.355656,short
1739,0.381092,0.437552,0.408348,1202,0.412947,0.408348,short
1740,0.437552,0.502377,0.468846,1202,0.412947,0.468846,short
1741,0.502377,0.576806,0.538307,1202,0.412947,0.538307,short
1742,0.576806,0.662262,0.618059,1202,0.412947,0.618059,short
1743,0.662262,0.760379,0.709627,1202,0.412947,0.709627,short
1744,0.760379,0.873032,0.814761,1202,0.412947,0.814761,short
1745,0.873032,1.00237,0.93547,1202,0.412947,0.93547,short
1746,1.00237,1.15088,1.07406,1202,0.412947,1.07406,short
1747,1.15088,1.32139,1.23319,1202,0.412947,1.23319,short
1748,1.32139,1.51716,1.41589,1202,0.412947,1.41589,short
1749,1.51716,1.74193,1.62566,1202,0.412947,1.62566,short
1750,1.74193,2,1.86651,1202,0.412947,1.86651,short
1751,0.002,0.00229631,0.00214304,1202,0.469307,0.00214304,short
1752,0.00229631,0.00263651,0.00246054,1202,0.469307,0.00246054,short
1753,0.00263651,0.00302712,0.00282508,1202,0.469307,0.00282508,short
1754,0.00302712,0.0034756,0.00324362,1202,0.469307,0.00324362,short
1755,0.0034756,0.00399052,0.00372417,1202,0.469307,0.00372417,short
1756,0.00399052,0.00458174,0.00427592,1202,0.469307,0.00427592,short
1757,0.00458174,0.00526054,0.00490942,1202,0.469307,0.00490942,short
1758,0.00526054,0.0060399,0.00563677,1202,0.469307,0.00563677,short
1759,0.0060399,0.00693474,0.00647187,1202,0.469307,0.00647187,short
1760,0.00693474,0.00796214,0.0074307,1202,0.469307,0.0074307,short
1761,0.00796214,0.00914176,0.00853159,1202,0.469307,0.00853159,short
1762,0.00914176,0.0104961,0.00979558,1202,0.469307,0.00979558,short
1763,0.0104961,0.0120512,0.0112468,1202,0.469307,0.0112468,short
1764,0.0120512,0.0138366,0.0129131,1202,0.469307,0.0129131,short
1765,0.0138366,0.0158866,0.0148262,1202,0.469307,0.0148262,short
1766,0.0158866,0.0182402,0.0170228,1202,0.469307,0.0170228,short
1767,0.0182402,0.0209426,0.0195447,1202,0.469307,0.0195447,short
1768,0.0209426,0.0240453,0.0224404,1202,0.469307,0.0224404,short
1769,0.0240453,0.0276077,0.025765,1202,0.469307,0.025765,short
1770,0.0276077,0.0316979,0.0295822,1202,0.469307,0.0295822,short
1771,0.0316979,0.036394,0.0339649,1202,0.469307,0.0339649,short
1772,0.036394,0.0417859,0.0389969,1202,0.469307,0.0389969,short
1773,0.0417859,0.0479767,0.0447744,1202,0.469307,0.0447744,short
1774,0.0479767,0.0550846,0.0514079,1202,0.469307,0.0514079,short
1775,0.0550846,0.0632456,0.0590242,1202,0.469307,0.0590242,short
1776,0.0632456,0.0726156,0.0677688,1202,0.469307,0.0677688,short
1777,0.0726156,0.0833739,0.077809,1202,0.469307,0.077809,short
1778,0.0833739,0.095726,0.0893367,1202,0.469307,0.0893367,short
1779,0.095726,0.109908,0.102572,1202,0.469307,0.102572,short
1780,0.109908,0.126191,0.117769,1202,0.469307,0.117769,short
1781,0.126191,0.144887,0.135217,1202,0.469307,0.135217,short
1782,0.144887,0.166353,0.155249,1202,0.469307,0.155249,short
1783,0.166353,0.190999,0.17825,1202,0.469307,0.17825,short
1784,0.190999,0.219296,0.204659,1202,0.469307,0.204659,short
1785,0.219296,0.251785,0.23498,1202,0.469307,0.23498,short
1786,0.251785,0.289088,0.269793,1202,0.469307,0.269793,short
1787,0.289088,0.331917,0.309763,1202,0.469307,0.309763,short
1788,0.331917,0.381092,0.355656,1202,0.469307,0.355656,short
1789,0.381092,0.437552,0.408348,1202,0.469307,0.408348,short
1790,0.437552,0.502377,0.468846,1202,0.469307,0.468846,short
1791,0.502377,0.576806,0.538307,1202,0.469307,0.538307,short
1792,0.576806,0.662262,0.618059,1202,0.469307,0.618059,short
1793,0.662262,0.760379,0.709627,1202,0.469307,0.709627,short
1794,0.760379,0.873032,0.814761,1202,0.469307,0.814761,short
1795,0.873032,1.00237,0.93547,1202,0.469307,0.93547,short
1796,1.00237,1.15088,1.07406,1202,0.469307,1.07406,short
1797,1.15088,1.32139,1.23319,1202,0.469307,1.23319,short
1798,1.32139,1.51716,1.41589,1202,0.469307,1.41589,short
1799,1.51716,1.74193,1.62566,1202,0.469307,1.62566,short
1800,1.74193,2,1.86651,1202,0.469307,1.86651,short
1801,0.002,0.00229631,0.00214304,1202,0.53336,0.00214304,short
1802,0.00229631,0.00263651,0.00246054,1202,0.53336,0.00246054,short
1803,0.00263651,0.00302712,0.00282508,1202,0.53336,0.00282508,short
1804,0.00302712,0.0034756,0.00324362,1202,0.53336,0.00324362,short
1805,0.0034756,0.00399052,0.00372417,1202,0.53336,0.00372417,short
1806,0.00399052,0.00458174,0.00427592,1202,0.53336,0.00427592,short
1807,0.00458174,0.00526054,0.00490942,1202,0.53336,0.00490942,short
1808,0.00526054,0.0060399,0.00563677,1202,0.53336,0.00563677,short
1809,0.0060399,0.00693474,0.00647187,1202,0.53336,0.00647187,short
1810,0.00693474,0.00796214,0.0074307,1202,0.53336,0.0074307,short
1811,0.00796214,0.00914176,0.00853159,1202,0.53336,0.00853159,short
1812,0.00914176,0.0104961,0.00979558,1202,0.53336,0.00979558,short
1813,0.0104961,0.0120512,0.0112468,1202,0.53336,0.0112468,short
1814,0.0120512,0.0138366,0.0129131,1202,0.53336,0.0129131,short
1815,0.0138366,0.0158866,0.0148262,1202,0.53336,0.0148262,short
1816,0.0158866,0.0182402,0.0170228,1202,0.53336,0.0170228,short
1817,0.0182402,0.0209426,0.0195447,1202,0.53336,0.0195447,short
1818,0.0209426,0.0240453,0.0224404,1202,0.53336,0.0224404,short
1819,0.0240453,0.0276077,0.025765,1202,0.53336,0.025765,short
1820,0.0276077,0.0316979,0.0295822,1202,0.53336,0.0295822,short
1821,0.0316979,0.036394,0.0339649,1202,0.53336,0.0339649,short
1822,0.036394,0.0417859,0.0389969,1202,0.53336,0.0389969,short
1823,0.0417859,0.0479767,0.0447744,1202,0.53336,0.0447744,short
1824,0.0479767,0.0550846,0.0514079,1202,0.53336,0.0514079,short
1825,0.0550846,0.0632456,0.0590242,1202,0.53336,0.0590242,short
1826,0.0632456,0.0726156,0.0677688,1202,0.53336,0.0677688,short
1827,0.0726156,0.0833739,0.077809,1202,0.53336,0.077809,short
1828,0.0833739,0.095726,0.0893367,1202,0.53336,0.0893367,short
1829,0.095726,0.109908,0.102572,1202,0.53336,0.102572,short
1830,0.109908,0.126191,0.117769,1202,0.53336,0.117769,short
1831,0.126191,0.144887,0.135217,1202,0.53336,0.135217,short
1832,0.144887,0.166353,0.155249,1202,0.53336,0.155249,short
1833,0.166353,0.190999,0.17825,1202,0.53336,0.17825,short
1834,0.190999,0.219296,0.204659,1202,0.53336,0.204659,short
1835,0.219296,0.251785,0.23498,1202,0.53336,0.23498,short
1836,0.251785,0.289088,0.269793,1202,0.53336,0.269793,short
1837,0.289088,0.331917,0.309763,1202,0.53336,0.309763,short
1838,0.331917,0.381092,0.355656,1202,0.53336,0.355656,short
1839,0.381092,0.437552,0.408348,1202,0.53336,0.408348,short
1840,0.437552,0.502377,0.468846,1202,0.53336,0.468846,short
1841,0.502377,0.576806,0.538307,1202,0.53336,0.538307,short
1842,0.576806,0.662262,0.618059,1202,0.53336,0.618059,short
1843,0.662262,0.760379,0.709627,1202,0.53336,0.709627,short
1844,0.760379,0.873032,0.814761,1202,0.53336,0.814761,short
1845,0.873032,1.00237,0.93547,1202,0.53336,0.93547,short
1846,1.00237,1.15088,1.07406,1202,0.53336,1.07406,short
1847,1.15088,1.32139,1.23319,1202,0.53336,1.23319,short
1848,1.32139,1.51716,1.41589,1202,0.53336,1.41589,short
1849,1.51716,1.74193,1.62566,1202,0.53336,1.62566,short
1850,1.74193,2,1.86651,1202,0.53336,1.86651,short
1851,0.002,0.00229631,0.00214304,1202,0.606155,0.00214304,short
1852,0.00229631,0.00263651,0.00246054,1202,0.606155,0.00246054,short
1853,0.00263651,0.00302712,0.00282508,1202,0.606155,0.00282508,short
1854,0.00302712,0.0034756,0.00324362,1202,0.606155,0.00324362,short
1855,0.0034756,0.00399052,0.00372417,1202,0.606155,0.00372417,short
1856,0.00399052,0.00458174,0.00427592,1202,0.606155,0.00427592,short
1857,0.00458174,0.00526054,0.00490942,1202,0.606155,0.00490942,short
1858,0.00526054,0.0060399,0.00563677,1202,0.606155,0.00563677,short
1859,0.0060399,0.00693474,0.00647187,1202,0.606155,0.00647187,short
1860,0.00693474,0.00796214,0.0074307,1202,0.606155,0.0074307,short
1861,0.00796214,0.00914176,0.00853159,1202,0.606155,0.00853159,short
1862,0.00914176,0.0104961,0.00979558,1202,0.606155,0.00979558,short
1863,0.0104961,0.0120512,0.0112468,1202,0.606155,0.0112468,short
1864,0.0120512,0.0138366,0.0129131,1202,0.606155,0.0129131,short
1865,0.0138366,0.0158866,0.0148262,1202,0.606155,0.0148262,short
1866,0.0158866,0.0182402,0.0170228,1202,0.606155,0.0170228,short
1867,0.0182402,0.0209426,0.0195447,1202,0.606155,0.0195447,short
1868,0.0209426,0.0240453,0.0224404,1202,0.606155,0.0224404,short
1869,0.0240453,0.0276077,0.025765,1202,0.606155,0.025765,short
1870,0.0276077,0.0316979,0.0295822,1202,0.606155,0.0295822,short
1871,0.0316979,0.036394,0.0339649,1202,0.606155,0.0339649,short
1872,0.036394,0.0417859,0.0389969,1202,0.606155,0.0389969,short
1873,0.0417859,0.0479767,0.0447744,1202,0.606155,0.0447744,short
1874,0.0479767,0.0550846,0.0514079,1202,0.606155,0.0514079,short
1875,0.0550846,0.0632456,0.0590242,1202,0.606155,0.0590242,short
1876,0.0632456,0.0726156,0.0677688,1202,0.606155,0.0677688,short
1877,0.0726156,0.0833739,0.077809,1202,0.606155,0.077809,short
1878,0.0833739,0.095726,0.0893367,1202,0.606155,0.0893367,short
1879,0.095726,0.109908,0.102572,1202,0.606155,0.102572,short
1880,0.109908,0.126191,0.117769,1202,0.606155,0.117769,short
1881,0.126191,0.144887,0.135217,1202,0.606155,0.135217,short
1882,0.144887,0.166353,0.155249,1202,0.606155,0.155249,short
1883,0.166353,0.190999,0.17825,1202,0.606155,0.17825,short
1884,0.190999,0.219296,0.204659,1202,0.606155,0.204659,short
1885,0.219296,0.251785,0.23498,1202,0.606155,0.23498,short
1886,0.251785,0.289088,0.269793,1202,0.606155,0.269793,short
1887,0.289088,0.331917,0.309763,1202,0.606155,0.309763,short
1888,0.331917,0.381092,0.355656,1202,0.606155,0.355656,short
1889,0.381092,0.437552,0.408348,1202,0.606155,0.408348,short
1890,0.437552,0.502377,0.468846,1202,0.606155,0.468846,short
1891,0.502377,0.576806,0.538307,1202,0.606155,0.538307,short
1892,0.576806,0.662262,0.618059,1202,0.606155,0.618059,short
1893,0.662262,0.760379,0.709627,1202,0.606155,0.709627,short
1894,0.760379,0.873032,0.814761,1202,0.606155,0.814761,short
1895,0.873032,1.00237,0.93547,1202,0.606155,0.93547,short
1896,1.00237,1.15088,1.07406,1202,0.606155,1.07406,short
1897,1.15088,1.32139,1.23319,1202,0.606155,1.23319,short
1898,1.32139,1.51716,1.41589,1202,0.606155,1.41589,short
1899,1.51716,1.74193,1.62566,1202,0.606155,1.62566,short
1900,1.74193,2,1.86651,1202,0.606155,1.86651,short
1901,0.002,0.00229631,0.00214304,1202,0.688885,0.00214304,short
1902,0.00229631,0.00263651,0.00246054,1202,0.688885,0.00246054,short
1903,0.00263651,0.00302712,0.00282508,1202,0.688885,0.00282508,short
1904,0.00302712,0.0034756,0.00324362,1202,0.688885,0.00324362,short
1905,0.0034756,0.00399052,0.00372417,1202,0.688885,0.00372417,short
1906,0.00399052,0.00458174,0.00427592,1202,0.688885,0.00427592,short
1907,0.00458174,0.00526054,0.00490942,1202,0.688885,0.00490942,short
1908,0.00526054,0.0060399,0.00563677,1202,0.688885,0.00563677,short
1909,0.0060399,0.00693474,0.00647187,1202,0.688885,0.00647187,short
1910,0.00693474,0.00796214,0.0074307,1202,0.688885,0.0074307,short
1911,0.00796214,0.00914176,0.00853159,1202,0.688885,0.00853159,short
1912,0.00914176,0.0104961,0.00979558,1202,0.688885,0.00979558,short
1913,0.0104961,0.0120512,0.0112468,1202,0.688885,0.0112468,short
1914,0.0120512,0.0138366,0.0129131,1202,0.688885,0.0129131,short
1915,0.0138366,0.0158866,0.0148262,1202,0.688885,0.0148262,short
1916,0.0158866,0.0182402,0.0170228,1202,0.688885,0.0170228,short
1917,0.0182402,0.0209426,0.0195447,1202,0.688885,0.0195447,short
1918,0.0209426,0.0240453,0.0224404,1202,0.688885,0.0224404,short
1919,0.0240453,0.0276077,0.025765,1202,0.688885,0.025765,short
1920,0.0276077,0.0316979,0.0295822,1202,0.688885,0.0295822,short
1921,0.0316979,0.036394,0.0339649,1202,0.688885,0.0339649,short
1922,0.036394,0.0417859,0.0389969,1202,0.688885,0.0389969,short
1923,0.0417859,0.0479767,0.0447744,1202,0.688885,0.0447744,short
1924,0.0479767,0.0550846,0.0514079,1202,0.688885,0.0514079,short
1925,0.0550846,0.0632456,0.0590242,1202,0.688885,0.0590242,short
1926,0.0632456,0.0726156,0.0677688,1202,0.688885,0.0677688,short
1927,0.0726156,0.0833739,0.077809,1202,0.688885,0.077809,short
1928,0.0833739,0.095726,0.0893367,1202,0.688885,0.0893367,short
1929,0.095726,0.109908,0.102572,1202,0.688885,0.102572,short
1930,0.109908,0.126191,0.117769,1202,0.688885,0.117769,short
1931,0.126191,0.144887,0.135217,1202,0.688885,0.135217,short
1932,0.144887,0.166353,0.155249,1202,0.688885,0.155249,short
1933,0.166353,0.190999,0.17825,1202,0.688885,0.17825,short
1934,0.190999,0.219296,0.204659,1202,0.688885,0.204659,short
1935,0.219296,0.251785,0.23498,1202,0.688885,0.23498,short
1936,0.251785,0.289088,0.269793,1202,0.688885,0.269793,short
1937,0.289088,0.331917,0.309763,1202,0.688885,0.309763,short
1938,0.331917,0.381092,0.355656,1202,0.688885,0.355656,short
1939,0.381092,0.437552,0.408348,1202,0.688885,0.408348,short
1940,0.437552,0.502377,0.468846,1202,0.688885,0.468846,short
1941,0.502377,0.576806,0.538307,1202,0.688885,0.538307,short
1942,0.576806,0.662262,0.618059,1202,0.688885,0.618059,short
1943,0.662262,0.760379,0.709627,1202,0.688885,0.709627,short
1944,0.760379,0.873032,0.814761,1202,0.688885,0.814761,short
1945,0.873032,1.00237,0.93547,1202,0.688885,0.93547,short
1946,1.00237,1.15088,1.07406,1202,0.688885,1.07406,short
1947,1.15088,1.32139,1.23319,1202,0.688885,1.23319,short
1948,1.32139,1.51716,1.41589,1202,0.688885,1.41589,short
1949,1.51716,1.74193,1.62566,1202,0.688885,1.62566,short
1950,1.74193,2,1.86651,1202,0.688885,1.86651,short
1951,0.002,0.00229631,0.00214304,1202,0.782906,0.00214304,short
1952,0.00229631,0.00263651,0.00246054,1202,0.782906,0.00246054,short
1953,0.00263651,0.00302712,0.00282508,1202,0.782906,0.00282508,short
1954,0.00302712,0.0034756,0.00324362,1202,0.782906,0.00324362,short
1955,0.0034756,0.00399052,0.00372417,1202,0.782906,0.00372417,short
1956,0.00399052,0.00458174,0.00427592,1202,0.782906,0.00427592,short
1957,0.00458174,0.00526054,0.00490942,1202,0.782906,0.00490942,short
1958,0.00526054,0.0060399,0.00563677,1202,0.782906,0.00563677,short
1959,0.0060399,0.00693474,0.00647187,1202,0.782906,0.00647187,short
1960,0.00693474,0.00796214,0.0074307,1202,0.782906,0.0074307,short
1961,0.00796214,0.00914176,0.00853159,1202,0.782906,0.00853159,short
1962,0.00914176,0.0104961,0.00979558,1202,0.782906,0.00979558,short
1963,0.0104961,0.0120512,0.0112468,1202,0.782906,0.0112468,short
1964,0.0120512,0.0138366,0.0129131,1202,0.782906,0.0129131,short
1965,0.0138366,0.0158866,0.0148262,1202,0.782906,0.0148262,short
1966,0.0158866,0.0182402,0.0170228,1202,0.782906,0.0170228,short
1967,0.0182402,0.0209426,0.0195447,1202,0.782906,0.0195447,short
1968,0.0209426,0.0240453,0.0224404,1202,0.782906,0.0224404,short
1969,0.0240453,0.0276077,0.025765,1202,0.782906,0.025765,short
1970,0.0276077,0.0316979,0.0295822,1202,0.782906,0.0295822,short
1971,0.0316979,0.036394,0.0339649,1202,0.782906,0.0339649,short
1972,0.036394,0.0417859,0.0389969,1202,0.782906,0.0389969,short
1973,0.0417859,0.0479767,0.0447744,1202,0.782906,0.0447744,short
1974,0.0479767,0.0550846,0.0514079,1202,0.782906,0.0514079,short
1975,0.0550846,0.0632456,0.0590242,1202,0.782906,0.0590242,short
1976,0.0632456,0.0726156,0.0677688,1202,0.782906,0.0677688,short
1977,0.0726156,0.0833739,0.077809,1202,0.782906,0.077809,short
1978,0.0833739,0.095726,0.0893367,1202,0.782906,0.0893367,short
1979,0.095726,0.109908,0.102572,1202,0.782906,0.102572,short
1980,0.109908,0.126191,0.117769,1202,0.782906,0.117769,short
1981,0.126191,0.144887,0.135217,1202,0.782906,0.135217,short
1982,0.144887,0.166353,0.155249,1202,0.782906,0.155249,short
1983,0.166353,0.190999,0.17825,1202,0.782906,0.17825,short
1984,0.190999,0.219296,0.204659,1202,0.782906,0.204659,short
1985,0.219296,0.251785,0.23498,1202,0.782906,0.23498,short
1986,0.251785,0.289088,0.269793,1202,0.782906,0.269793,short
1987,0.289088,0.331917,0.309763,1202,0.782906,0.309763,short
1988,0.331917,0.381092,0.355656,1202,0.782906,0.355656,short
1989,0.381092,0.437552,0.408348,1202,0.782906,0.408348,short
1990,0.437552,0.502377,0.468846,1202,0.782906,0.468846,short
1991,0.502377,0.576806,0.538307,1202,0.782906,0.538307,short
1992,0.576806,0.662262,0.618059,1202,0.782906,0.618059,short
1993,0.662262,0.760379,0.709627,1202,0.782906,0.709627,short
1994,0.760379,0.873032,0.814761,1202,0.782906,0.814761,short
1995,0.873032,1.00237,0.93547,1202,0.782906,0.93547,short
1996,1.00237,1.15088,1.07406,1202,0.782906,1.07406,short
1997,1.15088,1.32139,1.23319,1202,0.782906,1.23319,short
1998,1.32139,1.51716,1.41589,1202,0.782906,1.41589,short
1999,1.51716,1.74193,1.62566,1202,0.782906,1.62566,short
2000,1.74193,2,1.86651,1202,0.782906,1.86651,short
2001,0.002,0.00229631,0.00214304,1202,0.889759,0.00214304,short
2002,0.00229631,0.00263651,0.00246054,1202,0.889759,0.00246054,short
2003,0.00263651,0.00302712,0.00282508,1202,0.889759,0.00282508,short
2004,0.00302712,0.0034756,0.00324362,1202,0.889759,0.00324362,short
2005,0.0034756,0.00399052,0.00372417,1202,0.889759,0.00372417,short
2006,0.00399052,0.00458174,0.00427592,1202,0.889759,0.00427592,short
2007,0.00458174,0.00526054,0.00490942,1202,0.889759,0.00490942,short
2008,0.00526054,0.0060399,0.00563677,1202,0.889759,0.00563677,short
2009,0.0060399,0.00693474,0.00647187,1202,0.889759,0.00647187,short
2010,0.00693474,0.00796214,0.0074307,1202,0.889759,0.0074307,short
2011,0.00796214,0.00914176,0.00853159,1202,0.889759,0.00853159,short
2012,0.00914176,0.0104961,0.00979558,1202,0.889759,0.00979558,short
2013,0.0104961,0.0120512,0.0112468,1202,0.889759,0.0112468,short
2014,0.0120512,0.0138366,0.0129131,1202,0.889759,0.0129131,short
2015,0.0138366,0.0158866,0.0148262,1202,0.889759,0.0148262,short
2016,0.0158866,0.0182402,0.0170228,1202,0.889759,0.0170228,short
2017,0.0182402,0.0209426,0.0195447,1202,0.889759,0.0195447,short
2018,0.0209426,0.0240453,0.0224404,1202,0.889759,0.0224404,short
2019,0.0240453,0.0276077,0.025765,1202,0.889759,0.025765,short
2020,0.0276077,0.0316979,0.0295822,1202,0.889759,0.0295822,short
2021,0.0316979,0.036394,0.0339649,1202,0.889759,0.0339649,short
2022,0.036394,0.0417859,0.0389969,1202,0.889759,0.0389969,short
2023,0.0417859,0.0479767,0.0447744,1202,0.889759,0.0447744,short
2024,0.0479767,0.0550846,0.0514079,1202,0.889759,0.0514079,short
2025,0.0550846,0.0632456,0.0590242,1202,0.889759,0.0590242,short
2026,0.0632456,0.0726156,0.0677688,1202,0.889759,0.0677688,short
2027,0.0726156,0.0833739,0.077809,1202,0.889759,0.077809,short
2028,0.0833739,0.095726,0.0893367,1202,0.889759,0.0893367,short
2029,0.095726,0.109908,0.102572,1202,0.889759,0.102572,short
2030,0.109908,0.126191,0.117769,1202,0.889759,0.117769,short
2031,0.126191,0.144887,0.135217,1202,0.889759,0.135217,short
2032,0.144887,0.166353,0.155249,1202,0.889759,0.155249,short
2033,0.166353,0.190999,0.17825,1202,0.889759,0.17825,short
2034,0.190999,0.219296,0.204659,1202,0.889759,0.204659,short
2035,0.219296,0.251785,0.23498,1202,0.889759,0.23498,short
2036,0.251785,0.289088,0.269793,1202,0.889759,0.269793,short
2037,0.289088,0.331917,0.309763,1202,0.889759,0.309763,short
2038,0.331917,0.381092,0.355656,1202,0.889759,0.355656,short
2039,0.381092,0.437552,0.408348,1202,0.889759,0.408348,short
2040,0.437552,0.502377,0.468846,1202,0.889759,0.468846,short
2041,0.502377,0.576806,0.538307,1202,0.889759,0.538307,short
2042,0.576806,0.662262,0.618059,1202,0.889759,0.618059,short
2043,0.662262,0.760379,0.709627,1202,0.889759,0.709627,short
2044,0.760379,0.873032,0.814761,1202,0.889759,0.814761,short
2045,0.873032,1.00237,0.93547,1202,0.889759,0.93547,short
2046,1.00237,1.15088,1.07406,1202,0.889759,1.07406,short
2047,1.15088,1.32139,1.23319,1202,0.889759,1.23319,short
2048,1.32139,1.51716,1.41589,1202,0.889759,1.41589,short
2049,1.51716,1.74193,1.62566,1202,0.889759,1.62566,short
2050,1.74193,2,1.86651,1202,0.889759,1.86651,short
2051,0.002,0.00229631,0.00214304,1202,1.0112,0.00214304,short
2052,0.00229631,0.00263651,0.00246054,1202,1.0112,0.00246054,short
2053,0.00263651,0.00302712,0.00282508,1202,1.0112,0.00282508,short
2054,0.00302712,0.0034756,0.00324362,1202,1.0112,0.00324362,short
2055,0.0034756,0.00399052,0.00372417,1202,1.0112,0.00372417,short
2056,0.00399052,0.00458174,0.00427592,1202,1.0112,0.00427592,short
2057,0.00458174,0.00526054,0.00490942,1202,1.0112,0.00490942,short
2058,0.00526054,0.0060399,0.00563677,1202,1.0112,0.00563677,short
2059,0.0060399,0.00693474,0.00647187,1202,1.0112,0.00647187,short
2060,0.00693474,0.00796214,0.0074307,1202,1.0112,0.0074307,short
2061,0.00796214,0.00914176,0.00853159,1202,1.0112,0.00853159,short
2062,0.00914176,0.0104961,0.00979558,1202,1.0112,0.00979558,short
2063,0.0104961,0.0120512,0.0112468,1202,1.0112,0.0112468,short
2064,0.0120512,0.0138366,0.0129131,1202,1.0112,0.0129131,short
2065,0.0138366,0.0158866,0.0148262,1202,1.0112,0.0148262,short
2066,0.0158866,0.0182402,0.0170228,1202,1.0112,0.0170228,short
2067,0.0182402,0.0209426,0.0195447,1202,1.0112,0.0195447,short
2068,0.0209426,0.0240453,0.0224404,1202,1.0112,0.0224404,short
2069,0.0240453,0.0276077,0.025765,1202,1.0112,0.025765,short
2070,0.0276077,0.0316979,0.0295822,1202,1.0112,0.0295822,short
2071,0.0316979,0.036394,0.0339649,1202,1.0112,0.0339649,short
2072,0.036394,0.0417859,0.0389969,1202,1.0112,0.0389969,short
2073,0.0417859,0.0479767,0.0447744,1202,1.0112,0.0447744,short
2074,0.0479767,0.0550846,0.0514079,1202,1.0112,0.0514079,short
2075,0.0550846,0.0632456,0.0590242,1202,1.0112,0.0590242,short
2076,0.0632456,0.0726156,0.0677688,1202,1.0112,0.0677688,short
2077,0.0726156,0.0833739,0.077809,1202,1.0112,0.077809,short
2078,0.0833739,0.095726,0.0893367,1202,1.0112,0.0893367,short
2079,0.095726,0.109908,0.102572,1202,1.0112,0.102572,short
2080,0.109908,0.126191,0.117769,1202,1.0112,0.117769,short
2081,0.126191,0.144887,0.135217,1202,1.0112,0.135217,short
2082,0.144887,0.166353,0.155249,1202,1.0112,0.155249,short
2083,0.166353,0.190999,0.17825,1202,1.0112,0.17825,short
2084,0.190999,0.219296,0.204659,1202,1.0112,0.204659,short
2085,0.219296,0.251785,0.23498,1202,1.0112,0.23498,short
2086,0.251785,0.289088,0.269793,1202,1.0112,0.269793,short
2087,0.289088,0.331917,0.309763,1202,1.0112,0.309763,short
2088,0.331917,0.381092,0.355656,1202,1.0112,0.355656,short
2089,0.381092,0.437552,0.408348,1202,1.0112,0.408348,short
2090,0.437552,0.502377,0.468846,1202,1.0112,0.468846,short
2091,0.502377,0.576806,0.538307,1202,1.0112,0.538307,short
2092,0.576806,0.662262,0.618059,1202,1.0112,0.618059,short
2093,0.662262,0.760379,0.709627,1202,1.0112,0.709627,short
2094,0.760379,0.873032,0.814761,1202,1.0112,0.814761,short
2095,0.873032,1.00237,0.93547,1202,1.0112,0.93547,short
2096,1.00237,1.15088,1.07406,1202,1.0112,1.07406,short
2097,1.15088,1.32139,1.23319,1202,1.0112,1.23319,short
2098,1.32139,1.51716,1.41589,1202,1.0112,1.41589,short
2099,1.51716,1.74193,1.62566,1202,1.0112,1.62566,short
2100,1.74193,2,1.86651,1202,1.0112,1.86651,short
2101,0.002,0.00229631,0.00214304,1202,1.14921,0.00214304,short
2102,0.00229631,0.00263651,0.00246054,1202,1.14921,0.00246054,short
2103,0.00263651,0.00302712,0.00282508,1202,1.14921,0.00282508,short
2104,0.00302712,0.0034756,0.00324362,1202,1.14921,0.00324362,short
2105,0.0034756,0.00399052,0.00372417,1202,1.14921,0.00372417,short
2106,0.00399052,0.00458174,0.00427592,1202,1.14921,0.00427592,short
2107,0.00458174,0.00526054,0.00490942,1202,1.14921,0.00490942,short
2108,0.00526054,0.0060399,0.00563677,1202,1.14921,0.00563677,short
2109,0.0060399,0.00693474,0.00647187,1202,1.14921,0.00647187,short
2110,0.00693474,0.00796214,0.0074307,1202,1.14921,0.0074307,short
2111,0.00796214,0.00914176,0.00853159,1202,1.14921,0.00853159,short
2112,0.00914176,0.0104961,0.00979558,1202,1.14921,0.00979558,short
2113,0.0104961,0.0120512,0.0112468,1202,1.14921,0.0112468,short
2114,0.0120512,0.0138366,0.0129131,1202,1.14921,0.0129131,short
2115,0.0138366,0.0158866,0.0148262,1202,1.14921,0.0148262,short
2116,0.0158866,0.0182402,0.0170228,1202,1.14921,0.0170228,short
2117,0.0182402,0.0209426,0.0195447,1202,1.14921,0.0195447,short
2118,0.0209426,0.0240453,0.0224404,1202,1.14921,0.0224404,short
2119,0.0240453,0.0276077,0.025765,1202,1.14921,0.025765,short
2120,0.0276077,0.0316979,0.0295822,1202,1.14921,0.0295822,short
2121,0.0316979,0.036394,0.0339649,1202,1.14921,0.0339649,short
2122,0.036394,0.0417859,0.0389969,1202,1.14921,0.0389969,short
2123,0.0417859,0.0479767,0.0447744,1202,1.14921,0.0447744,short
2124,0.0479767,0.0550846,0.0514079,1202,1.14921,0.0514079,short
2125,0.0550846,0.0632456,0.0590242,1202,1.14921,0.0590242,short
2126,0.0632456,0.0726156,0.0677688,1202,1.14921,0.0677688,short
2127,0.0726156,0.0833739,0.077809,1202,1.14921,0.077809,short
2128,0.0833739,0.095726,0.0893367,1202,1.14921,0.0893367,short
2129,0.095726,0.109908,0.102572,1202,1.14921,0.102572,short
2130,0.109908,0.126191,0.117769,1202,1.14921,0.117769,short
2131,0.126191,0.144887,0.135217,1202,1.14921,0.135217,short
2132,0.144887,0.166353,0.155249,1202,1.14921,0.155249,short
2133,0.166353,0.190999,0.17825,1202,1.14921,0.17825,short
2134,0.190999,0.219296,0.204659,1202,1.14921,0.204659,short
2135,0.219296,0.251785,0.23498,1202,1.14921,0.23498,short
2136,0.251785,0.289088,0.269793,1202,1.14921,0.269793,short
2137,0.289088,0.331917,0.309763,1202,1.14921,0.309763,short
2138,0.331917,0.381092,0.355656,1202,1.14921,0.355656,short
2139,0.381092,0.437552,0.408348,1202,1.14921,0.408348,short
2140,0.437552,0.502377,0.468846,1202,1.14921,0.468846,short
2141,0.502377,0.576806,0.538307,1202,1.14921,0.538307,short
2142,0.576806,0.662262,0.618059,1202,1.14921,0.618059,short
2143,0.662262,0.760379,0.709627,1202,1.14921,0.709627,short
2144,0.760379,0.873032,0.814761,1202,1.14921,0.814761,short
2145,0.873032,1.00237,0.93547,1202,1.14921,0.93547,short
2146,1.00237,1.15088,1.07406,1202,1.14921,1.07406,short
2147,1.15088,1.32139,1.23319,1202,1.14921,1.23319,short
2148,1.32139,1.51716,1.41589,1202,1.14921,1.41589,short
2149,1.51716,1.74193,1.62566,1202,1.14921,1.62566,short
2150,1.74193,2,1.86651,1202,1.14921,1.86651,short
2151,0.002,0.00229631,0.00214304,1202,1.30606,0.00214304,short
2152,0.00229631,0.00263651,0.00246054,1202,1.30606,0.00246054,short
2153,0.00263651,0.00302712,0.00282508,1202,1.30606,0.00282508,short
2154,0.00302712,0.0034756,0.00324362,1202,1.30606,0.00324362,short
2155,0.0034756,0.00399052,0.00372417,1202,1.30606,0.00372417,short
2156,0.00399052,0.00458174,0.00427592,1202,1.30606,0.00427592,short
2157,0.00458174,0.00526054,0.00490942,1202,1.30606,0.00490942,short
2158,0.00526054,0.0060399,0.00563677,1202,1.30606,0.00563677,short
2159,0.0060399,0.00693474,0.00647187,1202,1.30606,0.00647187,short
2160,0.00693474,0.00796214,0.0074307,1202,1.30606,0.0074307,short
2161,0.00796214,0.00914176,0.00853159,1202,1.30606,0.00853159,short
2162,0.00914176,0.0104961,0.00979558,1202,1.30606,0.00979558,short
2163,0.0104961,0.0120512,0.0112468,1202,1.30606,0.0112468,short
2164,0.0120512,0.0138366,0.0129131,1202,1.30606,0.0129131,short
2165,0.0138366,0.0158866,0.0148262,1202,1.30606,0.0148262,short
2166,0.0158866,0.0182402,0.0170228,1202,1.30606,0.0170228,short
2167,0.0182402,0.0209426,0.0195447,1202,1.30606,0.0195447,short
2168,0.0209426,0.0240453,0.0224404,1202,1.30606,0.0224404,short
2169,0.0240453,0.0276077,0.025765,1202,1.30606,0.025765,short
2170,0.0276077,0.0316979,0.0295822,1202,1.30606,0.0295822,short
2171,0.0316979,0.036394,0.0339649,1202,1.30606,0.0339649,short
2172,0.036394,0.0417859,0.0389969,1202,1.30606,0.0389969,short
2173,0.0417859,0.0479767,0.0447744,1202,1.30606,0.0447744,short
2174,0.0479767,0.0550846,0.0514079,1202,1.30606,0.0514079,short
2175,0.0550846,0.0632456,0.0590242,1202,1.30606,0.0590242,short
2176,0.0632456,0.0726156,0.0677688,1202,1.30606,0.0677688,short
2177,0.0726156,0.0833739,0.077809,1202,1.30606,0.077809,short
2178,0.0833739,0.095726,0.0893367,1202,1.30606,0.0893367,short
2179,0.095726,0.109908,0.102572,1202,1.30606,0.102572,short
2180,0.109908,0.126191,0.117769,1202,1.30606,0.117769,short
2181,0.126191,0.144887,0.135217,1202,1.30606,0.135217,short
2182,0.144887,0.166353,0.155249,1202,1.30606,0.155249,short
2183,0.166353,0.190999,0.17825,1202,1.30606,0.17825,short
2184,0.190999,0.219296,0.204659,1202,1.30606,0.204659,short
2185,0.219296,0.251785,0.23498,1202,1.30606,0.23498,short
2186,0.251785,0.289088,0.269793,1202,1.30606,0.269793,short
2187,0.289088,0.331917,0.309763,1202,1.30606,0.309763,short
2188,0.331917,0.381092,0.355656,1202,1.30606,0.355656,short
2189,0.381092,0.437552,0.408348,1202,1.30606,0.408348,short
2190,0.437552,0.502377,0.468846,1202,1.30606,0.468846,short
2191,0.502377,0.576806,0.538307,1202,1.30606,0.538307,short
2192,0.576806,0.662262,0.618059,1202,1.30606,0.618059,short
2193,0.662262,0.760379,0.709627,1202,1.30606,0.709627,short
2194,0.760379,0.873032,0.814761,1202,1.30606,0.814761,short
2195,0.873032,1.00237,0.93547,1202,1.30606,0.93547,short
2196,1.00237,1.15088,1.07406,1202,1.30606,1.07406,short
2197,1.15088,1.32139,1.23319,1202,1.30606,1.23319,short
2198,1.32139,1.51716,1.41589,1202,1.30606,1.41589,short
2199,1.51716,1.74193,1.62566,1202,1.30606,1.62566,short
2200,1.74193,2,1.86651,1202,1.30606,1.86651,short
2201,0.002,0.00229631,0.00214304,1202,1.48431,0.00214304,short
2202,0.00229631,0.00263651,0.00246054,1202,1.48431,0.00246054,short
2203,0.00263651,0.00302712,0.00282508,1202,1.48431,0.00282508,short
2204,0.00302712,0.0034756,0.00324362,1202,1.48431,0.00324362,short
2205,0.0034756,0.00399052,0.00372417,1202,1.48431,0.00372417,short
2206,0.00399052,0.00458174,0.00427592,1202,1.48431,0.00427592,short
2207,0.00458174,0.00526054,0.00490942,1202,1.48431,0.00490942,short
2208,0.00526054,0.0060399,0.00563677,1202,1.48431,0.00563677,short
2209,0.0060399,0.00693474,0.00647187,1202,1.48431,0.00647187,short
2210,0.00693474,0.00796214,0.0074307,1202,1.48431,0.0074307,short
2211,0.00796214,0.00914176,0.00853159,1202,1.48431,0.00853159,short
2212,0.00914176,0.0104961,0.00979558,1202,1.48431,0.00979558,short
2213,0.0104961,0.0120512,0.0112468,1202,1.48431,0.0112468,short
2214,0.0120512,0.0138366,0.0129131,1202,1.48431,0.0129131,short
2215,0.0138366,0.0158866,0.0148262,1202,1.48431,0.0148262,short
2216,0.0158866,0.0182402,0.0170228,1202,1.48431,0.0170228,short
2217,0.0182402,0.0209426,0.0195447,1202,1.48431,0.0195447,short
2218,0.0209426,0.0240453,0.0224404,1202,1.48431,0.0224404,short
2219,0.0240453,0.0276077,0.025765,1202,1.48431,0.025765,short
2220,0.0276077,0.0316979,0.0295822,1202,1.48431,0.0295822,short
2221,0.0316979,0.036394,0.0339649,1202,1.48431,0.0339649,short
2222,0.036394,0.0417859,0.0389969,1202,1.48431,0.0389969,short
2223,0.0417859,0.0479767,0.0447744,1202,1.48431,0.0447744,short
2224,0.0479767,0.0550846,0.0514079,1202,1.48431,0.0514079,short
2225,0.0550846,0.0632456,0.0590242,1202,1.48431,0.0590242,short
2226,0.0632456,0.0726156,0.0677688,1202,1.48431,0.0677688,short
2227,0.0726156,0.0833739,0.077809,1202,1.48431,0.077809,short
2228,0.0833739,0.095726,0.0893367,1202,1.48431,0.0893367,short
2229,0.095726,0.109908,0.102572,1202,1.48431,0.102572,short
2230,0.109908,0.126191,0.117769,1202,1.48431,0.117769,short
2231,0.126191,0.144887,0.135217,1202,1.48431,0.135217,short
2232,0.144887,0.166353,0.155249,1202,1.48431,0.155249,short
2233,0.166353,0.190999,0.17825,1202,1.48431,0.17825,short
2234,0.190999,0.219296,0.204659,1202,1.48431,0.204659,short
2235,0.219296,0.251785,0.23498,1202,1.48431,0.23498,short
2236,0.251785,0.289088,0.269793,1202,1.48431,0.269793,short
2237,0.289088,0.331917,0.309763,1202,1.48431,0.309763,short
2238,0.331917,0.381092,0.355656,1202,1.48431,0.355656,short
2239,0.381092,0.437552,0.408348,1202,1.48431,0.408348,short
2240,0.437552,0.502377,0.468846,1202,1.48431,0.468846,short
2241,0.502377,0.576806,0.538307,1202,1.48431,0.538307,short
2242,0.576806,0.662262,0.618059,1202,1.48431,0.618059,short
2243,0.662262,0.760379,0.709627,1202,1.48431,0.709627,short
2244,0.760379,0.873032,0.814761,1202,1.48431,0.814761,short
2245,0.873032,1.00237,0.93547,1202,1.48431,0.93547,short
2246,1.00237,1.15088,1.07406,1202,1.48431,1.07406,short
2247,1.15088,1.32139,1.23319,1202,1.48431,1.23319,short
2248,1.32139,1.51716,1.41589,1202,1.48431,1.41589,short
2249,1.51716,1.74193,1.62566,1202,1.48431,1.62566,short
2250,1.74193,2,1.86651,1202,1.48431,1.86651,short
2251,0.002,0.00229631,0.00214304,1202,1.68689,0.00214304,short
2252,0.00229631,0.00263651,0.00246054,1202,1.68689,0.00246054,short
2253,0.00263651,0.00302712,0.00282508,1202,1.68689,0.00282508,short
2254,0.00302712,0.0034756,0.00324362,1202,1.68689,0.00324362,short
2255,0.0034756,0.00399052,0.00372417,1202,1.68689,0.00372417,short
2256,0.00399052,0.00458174,0.00427592,1202,1.68689,0.00427592,short
2257,0.00458174,0.00526054,0.00490942,1202,1.68689,0.00490942,short
2258,0.00526054,0.0060399,0.00563677,1202,1.68689,0.00563677,short
2259,0.0060399,0.00693474,0.00647187,1202,1.68689,0.00647187,short
2260,0.00693474,0.00796214,0.0074307,1202,1.68689,0.0074307,short
2261,0.00796214,0.00914176,0.00853159,1202,1.68689,0.00853159,short
2262,0.00914176,0.0104961,0.00979558,1202,1.68689,0.00979558,short
2263,0.0104961,0.0120512,0.0112468,1202,1.68689,0.0112468,short
2264,0.0120512,0.0138366,0.0129131,1202,1.68689,0.0129131,short
2265,0.0138366,0.0158866,0.0148262,1202,1.68689,0.0148262,short
2266,0.0158866,0.0182402,0.0170228,1202,1.68689,0.0170228,short
2267,0.0182402,0.0209426,0.0195447,1202,1.68689,0.0195447,short
2268,0.0209426,0.0240453,0.0224404,1202,1.68689,0.0224404,short
2269,0.0240453,0.0276077,0.025765,1202,1.68689,0.025765,short
2270,0.0276077,0.0316979,0.0295822,1202,1.68689,0.0295822,short
2271,0.0316979,0.036394,0.0339649,1202,1.68689,0.0339649,short
2272,0.036394,0.0417859,0.0389969,1202,1.68689,0.0389969,short
2273,0.0417859,0.0479767,0.0447744,1202,1.68689,0.0447744,short
2274,0.0479767,0.0550846,0.0514079,1202,1.68689,0.0514079,short
2275,0.0550846,0.0632456,0.0590242,1202,1.68689,0.0590242,short
2276,0.0632456,0.0726156,0.0677688,1202,1.68689,0.0677688,short
2277,0.0726156,0.0833739,0.077809,1202,1.68689,0.077809,short
2278,0.0833739,0.095726,0.0893367,1202,1.68689,0.0893367,short
2279,0.095726,0.109908,0.102572,1202,1.68689,0.102572,short
2280,0.109908,0.126191,0.117769,1202,1.68689,0.117769,short
2281,0.126191,0.144887,0.135217,1202,1.68689,0.135217,short
2282,0.144887,0.166353,0.155249,1202,1.68689,0.155249,short
2283,0.166353,0.190999,0.17825,1202,1.68689,0.17825,short
2284,0.190999,0.219296,0.204659,1202,1.68689,0.204659,short
2285,0.219296,0.251785,0.23498,1202,1.68689,0.23498,short
2286,0.251785,0.289088,0.269793,1202,1.68689,0.269793,short
2287,0.289088,0.331917,0.309763,1202,1.68689,0.309763,short
2288,0.331917,0.381092,0.355656,1202,1.68689,0.355656,short
2289,0.381092,0.437552,0.408348,1202,1.68689,0.408348,short
2290,0.437552,0.502377,0.468846,1202,1.68689,0.468846,short
2291,0.502377,0.576806,0.538307,1202,1.68689,0.538307,short
2292,0.576806,0.662262,0.618059,1202,1.68689,0.618059,short
2293,0.662262,0.760379,0.709627,1202,1.68689,0.709627,short
2294,0.760379,0.873032,0.814761,1202,1.68689,0.814761,short
2295,0.873032,1.00237,0.93547,1202,1.68689,0.93547,short
2296,1.00237,1.15088,1.07406,1202,1.68689,1.07406,short
2297,1.15088,1.32139,1.23319,1202,1.68689,1.23319,short
2298,1.32139,1.51716,1.41589,1202,1.68689,1.41589,short
2299,1.51716,1.74193,1.62566,1202,1.68689,1.62566,short
2300,1.74193,2,1.86651,1202,1.68689,1.86651,short
2301,0.002,0.00229631,0.00214304,1202,1.91713,0.00214304,short
2302,0.00229631,0.00263651,0.00246054,1202,1.91713,0.00246054,short
2303,0.00263651,0.00302712,0.00282508,1202,1.91713,0.00282508,short
2304,0.00302712,0.0034756,0.00324362,1202,1.91713,0.00324362,short
2305,0.0034756,0.00399052,0.00372417,1202,1.91713,0.00372417,short
2306,0.00399052,0.00458174,0.00427592,1202,1.91713,0.00427592,short
2307,0.00458174,0.00526054,0.00490942,1202,1.91713,0.00490942,short
2308,0.00526054,0.0060399,0.00563677,1202,1.91713,0.00563677,short
2309,0.0060399,0.00693474,0.00647187,1202,1.91713,0.00647187,short
2310,0.00693474,0.00796214,0.0074307,1202,1.91713,0.0074307,short
2311,0.00796214,0.00914176,0.00853159,1202,1.91713,0.00853159,short
2312,0.00914176,0.0104961,0.00979558,1202,1.91713,0.00979558,short
2313,0.0104961,0.0120512,0.0112468,1202,1.91713,0.0112468,short
2314,0.0120512,0.0138366,0.0129131,1202,1.91713,0.0129131,short
2315,0.0138366,0.0158866,0.0148262,1202,1.91713,0.0148262,short
2316,0.0158866,0.0182402,0.0170228,1202,1.91713,0.0170228,short
2317,0.0182402,0.0209426,0.0195447,1202,1.91713,0.0195447,short
2318,0.0209426,0.0240453,0.0224404,1202,1.91713,0.0224404,short
2319,0.0240453,0.0276077,0.025765,1202,1.91713,0.025765,short
2320,0.0276077,0.0316979,0.0295822,1202,1.91713,0.0295822,short
2321,0.0316979,0.036394,0.0339649,1202,1.91713,0.0339649,short
2322,0.036394,0.0417859,0.0389969,1202,1.91713,0.0389969,short
2323,0.0417859,0.0479767,0.0447744,1202,1.91713,0.0447744,short
2324,0.0479767,0.0550846,0.0514079,1202,1.91713,0.0514079,short
2325,0.0550846,0.0632456,0.0590242,1202,1.91713,0.0590242,short
2326,0.0632456,0.0726156,0.0677688,1202,1.91713,0.0677688,short
2327,0.0726156,0.0833739,0.077809,1202,1.91713,0.077809,short
2328,0.0833739,0.095726,0.0893367,1202,1.91713,0.0893367,short
2329,0.095726,0.109908,0.102572,1202,1.91713,0.102572,short
2330,0.109908,0.126191,0.117769,1202,1.91713,0.117769,short
2331,0.126191,0.144887,0.135217,1202,1.91713,0.135217,short
2332,0.144887,0.166353,0.155249,1202,1.91713,0.155249,short
2333,0.166353,0.190999,0.17825,1202,1.91713,0.17825,short
2334,0.190999,0.219296,0.204659,1202,1.91713,0.204659,short
2335,0.219296,0.251785,0.23498,1202,1.91713,0.23498,short
2336,0.251785,0.289088,0.269793,1202,1.91713,0.269793,short
2337,0.289088,0.331917,0.309763,1202,1.91713,0.309763,short
2338,0.331917,0.381092,0.355656,1202,1.91713,0.355656,short
2339,0.381092,0.437552,0.408348,1202,1.91713,0.408348,short
2340,0.437552,0.502377,0.468846,1202,1.91713,0.468846,short
2341,0.502377,0.576806,0.538307,1202,1.91713,0.538307,short
2342,0.576806,0.662262,0.618059,1202,1.91713,0.618059,short
2343,0.662262,0.760379,0.709627,1202,1.91713,0.709627,short
2344,0.760379,0.873032,0.814761,1202,1.91713,0.814761,short
2345,0.873032,1.00237,0.93547,1202,1.91713,0.93547,short
2346,1.00237,1.15088,1.07406,1202,1.91713,1.07406,short
2347,1.15088,1.32139,1.23319,1202,1.91713,1.23319,short
2348,1.32139,1.51716,1.41589,1202,1.91713,1.41589,short
2349,1.51716,1.74193,1.62566,1202,1.91713,1.62566,short
2350,1.74193,2,1.86651,1202,1.91713,1.86651,short
2351,0.002,0.00229631,0.00214304,1202,2.17878,0.00214304,short
2352,0.00229631,0.00263651,0.00246054,1202,2.17878,0.00246054,short
2353,0.00263651,0.00302712,0.00282508,1202,2.17878,0.00282508,short
2354,0.00302712,0.0034756,0.00324362,1202,2.17878,0.00324362,short
2355,0.0034756,0.00399052,0.00372417,1202,2.17878,0.00372417,short
2356,0.00399052,0.00458174,0.00427592,1202,2.17878,0.00427592,short
2357,0.00458174,0.00526054,0.00490942,1202,2.17878,0.00490942,short
2358,0.00526054,0.0060399,0.00563677,1202,2.17878,0.00563677,short
2359,0.0060399,0.00693474,0.00647187,1202,2.17878,0.00647187,short
2360,0.00693474,0.00796214,0.0074307,1202,2.17878,0.0074307,short
2361,0.00796214,0.00914176,0.00853159,1202,2.17878,0.00853159,short
2362,0.00914176,0.0104961,0.00979558,1202,2.17878,0.00979558,short
2363,0.0104961,0.0120512,0.0112468,1202,2.17878,0.0112468,short
2364,0.0120512,0.0138366,0.0129131,1202,2.17878,0.0129131,short
2365,0.0138366,0.0158866,0.0148262,1202,2.17878,0.0148262,short
2366,0.0158866,0.0182402,0.0170228,1202,2.17878,0.0170228,short
2367,0.0182402,0.0209426,0.0195447,1202,2.17878,0.0195447,short
2368,0.0209426,0.0240453,0.0224404,1202,2.17878,0.0224404,short
2369,0.0240453,0.0276077,0.025765,1202,2.17878,0.025765,short
2370,0.0276077,0.0316979,0.0295822,1202,2.17878,0.0295822,short
2371,0.0316979,0.036394,0.0339649,1202,2.17878,0.0339649,short
2372,0.036394,0.0417859,0.0389969,1202,2.17878,0.0389969,short
2373,0.0417859,0.0479767,0.0447744,1202,2.17878,0.0447744,short
2374,0.0479767,0.0550846,0.0514079,1202,2.17878,0.0514079,short
2375,0.0550846,0.0632456,0.0590242,1202,2.17878,0.0590242,short
2376,0.0632456,0.0726156,0.0677688,1202,2.17878,0.0677688,short
2377,0.0726156,0.0833739,0.077809,1202,2.17878,0.077809,short
2378,0.0833739,0.095726,0.0893367,1202,2.17878,0.0893367,short
2379,0.095726,0.109908,0.102572,1202,2.17878,0.102572,short
2380,0.109908,0.126191,0.117769,1202,2.17878,0.117769,short
2381,0.126191,0.144887,0.135217,1202,2.17878,0.135217,short
2382,0.144887,0.166353,0.155249,1202,2.17878,0.155249,short
2383,0.166353,0.190999,0.17825,1202,2.17878,0.17825,short
2384,0.190999,0.219296,0.204659,1202,2.17878,0.204659,short
2385,0.219296,0.251785,0.23498,1202,2.17878,0.23498,short
2386,0.251785,0.289088,0.269793,1202,2.17878,0.269793,short
2387,0.289088,0.331917,0.309763,1202,2.17878,0.309763,short
2388,0.331917,0.381092,0.355656,1202,2.17878,0.355656,short
2389,0.381092,0.437552,0.408348,1202,2.17878,0.408348,short
2390,0.437552,0.502377,0.468846,1202,2.17878,0.468846,short
2391,0.502377,0.576806,0.538307,1202,2.17878,0.538307,short
2392,0.576806,0.662262,0.618059,1202,2.17878,0.618059,short
2393,0.662262,0.760379,0.709627,1202,2.17878,0.709627,short
2394,0.760379,0.873032,0.814761,1202,2.17878,0.814761,short
2395,0.873032,1.00237,0.93547,1202,2.17878,0.93547,short
2396,1.00237,1.15088,1.07406,1202,2.17878,1.07406,short
2397,1.15088,1.32139,1.23319,1202,2.17878,1.23319,short
2398,1.32139,1.51716,1.41589,1202,2.17878,1.41589,short
2399,1.51716,1.74193,1.62566,1202,2.17878,1.62566,short
2400,1.74193,2,1.86651,1202,2.17878,1.86651,short
2401,0.002,0.00229631,0.00214304,1202,2.47615,0.00214304,short
2402,0.00229631,0.00263651,0.00246054,1202,2.47615,0.00246054,short
2403,0.00263651,0.00302712,0.00282508,1202,2.47615,0.00282508,short
2404,0.00302712,0.0034756,0.00324362,1202,2.47615,0.00324362,short
2405,0.0034756,0.00399052,0.00372417,1202,2.47615,0.00372417,short
2406,0.00399052,0.00458174,0.00427592,1202,2.47615,0.00427592,short
2407,0.00458174,0.00526054,0.00490942,1202,2.47615,0.00490942,short
2408,0.00526054,0.0060399,0.00563677,1202,2.47615,0.00563677,short
2409,0.0060399,0.00693474,0.00647187,1202,2.47615,0.00647187,short
2410,0.00693474,0.00796214,0.0074307,1202,2.47615,0.0074307,short
2411,0.00796214,0.00914176,0.00853159,1202,2.47615,0.00853159,short
2412,0.00914176,0.0104961,0.00979558,1202,2.47615,0.00979558,short
2413,0.0104961,0.0120512,0.0112468,1202,2.47615,0.0112468,short
2414,0.0120512,0.0138366,0.0129131,1202,2.47615,0.0129131,short
2415,0.0138366,0.0158866,0.0148262,1202,2.47615,0.0148262,short
2416,0.0158866,0.0182402,0.0170228,1202,2.47615,0.0170228,short
2417,0.0182402,0.0209426,0.0195447,1202,2.47615,0.0195447,short
2418,0.0209426,0.0240453,0.0224404,1202,2.47615,0.0224404,short
2419,0.0240453,0.0276077,0.025765,1202,2.47615,0.025765,short
2420,0.0276077,0.0316979,0.0295822,1202,2.47615,0.0295822,short
2421,0.0316979,0.036394,0.0339649,1202,2.47615,0.0339649,short
2422,0.036394,0.0417859,0.0389969,1202,2.47615,0.0389969,short
2423,0.0417859,0.0479767,0.0447744,1202,2.47615,0.0447744,short
2424,0.0479767,0.0550846,0.0514079,1202,2.47615,0.0514079,short
2425,0.0550846,0.0632456,0.0590242,1202,2.47615,0.0590242,short
2426,0.0632456,0.0726156,0.0677688,1202,2.47615,0.0677688,short
2427,0.0726156,0.0833739,0.077809,1202,2.47615,0.077809,short
2428,0.0833739,0.095726,0.0893367,1202,2.47615,0.0893367,short
2429,0.095726,0.109908,0.102572,1202,2.47615,0.102572,short
2430,0.109908,0.126191,0.117769,1202,2.47615,0.117769,short
2431,0.126191,0.144887,0.135217,1202,2.47615,0.135217,short
2432,0.144887,0.166353,0.155249,1202,2.47615,0.155249,short
2433,0.166353,0.190999,0.17825,1202,2.47615,0.17825,short
2434,0.190999,0.219296,0.204659,1202,2.47615,0.204659,short
2435,0.219296,0.251785,0.23498,1202,2.47615,0.23498,short
2436,0.251785,0.289088,0.269793,1202,2.47615,0.269793,short
2437,0.289088,0.331917,0.309763,1202,2.47615,0.309763,short
2438,0.331917,0.381092,0.355656,1202,2.47615,0.355656,short
2439,0.381092,0.437552,0.408348,1202,2.47615,0.408348,short
2440,0.437552,0.502377,0.468846,1202,2.47615,0.468846,short
2441,0.502377,0.576806,0.538307,1202,2.47615,0.538307,short
2442,0.576806,0.662262,0.618059,1202,2.47615,0.618059,short
2443,0.662262,0.760379,0.709627,1202,2.47615,0.709627,short
2444,0.760379,0.873032,0.814761,1202,2.47615,0.814761,short
2445,0.873032,1.00237,0.93547,1202,2.47615,0.93547,short
2446,1.00237,1.15088,1.07406,1202,2.47615,1.07406,short
2447,1.15088,1.32139,1.23319,1202,2.47615,1.23319,short
2448,1.32139,1.51716,1.41589,1202,2.47615,1.41589,short
2449,1.51716,1.74193,1.62566,1202,2.47615,1.62566,short
2450,1.74193,2,1.86651,1202,2.47615,1.86651,short
2451,0.002,0.00229631,0.00214304,1202,2.8141,0.00214304,short
2452,0.00229631,0.00263651,0.00246054,1202,2.8141,0.00246054,short
2453,0.00263651,0.00302712,0.00282508,1202,2.8141,0.00282508,short
2454,0.00302712,0.0034756,0.00324362,1202,2.8141,0.00324362,short
2455,0.0034756,0.00399052,0.00372417,1202,2.8141,0.00372417,short
2456,0.00399052,0.00458174,0.00427592,1202,2.8141,0.00427592,short
2457,0.00458174,0.00526054,0.00490942,1202,2.8141,0.00490942,short
2458,0.00526054,0.0060399,0.00563677,1202,2.8141,0.00563677,short
2459,0.0060399,0.00693474,0.00647187,1202,2.8141,0.00647187,short
2460,0.00693474,0.00796214,0.0074307,1202,2.8141,0.0074307,short
2461,0.00796214,0.00914176,0.00853159,1202,2.8141,0.00853159,short
2462,0.00914176,0.0104961,0.00979558,1202,2.8141,0.00979558,short
2463,0.0104961,0.0120512,0.0112468,1202,2.8141,0.0112468,short
2464,0.0120512,0.0138366,0.0129131,1202,2.8141,0.0129131,short
2465,0.0138366,0.0158866,0.0148262,1202,2.8141,0.0148262,short
2466,0.0158866,0.0182402,0.0170228,1202,2.8141,0.0170228,short
2467,0.0182402,0.0209426,0.0195447,1202,2.8141,0.0195447,short
2468,0.0209426,0.0240453,0.0224404,1202,2.8141,0.0224404,short
2469,0.0240453,0.0276077,0.025765,1202,2.8141,0.025765,short
2470,0.0276077,0.0316979,0.0295822,1202,2.8141,0.0295822,short
2471,0.0316979,0.036394,0.0339649,1202,2.8141,0.0339649,short
2472,0.036394,0.0417859,0.0389969,1202,2.8141,0.0389969,short
2473,0.0417859,0.0479767,0.0447744,1202,2.8141,0.0447744,short
2474,0.0479767,0.0550846,0.0514079,1202,2.8141,0.0514079,short
2475,0.0550846,0.0632456,0.0590242,1202,2.8141,0.0590242,short
2476,0.0632456,0.0726156,0.0677688,1202,2.8141,0.0677688,short
2477,0.0726156,0.0833739,0.077809,1202,2.8141,0.077809,short
2478,0.0833739,0.095726,0.0893367,1202,2.8141,0.0893367,short
2479,0.095726,0.109908,0.102572,1202,2.8141,0.102572,short
2480,0.109908,0.126191,0.117769,1202,2.8141,0.117769,short
2481,0.126191,0.144887,0.135217,1202,2.8141,0.135217,short
2482,0.144887,0.166353,0.155249,1202,2.8141,0.155249,short
2483,0.166353,0.190999,0.17825,1202,2.8141,0.17825,short
2484,0.190999,0.219296,0.204659,1202,2.8141,0.204659,short
2485,0.219296,0.251785,0.23498,1202,2.8141,0.23498,short
2486,0.251785,0.289088,0.269793,1202,2.8141,0.269793,short
2487,0.289088,0.331917,0.309763,1202,2.8141,0.309763,short
2488,0.331917,0.381092,0.355656,1202,2.8141,0.355656,short
2489,0.381092,0.437552,0.408348,1202,2.8141,0.408348,short
2490,0.437552,0.502377,0.468846,1202,2.8141,0.468846,short
2491,0.502377,0.576806,0.538307,1202,2.8141,0.538307,short
2492,0.576806,0.662262,0.618059,1202,2.8141,0.618059,short
2493,0.662262,0.760379,0.709627,1202,2.8141,0.709627,short
2494,0.760379,0.873032,0.814761,1202,2.8141,0.814761,short
2495,0.873032,1.00237,0.93547,1202,2.8141,0.93547,short
2496,1.00237,1.15088,1.07406,1202,2.8141,1.07406,short
2497,1.15088,1.32139,1.23319,1202,2.8141,1.23319,short
2498,1.32139,1.51716,1.41589,1202,2.8141,1.41589,short
2499,1.51716,1.74193,1.62566,1202,2.8141,1.62566,short
2500,1.74193,2,1.86651,1202,2.8141,1.86651,short
2501,0.002,0.00229631,0.00214304,1202,0.0053303,0.00214304,moderate
2502,0.00229631,0.00263651,0.00246054,1202,0.0053303,0.00246054,moderate
2503,0.00263651,0.00302712,0.00282508,1202,0.0053303,0.00282508,moderate
2504,0.00302712,0.0034756,0.00324362,1202,0.0053303,0.00324362,moderate
2505,0.0034756,0.00399052,0.00372417,1202,0.0053303,0.00372417,moderate
2506,0.00399052,0.00458174,0.00427592,1202,0.0053303,0.00427592,moderate
2507,0.00458174,0.00526054,0.00490942,1202,0.0053303,0.00490942,moderate
2508,0.00526054,0.0060399,0.00563677,1202,0.0053303,0.00563677,moderate
2509,0.0060399,0.00693474,0.00647187,1202,0.0053303,0.00647187,moderate
2510,0.00693474,0.00796214,0.0074307,1202,0.0053303,0.0074307,moderate
2511,0.00796214,0.00914176,0.00853159,1202,0.0053303,0.00853159,moderate
2512,0.00914176,0.0104961,0.00979558,1202,0.0053303,0.00979558,moderate
2513,0.0104961,0.0120512,0.0112468,1202,0.0053303,0.0112468,moderate
2514,0.0120512,0.0138366,0.0129131,1202,0.0053303,0.0129131,moderate
2515,0.0138366,0.0158866,0.0148262,1202,0.0053303,0.0148262,moderate
2516,0.0158866,0.0182402,0.0170228,1202,0.0053303,0.0170228,moderate
2517,0.0182402,0.0209426,0.0195447,1202,0.0053303,0.0195447,moderate
2518,0.0209426,0.0240453,0.0224404,1202,0.0053303,0.0224404,moderate
2519,0.0240453,0.0276077,0.025765,1202,0.0053303,0.025765,moderate
2520,0.0276077,0.0316979,0.0295822,1202,0.0053303,0.0295822,moderate
2521,0.0316979,0.036394,0.0339649,1202,0.0053303,0.0339649,moderate
2522,0.036394,0.0417859,0.0389969,1202,0.0053303,0.0389969,moderate
2523,0.0417859,0.0479767,0.0447744,1202,0.0053303,0.0447744,moderate
2524,0.0479767,0.0550846,0.0514079,1202,0.0053303,0.0514079,moderate
2525,0.0550846,0.0632456,0.0590242,1202,0.0053303,0.0590242,moderate
2526,0.0632456,0.0726156,0.0677688,1202,0.0053303,0.0677688,moderate
2527,0.0726156,0.0833739,0.077809,1202,0.0053303,0.077809,moderate
2528,0.0833739,0.095726,0.0893367,1202,0.0053303,0.0893367,moderate
2529,0.095726,0.109908,0.102572,1202,0.0053303,0.102572,moderate
2530,0.109908,0.126191,0.117769,1202,0.0053303,0.117769,moderate
2531,0.126191,0.144887,0.135217,1202,0.0053303,0.135217,moderate
2532,0.144887,0.166353,0.155249,1202,0.0053303,0.155249,moderate
2533,0.166353,0.190999,0.17825,1202,0.0053303,0.17825,moderate
2534,0.190999,0.219296,0.204659,1202,0.0053303,0.204659,moderate
2535,0.219296,0.251785,0.23498,1202,0.0053303,0.23498,moderate
2536,0.251785,0.289088,0.269793,1202,0.0053303,0.269793,moderate
2537,0.289088,0.331917,0.309763,1202,0.0053303,0.309763,moderate
2538,0.331917,0.381092,0.355656,1202,0.0053303,0.355656,moderate
2539,0.381092,0.437552,0.408348,1202,0.0053303,0.408348,moderate
2540,0.437552,0.502377,0.468846,1202,0.0053303,0.468846,moderate
2541,0.502377,0.576806,0.538307,1202,0.0053303,0.538307,moderate
2542,0.576806,0.662262,0.618059,1202,0.0053303,0.618059,moderate
2543,0.662262,0.760379,0.709627,1202,0.0053303,0.709627,moderate
2544,0.760379,0.873032,0.814761,1202,0.0053303,0.814761,moderate
2545,0.873032,1.00237,0.93547,1202,0.0053303,0.93547,moderate
2546,1.00237,1.15088,1.07406,1202,0.0053303,1.07406,moderate
2547,1.15088,1.32139,1.23319,1202,0.0053303,1.23319,moderate
2548,1.32139,1.51716,1.41589,1202,0.0053303,1.41589,moderate
2549,1.51716,1.74193,1.62566,1202,0.0053303,1.62566,moderate
2550,1.74193,2,1.86651,1202,0.0053303,1.86651,moderate
2551,0.002,0.00229631,0.00214304,1202,0.00605779,0.00214304,moderate
2552,0.00229631,0.00263651,0.00246054,1202,0.00605779,0.00246054,moderate
2553,0.00263651,0.00302712,0.00282508,1202,0.00605779,0.00282508,moderate
2554,0.00302712,0.0034756,0.00324362,1202,0.00605779,0.00324362,moderate
2555,0.0034756,0.00399052,0.00372417,1202,0.00605779,0.00372417,moderate
2556,0.00399052,0.00458174,0.00427592,1202,0.00605779,0.00427592,moderate
2557,0.00458174,0.00526054,0.00490942,1202,0.00605779,0.00490942,moderate
2558,0.00526054,0.0060399,0.00563677,1202,0.00605779,0.00563677,moderate
2559,0.0060399,0.00693474,0.00647187,1202,0.00605779,0.00647187,moderate
2560,0.00693474,0.00796214,0.0074307,1202,0.00605779,0.0074307,moderate
2561,0.00796214,0.00914176,0.00853159,1202,0.00605779,0.00853159,moderate
2562,0.00914176,0.0104961,0.00979558,1202,0.00605779,0.00979558,moderate
2563,0.0104961,0.0120512,0.0112468,1202,0.00605779,0.0112468,moderate
2564,0.0120512,0.0138366,0.0129131,1202,0.00605779,0.0129131,moderate
2565,0.0138366,0.0158866,0.0148262,1202,0.00605779,0.0148262,moderate
2566,0.0158866,0.0182402,0.0170228,1202,0.00605779,0.0170228,moderate
2567,0.0182402,0.0209426,0.0195447,1202,0.00605779,0.0195447,moderate
2568,0.0209426,0.0240453,0.0224404,1202,0.00605779,0.0224404,moderate
2569,0.0240453,0.0276077,0.025765,1202,0.00605779,0.025765,moderate
2570,0.0276077,0.0316979,0.0295822,1202,0.00605779,0.0295822,moderate
2571,0.0316979,0.036394,0.0339649,1202,0.00605779,0.0339649,moderate
2572,0.036394,0.0417859,0.0389969,1202,0.00605779,0.0389969,moderate
2573,0.0417859,0.0479767,0.0447744,1202,0.00605779,0.0447744,moderate
2574,0.0479767,0.0550846,0.0514079,1202,0.00605779,0.0514079,moderate
2575,0.0550846,0.0632456,0.0590242,1202,0.00605779,0.0590242,moderate
2576,0.0632456,0.0726156,0.0677688,1202,0.00605779,0.0677688,moderate
2577,0.0726156,0.0833739,0.077809,1202,0.00605779,0.077809,moderate
2578,0.0833739,0.095726,0.0893367,1202,0.00605779,0.0893367,moderate
2579,0.095726,0.109908,0.102572,1202,0.00605779,0.102572,moderate
2580,0.109908,0.126191,0.117769,1202,0.00605779,0.117769,moderate
2581,0.126191,0.144887,0.135217,1202,0.00605779,0.135217,moderate
2582,0.144887,0.166353,0.155249,1202,0.00605779,0.155249,moderate
2583,0.166353,0.190999,0.17825,1202,0.00605779,0.17825,moderate
2584,0.190999,0.219296,0.204659,1202,0.00605779,0.204659,moderate
2585,0.219296,0.251785,0.23498,1202,0.00605779,0.23498,moderate
2586,0.251785,0.289088,0.269793,1202,0.00605779,0.269793,moderate
2587,0.289088,0.331917,0.309763,1202,0.00605779,0.309763,moderate
2588,0.331917,0.381092,0.355656,1202,0.00605779,0.355656,moderate
2589,0.381092,0.437552,0.408348,1202,0.00605779,0.408348,moderate
2590,0.437552,0.502377,0.468846,1202,0.00605779,0.468846,moderate
2591,0.502377,0.576806,0.538307,1202,0.00605779,0.538307,moderate
2592,0.576806,0.662262,0.618059,1202,0.00605779,0.618059,moderate
2593,0.662262,0.760379,0.709627,1202,0.00605779,0.709627,moderate
2594,0.760379,0.873032,0.814761,1202,0.00605779,0.814761,moderate
2595,0.873032,1.00237,0.93547,1202,0.00605779,0.93547,moderate
2596,1.00237,1.15088,1.07406,1202,0.00605779,1.07406,moderate
2597,1.15088,1.32139,1.23319,1202,0.00605779,1.23319,moderate
2598,1.32139,1.51716,1.41589,1202,0.00605779,1.41589,moderate
2599,1.51716,1.74193,1.62566,1202,0.00605779,1.62566,moderate
2600,1.74193,2,1.86651,1202,0.00605779,1.86651,moderate
2601,0.002,0.00229631,0.00214304,1202,0.00688458,0.00214304,moderate
2602,0.00229631,0.00263651,0.00246054,1202,0.00688458,0.00246054,moderate
2603,0.00263651,0.00302712,0.00282508,1202,0.00688458,0.00282508,moderate
2604,0.00302712,0.0034756,0.00324362,1202,0.00688458,0.00324362,moderate
2605,0.0034756,0.00399052,0.00372417,1202,0.00688458,0.00372417,moderate
2606,0.00399052,0.00458174,0.00427592,1202,0.00688458,0.00427592,moderate
2607,0.00458174,0.00526054,0.00490942,1202,0.00688458,0.00490942,moderate
2608,0.00526054,0.0060399,0.00563677,1202,0.00688458,0.00563677,moderate
2609,0.0060399,0.00693474,0.00647187,1202,0.00688458,0.00647187,moderate
2610,0.00693474,0.00796214,0.0074307,1202,0.00688458,0.0074307,moderate
2611,0.00796214,0.00914176,0.00853159,1202,0.00688458,0.00853159,moderate
2612,0.00914176,0.0104961,0.00979558,1202,0.00688458,0.00979558,moderate
2613,0.0104961,0.0120512,0.0112468,1202,0.00688458,0.0112468,moderate
2614,0.0120512,0.0138366,0.0129131,1202,0.00688458,0.0129131,moderate
2615,0.0138366,0.0158866,0.0148262,1202,0.00688458,0.0148262,moderate
2616,0.0158866,0.0182402,0.0170228,1202,0.00688458,0.0170228,moderate
2617,0.0182402,0.0209426,0.0195447,1202,0.00688458,0.0195447,moderate
2618,0.0209426,0.0240453,0.0224404,1202,0.00688458,0.0224404,moderate
2619,0.0240453,0.0276077,0.025765,1202,0.00688458,0.025765,moderate
2620,0.0276077,0.0316979,0.0295822,1202,0.00688458,0.0295822,moderate
2621,0.0316979,0.036394,0.0339649,1202,0.00688458,0.0339649,moderate
2622,0.036394,0.0417859,0.0389969,1202,0.00688458,0.0389969,moderate
2623,0.0417859,0.0479767,0.0447744,1202,0.00688458,0.0447744,moderate
2624,0.0479767,0.0550846,0.0514079,1202,0.00688458,0.0514079,moderate
2625,0.0550846,0.0632456,0.0590242,1202,0.00688458,0.0590242,moderate
2626,0.0632456,0.0726156,0.0677688,1202,0.00688458,0.0677688,moderate
2627,0.0726156,0.0833739,0.077809,1202,0.00688458,0.077809,moderate
2628,0.0833739,0.095726,0.0893367,1202,0.00688458,0.0893367,moderate
2629,0.095726,0.109908,0.102572,1202,0.00688458,0.102572,moderate
2630,0.109908,0.126191,0.117769,1202,0.00688458,0.117769,moderate
2631,0.126191,0.144887,0.135217,1202,0.00688458,0.135217,moderate
2632,0.144887,0.166353,0.155249,1202,0.00688458,0.155249,moderate
2633,0.166353,0.190999,0.17825,1202,0.00688458,0.17825,moderate
2634,0.190999,0.219296,0.204659,1202,0.00688458,0.204659,moderate
2635,0.219296,0.251785,0.23498,1202,0.00688458,0.23498,moderate
2636,0.251785,0.289088,0.269793,1202,0.00688458,0.269793,moderate
2637,0.289088,0.331917,0.309763,1202,0.00688458,0.309763,moderate
2638,0.331917,0.381092,0.355656,1202,0.00688458,0.355656,moderate
2639,0.381092,0.437552,0.408348,1202,0.00688458,0.408348,moderate
2640,0.437552,0.502377,0.468846,1202,0.00688458,0.468846,moderate
2641,0.502377,0.576806,0.538307,1202,0.00688458,0.538307,moderate
2642,0.576806,0.662262,0.618059,1202,0.00688458,0.618059,moderate
2643,0.662262,0.760379,0.709627,1202,0.00688458,0.709627,moderate
2644,0.760379,0.873032,0.814761,1202,0.00688458,0.814761,moderate
2645,0.873032,1.00237,0.93547,1202,0.00688458,0.93547,moderate
2646,1.00237,1.15088,1.07406,1202,0.00688458,1.07406,moderate
2647,1.15088,1.32139,1.23319,1202,0.00688458,1.23319,moderate
2648,1.32139,1.51716,1.41589,1202,0.00688458,1.41589,moderate
2649,1.51716,1.74193,1.62566,1202,0.00688458,1.62566,moderate
2650,1.74193,2,1.86651,1202,0.00688458,1.86651,moderate
2651,0.002,0.00229631,0.00214304,1202,0.00782421,0.00214304,moderate
2652,0.00229631,0.00263651,0.00246054,1202,0.00782421,0.00246054,moderate
2653,0.00263651,0.00302712,0.00282508,1202,0.00782421,0.00282508,moderate
2654,0.00302712,0.0034756,0.00324362,1202,0.00782421,0.00324362,moderate
2655,0.0034756,0.00399052,0.00372417,1202,0.00782421,0.00372417,moderate
2656,0.00399052,0.00458174,0.00427592,1202,0.00782421,0.00427592,moderate
2657,0.00458174,0.00526054,0.00490942,1202,0.00782421,0.00490942,moderate
2658,0.00526054,0.0060399,0.00563677,1202,0.00782421,0.00563677,moderate
2659,0.0060399,0.00693474,0.00647187,1202,0.00782421,0.00647187,moderate
2660,0.00693474,0.00796214,0.0074307,1202,0.00782421,0.0074307,moderate
2661,0.00796214,0.00914176,0.00853159,1202,0.00782421,0.00853159,moderate
2662,0.00914176,0.0104961,0.00979558,1202,0.00782421,0.00979558,moderate
2663,0.0104961,0.0120512,0.0112468,1202,0.00782421,0.0112468,moderate
2664,0.0120512,0.0138366,0.0129131,1202,0.00782421,0.0129131,moderate
2665,0.0138366,0.0158866,0.0148262,1202,0.00782421,0.0148262,moderate
2666,0.0158866,0.0182402,0.0170228,1202,0.00782421,0.0170228,moderate
2667,0.0182402,0.0209426,0.0195447,1202,0.00782421,0.0195447,moderate
2668,0.0209426,0.0240453,0.0224404,1202,0.00782421,0.0224404,moderate
2669,0.0240453,0.0276077,0.025765,1202,0.00782421,0.025765,moderate
2670,0.0276077,0.0316979,0.0295822,1202,0.00782421,0.0295822,moderate
2671,0.0316979,0.036394,0.0339649,1202,0.00782421,0.0339649,moderate
2672,0.036394,0.0417859,0.0389969,1202,0.00782421,0.0389969,moderate
2673,0.0417859,0.0479767,0.0447744,1202,0.00782421,0.0447744,moderate
2674,0.0479767,0.0550846,0.0514079,1202,0.00782421,0.0514079,moderate
2675,0.0550846,0.0632456,0.0590242,1202,0.00782421,0.0590242,moderate
2676,0.0632456,0.0726156,0.0677688,1202,0.00782421,0.0677688,moderate
2677,0.0726156,0.0833739,0.077809,1202,0.00782421,0.077809,moderate
2678,0.0833739,0.095726,0.0893367,1202,0.00782421,0.0893367,moderate
2679,0.095726,0.109908,0.102572,1202,0.00782421,0.102572,moderate
2680,0.109908,0.126191,0.117769,1202,0.00782421,0.117769,moderate
2681,0.126191,0.144887,0.135217,1202,0.00782421,0.135217,moderate
2682,0.144887,0.166353,0.155249,1202,0.00782421,0.155249,moderate
2683,0.166353,0.190999,0.17825,1202,0.00782421,0.17825,moderate
2684,0.190999,0.219296,0.204659,1202,0.00782421,0.204659,moderate
2685,0.219296,0.251785,0.23498,1202,0.00782421,0.23498,moderate
2686,0.251785,0.289088,0.269793,1202,0.00782421,0.269793,moderate
2687,0.289088,0.331917,0.309763,1202,0.00782421,0.309763,moderate
2688,0.331917,0.381092,0.355656,1202,0.00782421,0.355656,moderate
2689,0.381092,0.437552,0.408348,1202,0.00782421,0.408348,moderate
2690,0.437552,0.502377,0.468846,1202,0.00782421,0.468846,moderate
2691,0.502377,0.576806,0.538307,1202,0.00782421,0.538307,moderate
2692,0.576806,0.662262,0.618059,1202,0.00782421,0.618059,moderate
2693,0.662262,0.760379,0.709627,1202,0.00782421,0.709627,moderate
2694,0.760379,0.873032,0.814761,1202,0.00782421,0.814761,moderate
2695,0.873032,1.00237,0.93547,1202,0.00782421,0.93547,moderate
2696,1.00237,1.15088,1.07406,1202,0.00782421,1.07406,moderate
2697,1.15088,1.32139,1.23319,1202,0.00782421,1.23319,moderate
2698,1.32139,1.51716,1.41589,1202,0.00782421,1.41589,moderate
2699,1.51716,1.74193,1.62566,1202,0.00782421,1.62566,moderate
2700,1.74193,2,1.86651,1202,0.00782421,1.86651,moderate
2701,0.002,0.00229631,0.00214304,1202,0.00889209,0.00214304,moderate
2702,0.00229631,0.00263651,0.00246054,1202,0.00889209,0.00246054,moderate
2703,0.00263651,0.00302712,0.00282508,1202,0.00889209,0.00282508,moderate
2704,0.00302712,0.0034756,0.00324362,1202,0.00889209,0.00324362,moderate
2705,0.0034756,0.00399052,0.00372417,1202,0.00889209,0.00372417,moderate
2706,0.00399052,0.00458174,0.00427592,1202,0.00889209,0.00427592,moderate
2707,0.00458174,0.00526054,0.00490942,1202,0.00889209,0.00490942,moderate
2708,0.00526054,0.0060399,0.00563677,1202,0.00889209,0.00563677,moderate
2709,0.0060399,0.00693474,0.00647187,1202,0.00889209,0.00647187,moderate
2710,0.00693474,0.00796214,0.0074307,1202,0.00889209,0.0074307,moderate
2711,0.00796214,0.00914176,0.00853159,1202,0.00889209,0.00853159,moderate
2712,0.00914176,0.0104961,0.00979558,1202,0.00889209,0.00979558,moderate
2713,0.0104961,0.0120512,0.0112468,1202,0.00889209,0.0112468,moderate
2714,0.0120512,0.0138366,0.0129131,1202,0.00889209,0.0129131,moderate
2715,0.0138366,0.0158866,0.0148262,1202,0.00889209,0.0148262,moderate
2716,0.0158866,0.0182402,0.0170228,1202,0.00889209,0.0170228,moderate
2717,0.0182402,0.0209426,0.0195447,1202,0.00889209,0.0195447,moderate
2718,0.0209426,0.0240453,0.0224404,1202,0.00889209,0.0224404,moderate
2719,0.0240453,0.0276077,0.025765,1202,0.00889209,0.025765,moderate
2720,0.0276077,0.0316979,0.0295822,1202,0.00889209,0.0295822,moderate
2721,0.0316979,0.036394,0.0339649,1202,0.00889209,0.0339649,moderate
2722,0.036394,0.0417859,0.0389969,1202,0.00889209,0.0389969,moderate
2723,0.0417859,0.0479767,0.0447744,1202,0.00889209,0.0447744,moderate
2724,0.0479767,0.0550846,0.0514079,1202,0.00889209,0.0514079,moderate
2725,0.0550846,0.0632456,0.0590242,1202,0.00889209,0.0590242,moderate
2726,0.0632456,0.0726156,0.0677688,1202,0.00889209,0.0677688,moderate
2727,0.0726156,0.0833739,0.077809,1202,0.00889209,0.077809,moderate
2728,0.0833739,0.095726,0.0893367,1202,0.00889209,0.0893367,moderate
2729,0.095726,0.109908,0.102572,1202,0.00889209,0.102572,moderate
2730,0.109908,0.126191,0.117769,1202,0.00889209,0.117769,moderate
2731,0.126191,0.144887,0.135217,1202,0.00889209,0.135217,moderate
2732,0.144887,0.166353,0.155249,1202,0.00889209,0.155249,moderate
2733,0.166353,0.190999,0.17825,1202,0.00889209,0.17825,moderate
2734,0.190999,0.219296,0.204659,1202,0.00889209,0.204659,moderate
2735,0.219296,0.251785,0.23498,1202,0.00889209,0.23498,moderate
2736,0.251785,0.289088,0.269793,1202,0.00889209,0.269793,moderate
2737,0.289088,0.331917,0.309763,1202,0.00889209,0.309763,moderate
2738,0.331917,0.381092,0.355656,1202,0.00889209,0.355656,moderate
2739,0.381092,0.437552,0.408348,1202,0.00889209,0.408348,moderate
2740,0.437552,0.502377,0.468846,1202,0.00889209,0.468846,moderate
2741,0.502377,0.576806,0.538307,1202,0.00889209,0.538307,moderate
2742,0.576806,0.662262,0.618059,1202,0.00889209,0.618059,moderate
2743,0.662262,0.760379,0.709627,1202,0.00889209,0.709627,moderate
2744,0.760379,0.873032,0.814761,1202,0.00889209,0.814761,moderate
2745,0.873032,1.00237,0.93547,1202,0.00889209,0.93547,moderate
2746,1.00237,1.15088,1.07406,1202,0.00889209,1.07406,moderate
2747,1.15088,1.32139,1.23319,1202,0.00889209,1.23319,moderate
2748,1.32139,1.51716,1.41589,1202,0.00889209,1.41589,moderate
2749,1.51716,1.74193,1.62566,1202,0.00889209,1.62566,moderate
2750,1.74193,2,1.86651,1202,0.00889209,1.86651,moderate
2751,0.002,0.00229631,0.00214304,1202,0.0101057,0.00214304,moderate
2752,0.00229631,0.00263651,0.00246054,1202,0.0101057,0.00246054,moderate
2753,0.00263651,0.00302712,0.00282508,1202,0.0101057,0.00282508,moderate
2754,0.00302712,0.0034756,0.00324362,1202,0.0101057,0.00324362,moderate
2755,0.0034756,0.00399052,0.00372417,1202,0.0101057,0.00372417,moderate
2756,0.00399052,0.00458174,0.00427592,1202,0.0101057,0.00427592,moderate
2757,0.00458174,0.00526054,0.00490942,1202,0.0101057,0.00490942,moderate
2758,0.00526054,0.0060399,0.00563677,1202,0.0101057,0.00563677,moderate
2759,0.0060399,0.00693474,0.00647187,1202,0.0101057,0.00647187,moderate
2760,0.00693474,0.00796214,0.0074307,1202,0.0101057,0.0074307,moderate
2761,0.00796214,0.00914176,0.00853159,1202,0.0101057,0.00853159,moderate
2762,0.00914176,0.0104961,0.00979558,1202,0.0101057,0.00979558,moderate
2763,0.0104961,0.0120512,0.0112468,1202,0.0101057,0.0112468,moderate
2764,0.0120512,0.0138366,0.0129131,1202,0.0101057,0.0129131,moderate
2765,0.0138366,0.0158866,0.0148262,1202,0.0101057,0.0148262,moderate
2766,0.0158866,0.0182402,0.0170228,1202,0.0101057,0.0170228,moderate
2767,0.0182402,0.0209426,0.0195447,1202,0.0101057,0.0195447,moderate
2768,0.0209426,0.0240453,0.0224404,1202,0.0101057,0.0224404,moderate
2769,0.0240453,0.0276077,0.025765,1202,0.0101057,0.025765,moderate
2770,0.0276077,0.0316979,0.0295822,1202,0.0101057,0.0295822,moderate
2771,0.0316979,0.036394,0.0339649,1202,0.0101057,0.0339649,moderate
2772,0.036394,0.0417859,0.0389969,1202,0.0101057,0.0389969,moderate
2773,0.0417859,0.0479767,0.0447744,1202,0.0101057,0.0447744,moderate
2774,0.0479767,0.0550846,0.0514079,1202,0.0101057,0.0514079,moderate
2775,0.0550846,0.0632456,0.0590242,1202,0.0101057,0.0590242,moderate
2776,0.0632456,0.0726156,0.0677688,1202,0.0101057,0.0677688,moderate
2777,0.0726156,0.0833739,0.077809,1202,0.0101057,0.077809,moderate
2778,0.0833739,0.095726,0.0893367,1202,0.0101057,0.0893367,moderate
2779,0.095726,0.109908,0.102572,1202,0.0101057,0.102572,moderate
2780,0.109908,0.126191,0.117769,1202,0.0101057,0.117769,moderate
2781,0.126191,0.144887,0.135217,1202,0.0101057,0.135217,moderate
2782,0.144887,0.166353,0.155249,1202,0.0101057,0.155249,moderate
2783,0.166353,0.190999,0.17825,1202,0.0101057,0.17825,moderate
2784,0.190999,0.219296,0.204659,1202,0.0101057,0.204659,moderate
2785,0.219296,0.251785,0.23498,1202,0.0101057,0.23498,moderate
2786,0.251785,0.289088,0.269793,1202,0.0101057,0.269793,moderate
2787,0.289088,0.331917,0.309763,1202,0.0101057,0.309763,moderate
2788,0.331917,0.381092,0.355656,1202,0.0101057,0.355656,moderate
2789,0.381092,0.437552,0.408348,1202,0.0101057,0.408348,moderate
2790,0.437552,0.502377,0.468846,1202,0.0101057,0.468846,moderate
2791,0.502377,0.576806,0.538307,1202,0.0101057,0.538307,moderate
2792,0.576806,0.662262,0.618059,1202,0.0101057,0.618059,moderate
2793,0.662262,0.760379,0.709627,1202,0.0101057,0.709627,moderate
2794,0.760379,0.873032,0.814761,1202,0.0101057,0.814761,moderate
2795,0.873032,1.00237,0.93547,1202,0.0101057,0.93547,moderate
2796,1.00237,1.15088,1.07406,1202,0.0101057,1.07406,moderate
2797,1.15088,1.32139,1.23319,1202,0.0101057,1.23319,moderate
2798,1.32139,1.51716,1.41589,1202,0.0101057,1.41589,moderate
2799,1.51716,1.74193,1.62566,1202,0.0101057,1.62566,moderate
2800,1.74193,2,1.86651,1202,0.0101057,1.86651,moderate
2801,0.002,0.00229631,0.00214304,1202,0.011485,0.00214304,moderate
2802,0.00229631,0.00263651,0.00246054,1202,0.011485,0.00246054,moderate
2803,0.00263651,0.00302712,0.00282508,1202,0.011485,0.00282508,moderate
2804,0.00302712,0.0034756,0.00324362,1202,0.011485,0.00324362,moderate
2805,0.0034756,0.00399052,0.00372417,1202,0.011485,0.00372417,moderate
2806,0.00399052,0.00458174,0.00427592,1202,0.011485,0.00427592,moderate
2807,0.00458174,0.00526054,0.00490942,1202,0.011485,0.00490942,moderate
2808,0.00526054,0.0060399,0.00563677,1202,0.011485,0.00563677,moderate
2809,0.0060399,0.00693474,0.00647187,1202,0.011485,0.00647187,moderate
2810,0.00693474,0.00796214,0.0074307,1202,0.011485,0.0074307,moderate
2811,0.00796214,0.00914176,0.00853159,1202,0.011485,0.00853159,moderate
2812,0.00914176,0.0104961,0.00979558,1202,0.011485,0.00979558,moderate
2813,0.0104961,0.0120512,0.0112468,1202,0.011485,0.0112468,moderate
2814,0.0120512,0.0138366,0.0129131,1202,0.011485,0.0129131,moderate
2815,0.0138366,0.0158866,0.0148262,1202,0.011485,0.0148262,moderate
2816,0.0158866,0.0182402,0.0170228,1202,0.011485,0.0170228,moderate
2817,0.0182402,0.0209426,0.0195447,1202,0.011485,0.0195447,moderate
2818,0.0209426,0.0240453,0.0224404,1202,0.011485,0.0224404,moderate
2819,0.0240453,0.0276077,0.025765,1202,0.011485,0.025765,moderate
2820,0.0276077,0.0316979,0.0295822,1202,0.011485,0.0295822,moderate
2821,0.0316979,0.036394,0.0339649,1202,0.011485,0.0339649,moderate
2822,0.036394,0.0417859,0.0389969,1202,0.011485,0.0389969,moderate
2823,0.0417859,0.0479767,0.0447744,1202,0.011485,0.0447744,moderate
2824,0.0479767,0.0550846,0.0514079,1202,0.011485,0.0514079,moderate
2825,0.0550846,0.0632456,0.0590242,1202,0.011485,0.0590242,moderate
2826,0.0632456,0.0726156,0.0677688,1202,0.011485,0.0677688,moderate
2827,0.0726156,0.0833739,0.077809,1202,0.011485,0.077809,moderate
2828,0.0833739,0.095726,0.0893367,1202,0.011485,0.0893367,moderate
2829,0.095726,0.109908,0.102572,1202,0.011485,0.102572,moderate
2830,0.109908,0.126191,0.117769,1202,0.011485,0.117769,moderate
2831,0.126191,0.144887,0.135217,1202,0.011485,0.135217,moderate
2832,0.144887,0.166353,0.155249,1202,0.011485,0.155249,moderate
2833,0.166353,0.190999,0.17825,1202,0.011485,0.17825,moderate
2834,0.190999,0.219296,0.204659,1202,0.011485,0.204659,moderate
2835,0.219296,0.251785,0.23498,1202,0.011485,0.23498,moderate
2836,0.251785,0.289088,0.269793,1202,0.011485,0.269793,moderate
2837,0.289088,0.331917,0.309763,1202,0.011485,0.309763,moderate
2838,0.331917,0.381092,0.355656,1202,0.011485,0.355656,moderate
2839,0.381092,0.437552,0.408348,1202,0.011485,0.408348,moderate
2840,0.437552,0.502377,0.468846,1202,0.011485,0.468846,moderate
2841,0.502377,0.576806,0.538307,1202,0.011485,0.538307,moderate
2842,0.576806,0.662262,0.618059,1202,0.011485,0.618059,moderate
2843,0.662262,0.760379,0.709627,1202,0.011485,0.709627,moderate
2844,0.760379,0.873032,0.814761,1202,0.011485,0.814761,moderate
2845,0.873032,1.00237,0.93547,1202,0.011485,0.93547,moderate
2846,1.00237,1.15088,1.07406,1202,0.011485,1.07406,moderate
2847,1.15088,1.32139,1.23319,1202,0.011485,1.23319,moderate
2848,1.32139,1.51716,1.41589,1202,0.011485,1.41589,moderate
2849,1.51716,1.74193,1.62566,1202,0.011485,1.62566,moderate
2850,1.74193,2,1.86651,1202,0.011485,1.86651,moderate
2851,0.002,0.00229631,0.00214304,1202,0.0130525,0.00214304,moderate
2852,0.00229631,0.00263651,0.00246054,1202,0.0130525,0.00246054,moderate
2853,0.00263651,0.00302712,0.00282508,1202,0.0130525,0.00282508,moderate
2854,0.00302712,0.0034756,0.00324362,1202,0.0130525,0.00324362,moderate
2855,0.0034756,0.00399052,0.00372417,1202,0.0130525,0.00372417,moderate
2856,0.00399052,0.00458174,0.00427592,1202,0.0130525,0.00427592,moderate
2857,0.00458174,0.00526054,0.00490942,1202,0.0130525,0.00490942,moderate
2858,0.00526054,0.0060399,0.00563677,1202,0.0130525,0.00563677,moderate
2859,0.0060399,0.00693474,0.00647187,1202,0.0130525,0.00647187,moderate
2860,0.00693474,0.00796214,0.0074307,1202,0.0130525,0.0074307,moderate
2861,0.00796214,0.00914176,0.00853159,1202,0.0130525,0.00853159,moderate
2862,0.00914176,0.0104961,0.00979558,1202,0.0130525,0.00979558,moderate
2863,0.0104961,0.0120512,0.0112468,1202,0.0130525,0.0112468,moderate
2864,0.0120512,0.0138366,0.0129131,1202,0.0130525,0.0129131,moderate
2865,0.0138366,0.0158866,0.0148262,1202,0.0130525,0.0148262,moderate
2866,0.0158866,0.0182402,0.0170228,1202,0.0130525,0.0170228,moderate
2867,0.0182402,0.0209426,0.0195447,1202,0.0130525,0.0195447,moderate
2868,0.0209426,0.0240453,0.0224404,1202,0.0130525,0.0224404,moderate
2869,0.0240453,0.0276077,0.025765,1202,0.0130525,0.025765,moderate
2870,0.0276077,0.0316979,0.0295822,1202,0.0130525,0.0295822,moderate
2871,0.0316979,0.036394,0.0339649,1202,0.0130525,0.0339649,moderate
2872,0.036394,0.0417859,0.0389969,1202,0.0130525,0.0389969,moderate
2873,0.0417859,0.0479767,0.0447744,1202,0.0130525,0.0447744,moderate
2874,0.0479767,0.0550846,0.0514079,1202,0.0130525,0.0514079,moderate
2875,0.0550846,0.0632456,0.0590242,1202,0.0130525,0.0590242,moderate
2876,0.0632456,0.0726156,0.0677688,1202,0.0130525,0.0677688,moderate
2877,0.0726156,0.0833739,0.077809,1202,0.0130525,0.077809,moderate
2878,0.0833739,0.095726,0.0893367,1202,0.0130525,0.0893367,moderate
2879,0.095726,0.109908,0.102572,1202,0.0130525,0.102572,moderate
2880,0.109908,0.126191,0.117769,1202,0.0130525,0.117769,moderate
2881,0.126191,0.144887,0.135217,1202,0.0130525,0.135217,moderate
2882,0.144887,0.166353,0.155249,1202,0.0130525,0.155249,moderate
2883,0.166353,0.190999,0.17825,1202,0.0130525,0.17825,moderate
2884,0.190999,0.219296,0.204659,1202,0.0130525,0.204659,moderate
2885,0.219296,0.251785,0.23498,1202,0.0130525,0.23498,moderate
2886,0.251785,0.289088,0.269793,1202,0.0130525,0.269793,moderate
2887,0.289088,0.331917,0.309763,1202,0.0130525,0.309763,moderate
2888,0.331917,0.381092,0.355656,1202,0.0130525,0.355656,moderate
2889,0.381092,0.437552,0.408348,1202,0.0130525,0.408348,moderate
2890,0.437552,0.502377,0.468846,1202,0.0130525,0.468846,moderate
2891,0.502377,0.576806,0.538307,1202,0.0130525,0.538307,moderate
2892,0.576806,0.662262,0.618059,1202,0.0130525,0.618059,moderate
2893,0.662262,0.760379,0.709627,1202,0.0130525,0.709627,moderate
2894,0.760379,0.873032,0.814761,1202,0.0130525,0.814761,moderate
2895,0.873032,1.00237,0.93547,1202,0.0130525,0.93547,moderate
2896,1.00237,1.15088,1.07406,1202,0.0130525,1.07406,moderate
2897,1.15088,1.32139,1.23319,1202,0.0130525,1.23319,moderate
2898,1.32139,1.51716,1.41589,1202,0.0130525,1.41589,moderate
2899,1.51716,1.74193,1.62566,1202,0.0130525,1.62566,moderate
2900,1.74193,2,1.86651,1202,0.0130525,1.86651,moderate
2901,0.002,0.00229631,0.00214304,1202,0.0148339,0.00214304,moderate
2902,0.00229631,0.00263651,0.00246054,1202,0.0148339,0.00246054,moderate
2903,0.00263651,0.00302712,0.00282508,1202,0.0148339,0.00282508,moderate
2904,0.00302712,0.0034756,0.00324362,1202,0.0148339,0.00324362,moderate
2905,0.0034756,0.00399052,0.00372417,1202,0.0148339,0.00372417,moderate
2906,0.00399052,0.00458174,0.00427592,1202,0.0148339,0.00427592,moderate
2907,0.00458174,0.00526054,0.00490942,1202,0.0148339,0.00490942,moderate
2908,0.00526054,0.0060399,0.00563677,1202,0.0148339,0.00563677,moderate
2909,0.0060399,0.00693474,0.00647187,1202,0.0148339,0.00647187,moderate
2910,0.00693474,0.00796214,0.0074307,1202,0.0148339,0.0074307,moderate
2911,0.00796214,0.00914176,0.00853159,1202,0.0148339,0.00853159,moderate
2912,0.00914176,0.0104961,0.00979558,1202,0.0148339,0.00979558,moderate
2913,0.0104961,0.0120512,0.0112468,1202,0.0148339,0.0112468,moderate
2914,0.0120512,0.0138366,0.0129131,1202,0.0148339,0.0129131,moderate
2915,0.0138366,0.0158866,0.0148262,1202,0.0148339,0.0148262,moderate
2916,0.0158866,0.0182402,0.0170228,1202,0.0148339,0.0170228,moderate
2917,0.0182402,0.0209426,0.0195447,1202,0.0148339,0.0195447,moderate
2918,0.0209426,0.0240453,0.0224404,1202,0.0148339,0.0224404,moderate
2919,0.0240453,0.0276077,0.025765,1202,0.0148339,0.025765,moderate
2920,0.0276077,0.0316979,0.0295822,1202,0.0148339,0.0295822,moderate
2921,0.0316979,0.036394,0.0339649,1202,0.0148339,0.0339649,moderate
2922,0.036394,0.0417859,0.0389969,1202,0.0148339,0.0389969,moderate
2923,0.0417859,0.0479767,0.0447744,1202,0.0148339,0.0447744,moderate
2924,0.0479767,0.0550846,0.0514079,1202,0.0148339,0.0514079,moderate
2925,0.0550846,0.0632456,0.0590242,1202,0.0148339,0.0590242,moderate
2926,0.0632456,0.0726156,0.0677688,1202,0.0148339,0.0677688,moderate
2927,0.0726156,0.0833739,0.077809,1202,0.0148339,0.077809,moderate
2928,0.0833739,0.095726,0.0893367,1202,0.0148339,0.0893367,moderate
2929,0.095726,0.109908,0.102572,1202,0.0148339,0.102572,moderate
2930,0.109908,0.126191,0.117769,1202,0.0148339,0.117769,moderate
2931,0.126191,0.144887,0.135217,1202,0.0148339,0.135217,moderate
2932,0.144887,0.166353,0.155249,1202,0.0148339,0.155249,moderate
2933,0.166353,0.190999,0.17825,1202,0.0148339,0.17825,moderate
2934,0.190999,0.219296,0.204659,1202,0.0148339,0.204659,moderate
2935,0.219296,0.251785,0.23498,1202,0.0148339,0.23498,moderate
2936,0.251785,0.289088,0.269793,1202,0.0148339,0.269793,moderate
2937,0.289088,0.331917,0.309763,1202,0.0148339,0.309763,moderate
2938,0.331917,0.381092,0.355656,1202,0.0148339,0.355656,moderate
2939,0.381092,0.437552,0.408348,1202,0.0148339,0.408348,moderate
2940,0.437552,0.502377,0.468846,1202,0.0148339,0.468846,moderate
2941,0.502377,0.576806,0.538307,1202,0.0148339,0.538307,moderate
2942,0.576806,0.662262,0.618059,1202,0.0148339,0.618059,moderate
2943,0.662262,0.760379,0.709627,1202,0.0148339,0.709627,moderate
2944,0.760379,0.873032,0.814761,1202,0.0148339,0.814761,moderate
2945,0.873032,1.00237,0.93547,1202,0.0148339,0.93547,moderate
2946,1.00237,1.15088,1.07406,1202,0.0148339,1.07406,moderate
2947,1.15088,1.32139,1.23319,1202,0.0148339,1.23319,moderate
2948,1.32139,1.51716,1.41589,1202,0.0148339,1.41589,moderate
2949,1.51716,1.74193,1.62566,1202,0.0148339,1.62566,moderate
2950,1.74193,2,1.86651,1202,0.0148339,1.86651,moderate
2951,0.002,0.00229631,0.00214304,1202,0.0168585,0.00214304,moderate
2952,0.00229631,0.00263651,0.00246054,1202,0.0168585,0.00246054,moderate
2953,0.00263651,0.00302712,0.00282508,1202,0.0168585,0.00282508,moderate
2954,0.00302712,0.0034756,0.00324362,1202,0.0168585,0.00324362,moderate
2955,0.0034756,0.00399052,0.00372417,1202,0.0168585,0.00372417,moderate
2956,0.00399052,0.00458174,0.00427592,1202,0.0168585,0.00427592,moderate
2957,0.00458174,0.00526054,0.00490942,1202,0.0168585,0.00490942,moderate
2958,0.00526054,0.0060399,0.00563677,1202,0.0168585,0.00563677,moderate
2959,0.0060399,0.00693474,0.00647187,1202,0.0168585,0.00647187,moderate
2960,0.00693474,0.00796214,0.0074307,1202,0.0168585,0.0074307,moderate
2961,0.00796214,0.00914176,0.00853159,1202,0.0168585,0.00853159,moderate
2962,0.00914176,0.0104961,0.00979558,1202,0.0168585,0.00979558,moderate
2963,0.0104961,0.0120512,0.0112468,1202,0.0168585,0.0112468,moderate
2964,0.0120512,0.0138366,0.0129131,1202,0.0168585,0.0129131,moderate
2965,0.0138366,0.0158866,0.0148262,1202,0.0168585,0.0148262,moderate
2966,0.0158866,0.0182402,0.0170228,1202,0.0168585,0.0170228,moderate
2967,0.0182402,0.0209426,0.0195447,1202,0.0168585,0.0195447,moderate
2968,0.0209426,0.0240453,0.0224404,1202,0.0168585,0.0224404,moderate
2969,0.0240453,0.0276077,0.025765,1202,0.0168585,0.025765,moderate
2970,0.0276077,0.0316979,0.0295822,1202,0.0168585,0.0295822,moderate
2971,0.0316979,0.036394,0.0339649,1202,0.0168585,0.0339649,moderate
2972,0.036394,0.0417859,0.0389969,1202,0.0168585,0.0389969,moderate
2973,0.0417859,0.0479767,0.0447744,1202,0.0168585,0.0447744,moderate
2974,0.0479767,0.0550846,0.0514079,1202,0.0168585,0.0514079,moderate
2975,0.0550846,0.0632456,0.0590242,1202,0.0168585,0.0590242,moderate
2976,0.0632456,0.0726156,0.0677688,1202,0.0168585,0.0677688,moderate
2977,0.0726156,0.0833739,0.077809,1202,0.0168585,0.077809,moderate
2978,0.0833739,0.095726,0.0893367,1202,0.0168585,0.0893367,moderate
2979,0.095726,0.109908,0.102572,1202,0.0168585,0.102572,moderate
2980,0.109908,0.126191,0.117769,1202,0.0168585,0.117769,moderate
2981,0.126191,0.144887,0.135217,1202,0.0168585,0.135217,moderate
2982,0.144887,0.166353,0.155249,1202,0.0168585,0.155249,moderate
2983,0.166353,0.190999,0.17825,1202,0.0168585,0.17825,moderate
2984,0.190999,0.219296,0.204659,1202,0.0168585,0.204659,moderate
2985,0.219296,0.251785,0.23498,1202,0.0168585,0.23498,moderate
2986,0.251785,0.289088,0.269793,1202,0.0168585,0.269793,moderate
2987,0.289088,0.331917,0.309763,1202,0.0168585,0.309763,moderate
2988,0.331917,0.381092,0.355656,1202,0.0168585,0.355656,moderate
2989,0.381092,0.437552,0.408348,1202,0.0168585,0.408348,moderate
2990,0.437552,0.502377,0.468846,1202,0.0168585,0.468846,moderate
2991,0.502377,0.576806,0.538307,1202,0.0168585,0.538307,moderate
2992,0.576806,0.662262,0.618059,1202,0.0168585,0.618059,moderate
2993,0.662262,0.760379,0.709627,1202,0.0168585,0.709627,moderate
2994,0.760379,0.873032,0.814761,1202,0.0168585,0.814761,moderate
2995,0.873032,1.00237,0.93547,1202,0.0168585,0.93547,moderate
2996,1.00237,1.15088,1.07406,1202,0.0168585,1.07406,moderate
2997,1.15088,1.32139,1.23319,1202,0.0168585,1.23319,moderate
2998,1.32139,1.51716,1.41589,1202,0.0168585,1.41589,moderate
2999,1.51716,1.74193,1.62566,1202,0.0168585,1.62566,moderate
3000,1.74193,2,1.86651,1202,0.0168585,1.86651,moderate
3001,0.002,0.00229631,0.00214304,1202,0.0191594,0.00214304,moderate
3002,0.00229631,0.00263651,0.00246054,1202,0.0191594,0.00246054,moderate
3003,0.00263651,0.00302712,0.00282508,1202,0.0191594,0.00282508,moderate
3004,0.00302712,0.0034756,0.00324362,1202,0.0191594,0.00324362,moderate
3005,0.0034756,0.00399052,0.00372417,1202,0.0191594,0.00372417,moderate
3006,0.00399052,0.00458174,0.00427592,1202,0.0191594,0.00427592,moderate
3007,0.00458174,0.00526054,0.00490942,1202,0.0191594,0.00490942,moderate
3008,0.00526054,0.0060399,0.00563677,1202,0.0191594,0.00563677,moderate
3009,0.0060399,0.00693474,0.00647187,1202,0.0191594,0.00647187,moderate
3010,0.00693474,0.00796214,0.0074307,1202,0.0191594,0.0074307,moderate
3011,0.00796214,0.00914176,0.00853159,1202,0.0191594,0.00853159,moderate
3012,0.00914176,0.0104961,0.00979558,1202,0.0191594,0.00979558,moderate
3013,0.0104961,0.0120512,0.0112468,1202,0.0191594,0.0112468,moderate
3014,0.0120512,0.0138366,0.0129131,1202,0.0191594,0.0129131,moderate
3015,0.0138366,0.0158866,0.0148262,1202,0.0191594,0.0148262,moderate
3016,0.0158866,0.0182402,0.0170228,1202,0.0191594,0.0170228,moderate
3017,0.0182402,0.0209426,0.0195447,1202,0.0191594,0.0195447,moderate
3018,0.0209426,0.0240453,0.0224404,1202,0.0191594,0.0224404,moderate
3019,0.0240453,0.0276077,0.025765,1202,0.0191594,0.025765,moderate
3020,0.0276077,0.0316979,0.0295822,1202,0.0191594,0.0295822,moderate
3021,0.0316979,0.036394,0.0339649,1202,0.0191594,0.0339649,moderate
3022,0.036394,0.0417859,0.0389969,1202,0.0191594,0.0389969,moderate
3023,0.0417859,0.0479767,0.0447744,1202,0.0191594,0.0447744,moderate
3024,0.0479767,0.0550846,0.0514079,1202,0.0191594,0.0514079,moderate
3025,0.0550846,0.0632456,0.0590242,1202,0.0191594,0.0590242,moderate
3026,0.0632456,0.0726156,0.0677688,1202,0.0191594,0.0677688,moderate
3027,0.0726156,0.0833739,0.077809,1202,0.0191594,0.077809,moderate
3028,0.0833739,0.095726,0.0893367,1202,0.0191594,0.0893367,moderate
3029,0.095726,0.109908,0.102572,1202,0.0191594,0.102572,moderate
3030,0.109908,0.126191,0.117769,1202,0.0191594,0.117769,moderate
3031,0.126191,0.144887,0.135217,1202,0.0191594,0.135217,moderate
3032,0.144887,0.166353,0.155249,1202,0.0191594,0.155249,moderate
3033,0.166353,0.190999,0.17825,1202,0.0191594,0.17825,moderate
3034,0.190999,0.219296,0.204659,1202,0.0191594,0.204659,moderate
3035,0.219296,0.251785,0.23498,1202,0.0191594,0.23498,moderate
3036,0.251785,0.289088,0.269793,1202,0.0191594,0.269793,moderate
3037,0.289088,0.331917,0.309763,1202,0.0191594,0.309763,moderate
3038,0.331917,0.381092,0.355656,1202,0.0191594,0.355656,moderate
3039,0.381092,0.437552,0.408348,1202,0.0191594,0.408348,moderate
3040,0.437552,0.502377,0.468846,1202,0.0191594,0.468846,moderate
3041,0.502377,0.576806,0.538307,1202,0.0191594,0.538307,moderate
3042,0.576806,0.662262,0.618059,1202,0.0191594,0.618059,moderate
3043,0.662262,0.760379,0.709627,1202,0.0191594,0.709627,moderate
3044,0.760379,0.873032,0.814761,1202,0.0191594,0.814761,moderate
3045,0.873032,1.00237,0.93547,1202,0.0191594,0.93547,moderate
3046,1.00237,1.15088,1.07406,1202,0.0191594,1.07406,moderate
3047,1.15088,1.32139,1.23319,1202,0.0191594,1.23319,moderate
3048,1.32139,1.51716,1.41589,1202,0.0191594,1.41589,moderate
3049,1.51716,1.74193,1.62566,1202,0.0191594,1.62566,moderate
3050,1.74193,2,1.86651,1202,0.0191594,1.86651,moderate
3051,0.002,0.00229631,0.00214304,1202,0.0217743,0.00214304,moderate
3052,0.00229631,0.00263651,0.00246054,1202,0.0217743,0.00246054,moderate
3053,0.00263651,0.00302712,0.00282508,1202,0.0217743,0.00282508,moderate
3054,0.00302712,0.0034756,0.00324362,1202,0.0217743,0.00324362,moderate
3055,0.0034756,0.00399052,0.00372417,1202,0.0217743,0.00372417,moderate
3056,0.00399052,0.00458174,0.00427592,1202,0.0217743,0.00427592,moderate
3057,0.00458174,0.00526054,0.00490942,1202,0.0217743,0.00490942,moderate
3058,0.00526054,0.0060399,0.00563677,1202,0.0217743,0.00563677,moderate
3059,0.0060399,0.00693474,0.00647187,1202,0.0217743,0.00647187,moderate
3060,0.00693474,0.00796214,0.0074307,1202,0.0217743,0.0074307,moderate
3061,0.00796214,0.00914176,0.00853159,1202,0.0217743,0.00853159,moderate
3062,0.00914176,0.0104961,0.00979558,1202,0.0217743,0.00979558,moderate
3063,0.0104961,0.0120512,0.0112468,1202,0.0217743,0.0112468,moderate
3064,0.0120512,0.0138366,0.0129131,1202,0.0217743,0.0129131,moderate
3065,0.0138366,0.0158866,0.0148262,1202,0.0217743,0.0148262,moderate
3066,0.0158866,0.0182402,0.0170228,1202,0.0217743,0.0170228,moderate
3067,0.0182402,0.0209426,0.0195447,1202,0.0217743,0.0195447,moderate
3068,0.0209426,0.0240453,0.0224404,1202,0.0217743,0.0224404,moderate
3069,0.0240453,0.0276077,0.025765,1202,0.0217743,0.025765,moderate
3070,0.0276077,0.0316979,0.0295822,1202,0.0217743,0.0295822,moderate
3071,0.0316979,0.036394,0.0339649,1202,0.0217743,0.0339649,moderate
3072,0.036394,0.0417859,0.0389969,1202,0.0217743,0.0389969,moderate
3073,0.0417859,0.0479767,0.0447744,1202,0.0217743,0.0447744,moderate
3074,0.0479767,0.0550846,0.0514079,1202,0.0217743,0.0514079,moderate
3075,0.0550846,0.0632456,0.0590242,1202,0.0217743,0.0590242,moderate
3076,0.0632456,0.0726156,0.0677688,1202,0.0217743,0.0677688,moderate
3077,0.0726156,0.0833739,0.077809,1202,0.0217743,0.077809,moderate
3078,0.0833739,0.095726,0.0893367,1202,0.0217743,0.0893367,moderate
3079,0.095726,0.109908,0.102572,1202,0.0217743,0.102572,moderate
3080,0.109908,0.126191,0.117769,1202,0.0217743,0.117769,moderate
3081,0.126191,0.144887,0.135217,1202,0.0217743,0.135217,moderate
3082,0.144887,0.166353,0.155249,1202,0.0217743,0.155249,moderate
3083,0.166353,0.190999,0.17825,1202,0.0217743,0.17825,moderate
3084,0.190999,0.219296,0.204659,1202,0.0217743,0.204659,moderate
3085,0.219296,0.251785,0.23498,1202,0.0217743,0.23498,moderate
3086,0.251785,0.289088,0.269793,1202,0.0217743,0.269793,moderate
3087,0.289088,0.331917,0.309763,1202,0.0217743,0.309763,moderate
3088,0.331917,0.381092,0.355656,1202,0.0217743,0.355656,moderate
3089,0.381092,0.437552,0.408348,1202,0.0217743,0.408348,moderate
3090,0.437552,0.502377,0.468846,1202,0.0217743,0.468846,moderate
3091,0.502377,0.576806,0.538307,1202,0.0217743,0.538307,moderate
3092,0.576806,0.662262,0.618059,1202,0.0217743,0.618059,moderate
3093,0.662262,0.760379,0.709627,1202,0.0217743,0.709627,moderate
3094,0.760379,0.873032,0.814761,1202,0.0217743,0.814761,moderate
3095,0.873032,1.00237,0.93547,1202,0.0217743,0.93547,moderate
3096,1.00237,1.15088,1.07406,1202,0.0217743,1.07406,moderate
3097,1.15088,1.32139,1.23319,1202,0.0217743,1.23319,moderate
3098,1.32139,1.51716,1.41589,1202,0.0217743,1.41589,moderate
3099,1.51716,1.74193,1.62566,1202,0.0217743,1.62566,moderate
3100,1.74193,2,1.86651,1202,0.0217743,1.86651,moderate
3101,0.002,0.00229631,0.00214304,1202,0.0247462,0.00214304,moderate
3102,0.00229631,0.00263651,0.00246054,1202,0.0247462,0.00246054,moderate
3103,0.00263651,0.00302712,0.00282508,1202,0.0247462,0.00282508,moderate
3104,0.00302712,0.0034756,0.00324362,1202,0.0247462,0.00324362,moderate
3105,0.0034756,0.00399052,0.00372417,1202,0.0247462,0.00372417,moderate
3106,0.00399052,0.00458174,0.00427592,1202,0.0247462,0.00427592,moderate
3107,0.00458174,0.00526054,0.00490942,1202,0.0247462,0.00490942,moderate
3108,0.00526054,0.0060399,0.00563677,1202,0.0247462,0.00563677,moderate
3109,0.0060399,0.00693474,0.00647187,1202,0.0247462,0.00647187,moderate
3110,0.00693474,0.00796214,0.0074307,1202,0.0247462,0.0074307,moderate
3111,0.00796214,0.00914176,0.00853159,1202,0.0247462,0.00853159,moderate
3112,0.00914176,0.0104961,0.00979558,1202,0.0247462,0.00979558,moderate
3113,0.0104961,0.0120512,0.0112468,1202,0.0247462,0.0112468,moderate
3114,0.0120512,0.0138366,0.0129131,1202,0.0247462,0.0129131,moderate
3115,0.0138366,0.0158866,0.0148262,1202,0.0247462,0.0148262,moderate
3116,0.0158866,0.0182402,0.0170228,1202,0.0247462,0.0170228,moderate
3117,0.0182402,0.0209426,0.0195447,1202,0.0247462,0.0195447,moderate
3118,0.0209426,0.0240453,0.0224404,1202,0.0247462,0.0224404,moderate
3119,0.0240453,0.0276077,0.025765,1202,0.0247462,0.025765,moderate
3120,0.0276077,0.0316979,0.0295822,1202,0.0247462,0.0295822,moderate
3121,0.0316979,0.036394,0.0339649,1202,0.0247462,0.0339649,moderate
3122,0.036394,0.0417859,0.0389969,1202,0.0247462,0.0389969,moderate
3123,0.0417859,0.0479767,0.0447744,1202,0.0247462,0.0447744,moderate
3124,0.0479767,0.0550846,0.0514079,1202,0.0247462,0.0514079,moderate
3125,0.0550846,0.0632456,0.0590242,1202,0.0247462,0.0590242,moderate
3126,0.0632456,0.0726156,0.0677688,1202,0.0247462,0.0677688,moderate
3127,0.0726156,0.0833739,0.077809,1202,0.0247462,0.077809,moderate
3128,0.0833739,0.095726,0.0893367,1202,0.0247462,0.0893367,moderate
3129,0.095726,0.109908,0.102572,1202,0.0247462,0.102572,moderate
3130,0.109908,0.126191,0.117769,1202,0.0247462,0.117769,moderate
3131,0.126191,0.144887,0.135217,1202,0.0247462,0.135217,moderate
3132,0.144887,0.166353,0.155249,1202,0.0247462,0.155249,moderate
3133,0.166353,0.190999,0.17825,1202,0.0247462,0.17825,moderate
3134,0.190999,0.219296,0.204659,1202,0.0247462,0.204659,moderate
3135,0.219296,0.251785,0.23498,1202,0.0247462,0.23498,moderate
3136,0.251785,0.289088,0.269793,1202,0.0247462,0.269793,moderate
3137,0.289088,0.331917,0.309763,1202,0.0247462,0.309763,moderate
3138,0.331917,0.381092,0.355656,1202,0.0247462,0.355656,moderate
3139,0.381092,0.437552,0.408348,1202,0.0247462,0.408348,moderate
3140,0.437552,0.502377,0.468846,1202,0.0247462,0.468846,moderate
3141,0.502377,0.576806,0.538307,1202,0.0247462,0.538307,moderate
3142,0.576806,0.662262,0.618059,1202,0.0247462,0.618059,moderate
3143,0.662262,0.760379,0.709627,1202,0.0247462,0.709627,moderate
3144,0.760379,0.873032,0.814761,1202,0.0247462,0.814761,moderate
3145,0.873032,1.00237,0.93547,1202,0.0247462,0.93547,moderate
3146,1.00237,1.15088,1.07406,1202,0.0247462,1.07406,moderate
3147,1.15088,1.32139,1.23319,1202,0.0247462,1.23319,moderate
3148,1.32139,1.51716,1.41589,1202,0.0247462,1.41589,moderate
3149,1.51716,1.74193,1.62566,1202,0.0247462,1.62566,moderate
3150,1.74193,2,1.86651,1202,0.0247462,1.86651,moderate
3151,0.002,0.00229631,0.00214304,1202,0.0281236,0.00214304,moderate
3152,0.00229631,0.00263651,0.00246054,1202,0.0281236,0.00246054,moderate
3153,0.00263651,0.00302712,0.00282508,1202,0.0281236,0.00282508,moderate
3154,0.00302712,0.0034756,0.00324362,1202,0.0281236,0.00324362,moderate
3155,0.0034756,0.00399052,0.00372417,1202,0.0281236,0.00372417,moderate
3156,0.00399052,0.00458174,0.00427592,1202,0.0281236,0.00427592,moderate
3157,0.00458174,0.00526054,0.00490942,1202,0.0281236,0.00490942,moderate
3158,0.00526054,0.0060399,0.00563677,1202,0.0281236,0.00563677,moderate
3159,0.0060399,0.00693474,0.00647187,1202,0.0281236,0.00647187,moderate
3160,0.00693474,0.00796214,0.0074307,1202,0.0281236,0.0074307,moderate
3161,0.00796214,0.00914176,0.00853159,1202,0.0281236,0.00853159,moderate
3162,0.00914176,0.0104961,0.00979558,1202,0.0281236,0.00979558,moderate
3163,0.0104961,0.0120512,0.0112468,1202,0.0281236,0.0112468,moderate
3164,0.0120512,0.0138366,0.0129131,1202,0.0281236,0.0129131,moderate
3165,0.0138366,0.0158866,0.0148262,1202,0.0281236,0.0148262,moderate
3166,0.0158866,0.0182402,0.0170228,1202,0.0281236,0.0170228,moderate
3167,0.0182402,0.0209426,0.0195447,1202,0.0281236,0.0195447,moderate
3168,0.0209426,0.0240453,0.0224404,1202,0.0281236,0.0224404,moderate
3169,0.0240453,0.0276077,0.025765,1202,0.0281236,0.025765,moderate
3170,0.0276077,0.0316979,0.0295822,1202,0.0281236,0.0295822,moderate
3171,0.0316979,0.036394,0.0339649,1202,0.0281236,0.0339649,moderate
3172,0.036394,0.0417859,0.0389969,1202,0.0281236,0.0389969,moderate
3173,0.0417859,0.0479767,0.0447744,1202,0.0281236,0.0447744,moderate
3174,0.0479767,0.0550846,0.0514079,1202,0.0281236,0.0514079,moderate
3175,0.0550846,0.0632456,0.0590242,1202,0.0281236,0.0590242,moderate
3176,0.0632456,0.0726156,0.0677688,1202,0.0281236,0.0677688,moderate
3177,0.0726156,0.0833739,0.077809,1202,0.0281236,0.077809,moderate
3178,0.0833739,0.095726,0.0893367,1202,0.0281236,0.0893367,moderate
3179,0.095726,0.109908,0.102572,1202,0.0281236,0.102572,moderate
3180,0.109908,0.126191,0.117769,1202,0.0281236,0.117769,moderate
3181,0.126191,0.144887,0.135217,1202,0.0281236,0.135217,moderate
3182,0.144887,0.166353,0.155249,1202,0.0281236,0.155249,moderate
3183,0.166353,0.190999,0.17825,1202,0.0281236,0.17825,moderate
3184,0.190999,0.219296,0.204659,1202,0.0281236,0.204659,moderate
3185,0.219296,0.251785,0.23498,1202,0.0281236,0.23498,moderate
3186,0.251785,0.289088,0.269793,1202,0.0281236,0.269793,moderate
3187,0.289088,0.331917,0.309763,1202,0.0281236,0.309763,moderate
3188,0.331917,0.381092,0.355656,1202,0.0281236,0.355656,moderate
3189,0.381092,0.437552,0.408348,1202,0.0281236,0.408348,moderate
3190,0.437552,0.502377,0.468846,1202,0.0281236,0.468846,moderate
3191,0.502377,0.576806,0.538307,1202,0.0281236,0.538307,moderate
3192,0.576806,0.662262,0.618059,1202,0.0281236,0.618059,moderate
3193,0.662262,0.760379,0.709627,1202,0.0281236,0.709627,moderate
3194,0.760379,0.873032,0.814761,1202,0.0281236,0.814761,moderate
3195,0.873032,1.00237,0.93547,1202,0.0281236,0.93547,moderate
3196,1.00237,1.15088,1.07406,1202,0.0281236,1.07406,moderate
3197,1.15088,1.32139,1.23319,1202,0.0281236,1.23319,moderate
3198,1.32139,1.51716,1.41589,1202,0.0281236,1.41589,moderate
3199,1.51716,1.74193,1.62566,1202,0.0281236,1.62566,moderate
3200,1.74193,2,1.86651,1202,0.0281236,1.86651,moderate
3201,0.002,0.00229631,0.00214304,1202,0.031962,0.00214304,moderate
3202,0.00229631,0.00263651,0.00246054,1202,0.031962,0.00246054,moderate
3203,0.00263651,0.00302712,0.00282508,1202,0.031962,0.00282508,moderate
3204,0.00302712,0.0034756,0.00324362,1202,0.031962,0.00324362,moderate
3205,0.0034756,0.00399052,0.00372417,1202,0.031962,0.00372417,moderate
3206,0.00399052,0.00458174,0.00427592,1202,0.031962,0.00427592,moderate
3207,0.00458174,0.00526054,0.00490942,1202,0.031962,0.00490942,moderate
3208,0.00526054,0.0060399,0.00563677,1202,0.031962,0.00563677,moderate
3209,0.0060399,0.00693474,0.00647187,1202,0.031962,0.00647187,moderate
3210,0.00693474,0.00796214,0.0074307,1202,0.031962,0.0074307,moderate
3211,0.00796214,0.00914176,0.00853159,1202,0.031962,0.00853159,moderate
3212,0.00914176,0.0104961,0.00979558,1202,0.031962,0.00979558,moderate
3213,0.0104961,0.0120512,0.0112468,1202,0.031962,0.0112468,moderate
3214,0.0120512,0.0138366,0.0129131,1202,0.031962,0.0129131,moderate
3215,0.0138366,0.0158866,0.0148262,1202,0.031962,0.0148262,moderate
3216,0.0158866,0.0182402,0.0170228,1202,0.031962,0.0170228,moderate
3217,0.0182402,0.0209426,0.0195447,1202,0.031962,0.0195447,moderate
3218,0.0209426,0.0240453,0.0224404,1202,0.031962,0.0224404,moderate
3219,0.0240453,0.0276077,0.025765,1202,0.031962,0.025765,moderate
3220,0.0276077,0.0316979,0.0295822,1202,0.031962,0.0295822,moderate
3221,0.0316979,0.036394,0.0339649,1202,0.031962,0.0339649,moderate
3222,0.036394,0.0417859,0.0389969,1202,0.031962,0.0389969,moderate
3223,0.0417859,0.0479767,0.0447744,1202,0.031962,0.0447744,moderate
3224,0.0479767,0.0550846,0.0514079,1202,0.031962,0.0514079,moderate
3225,0.0550846,0.0632456,0.0590242,1202,0.031962,0.0590242,moderate
3226,0.0632456,0.0726156,0.0677688,1202,0.031962,0.0677688,moderate
3227,0.0726156,0.0833739,0.077809,1202,0.031962,0.077809,moderate
3228,0.0833739,0.095726,0.0893367,1202,0.031962,0.0893367,moderate
3229,0.095726,0.109908,0.102572,1202,0.031962,0.102572,moderate
3230,0.109908,0.126191,0.117769,1202,0.031962,0.117769,moderate
3231,0.126191,0.144887,0.135217,1202,0.031962,0.135217,moderate
3232,0.144887,0.166353,0.155249,1202,0.031962,0.155249,moderate
3233,0.166353,0.190999,0.17825,1202,0.031962,0.17825,moderate
3234,0.190999,0.219296,0.204659,1202,0.031962,0.204659,moderate
3235,0.219296,0.251785,0.23498,1202,0.031962,0.23498,moderate
3236,0.251785,0.289088,0.269793,1202,0.031962,0.269793,moderate
3237,0.289088,0.331917,0.309763,1202,0.031962,0.309763,moderate
3238,0.331917,0.381092,0.355656,1202,0.031962,0.355656,moderate
3239,0.381092,0.437552,0.408348,1202,0.031962,0.408348,moderate
3240,0.437552,0.502377,0.468846,1202,0.031962,0.468846,moderate
3241,0.502377,0.576806,0.538307,1202,0.031962,0.538307,moderate
3242,0.576806,0.662262,0.618059,1202,0.031962,0.618059,moderate
3243,0.662262,0.760379,0.709627,1202,0.031962,0.709627,moderate
3244,0.760379,0.873032,0.814761,1202,0.031962,0.814761,moderate
3245,0.873032,1.00237,0.93547,1202,0.031962,0.93547,moderate
3246,1.00237,1.15088,1.07406,1202,0.031962,1.07406,moderate
3247,1.15088,1.32139,1.23319,1202,0.031962,1.23319,moderate
3248,1.32139,1.51716,1.41589,1202,0.031962,1.41589,moderate
3249,1.51716,1.74193,1.62566,1202,0.031962,1.62566,moderate
3250,1.74193,2,1.86651,1202,0.031962,1.86651,moderate
3251,0.002,0.00229631,0.00214304,1202,0.0363243,0.00214304,moderate
3252,0.00229631,0.00263651,0.00246054,1202,0.0363243,0.00246054,moderate
3253,0.00263651,0.00302712,0.00282508,1202,0.0363243,0.00282508,moderate
3254,0.00302712,0.0034756,0.00324362,1202,0.0363243,0.00324362,moderate
3255,0.0034756,0.00399052,0.00372417,1202,0.0363243,0.00372417,moderate
3256,0.00399052,0.00458174,0.00427592,1202,0.0363243,0.00427592,moderate
3257,0.00458174,0.00526054,0.00490942,1202,0.0363243,0.00490942,moderate
3258,0.00526054,0.0060399,0.00563677,1202,0.0363243,0.00563677,moderate
3259,0.0060399,0.00693474,0.00647187,1202,0.0363243,0.00647187,moderate
3260,0.00693474,0.00796214,0.0074307,1202,0.0363243,0.0074307,moderate
3261,0.00796214,0.00914176,0.00853159,1202,0.0363243,0.00853159,moderate
3262,0.00914176,0.0104961,0.00979558,1202,0.0363243,0.00979558,moderate
3263,0.0104961,0.0120512,0.0112468,1202,0.0363243,0.0112468,moderate
3264,0.0120512,0.0138366,0.0129131,1202,0.0363243,0.0129131,moderate
3265,0.0138366,0.0158866,0.0148262,1202,0.0363243,0.0148262,moderate
3266,0.0158866,0.0182402,0.0170228,1202,0.0363243,0.0170228,moderate
3267,0.0182402,0.0209426,0.0195447,1202,0.0363243,0.0195447,moderate
3268,0.0209426,0.0240453,0.0224404,1202,0.0363243,0.0224404,moderate
3269,0.0240453,0.0276077,0.025765,1202,0.0363243,0.025765,moderate
3270,0.0276077,0.0316979,0.0295822,1202,0.0363243,0.0295822,moderate
3271,0.0316979,0.036394,0.0339649,1202,0.0363243,0.0339649,moderate
3272,0.036394,0.0417859,0.0389969,1202,0.0363243,0.0389969,moderate
3273,0.0417859,0.0479767,0.0447744,1202,0.0363243,0.0447744,moderate
3274,0.0479767,0.0550846,0.0514079,1202,0.0363243,0.0514079,moderate
3275,0.0550846,0.0632456,0.0590242,1202,0.0363243,0.0590242,moderate
3276,0.0632456,0.0726156,0.0677688,1202,0.0363243,0.0677688,moderate
3277,0.0726156,0.0833739,0.077809,1202,0.0363243,0.077809,moderate
3278,0.0833739,0.095726,0.0893367,1202,0.0363243,0.0893367,moderate
3279,0.095726,0.109908,0.102572,1202,0.0363243,0.102572,moderate
3280,0.109908,0.126191,0.117769,1202,0.0363243,0.117769,moderate
3281,0.126191,0.144887,0.135217,1202,0.0363243,0.135217,moderate
3282,0.144887,0.166353,0.155249,1202,0.0363243,0.155249,moderate
3283,0.166353,0.190999,0.17825,1202,0.0363243,0.17825,moderate
3284,0.190999,0.219296,0.204659,1202,0.0363243,0.204659,moderate
3285,0.219296,0.251785,0.23498,1202,0.0363243,0.23498,moderate
3286,0.251785,0.289088,0.269793,1202,0.0363243,0.269793,moderate
3287,0.289088,0.331917,0.309763,1202,0.0363243,0.309763,moderate
3288,0.331917,0.381092,0.355656,1202,0.0363243,0.355656,moderate
3289,0.381092,0.437552,0.408348,1202,0.0363243,0.408348,moderate
3290,0.437552,0.502377,0.468846,1202,0.0363243,0.468846,moderate
3291,0.502377,0.576806,0.538307,1202,0.0363243,0.538307,moderate
3292,0.576806,0.662262,0.618059,1202,0.0363243,0.618059,moderate
3293,0.662262,0.760379,0.709627,1202,0.0363243,0.709627,moderate
3294,0.760379,0.873032,0.814761,1202,0.0363243,0.814761,moderate
3295,0.873032,1.00237,0.93547,1202,0.0363243,0.93547,moderate
3296,1.00237,1.15088,1.07406,1202,0.0363243,1.07406,moderate
3297,1.15088,1.32139,1.23319,1202,0.0363243,1.23319,moderate
3298,1.32139,1.51716,1.41589,1202,0.0363243,1.41589,moderate
3299,1.51716,1.74193,1.62566,1202,0.0363243,1.62566,moderate
3300,1.74193,2,1.86651,1202,0.0363243,1.86651,moderate
3301,0.002,0.00229631,0.00214304,1202,0.0412819,0.00214304,moderate
3302,0.00229631,0.00263651,0.00246054,1202,0.0412819,0.00246054,moderate
3303,0.00263651,0.00302712,0.00282508,1202,0.0412819,0.00282508,moderate
3304,0.00302712,0.0034756,0.00324362,1202,0.0412819,0.00324362,moderate
3305,0.0034756,0.00399052,0.00372417,1202,0.0412819,0.00372417,moderate
3306,0.00399052,0.00458174,0.00427592,1202,0.0412819,0.00427592,moderate
3307,0.00458174,0.00526054,0.00490942,1202,0.0412819,0.00490942,moderate
3308,0.00526054,0.0060399,0.00563677,1202,0.0412819,0.00563677,moderate
3309,0.0060399,0.00693474,0.00647187,1202,0.0412819,0.00647187,moderate
3310,0.00693474,0.00796214,0.0074307,1202,0.0412819,0.0074307,moderate
3311,0.00796214,0.00914176,0.00853159,1202,0.0412819,0.00853159,moderate
3312,0.00914176,0.0104961,0.00979558,1202,0.0412819,0.00979558,moderate
3313,0.0104961,0.0120512,0.0112468,1202,0.0412819,0.0112468,moderate
3314,0.0120512,0.0138366,0.0129131,1202,0.0412819,0.0129131,moderate
3315,0.0138366,0.0158866,0.0148262,1202,0.0412819,0.0148262,moderate
3316,0.0158866,0.0182402,0.0170228,1202,0.0412819,0.0170228,moderate
3317,0.0182402,0.0209426,0.0195447,1202,0.0412819,0.0195447,moderate
3318,0.0209426,0.0240453,0.0224404,1202,0.0412819,0.0224404,moderate
3319,0.0240453,0.0276077,0.025765,1202,0.0412819,0.025765,moderate
3320,0.0276077,0.0316979,0.0295822,1202,0.0412819,0.0295822,moderate
3321,0.0316979,0.036394,0.0339649,1202,0.0412819,0.0339649,moderate
3322,0.036394,0.0417859,0.0389969,1202,0.0412819,0.0389969,moderate
3323,0.0417859,0.0479767,0.0447744,1202,0.0412819,0.0447744,moderate
3324,0.0479767,0.0550846,0.0514079,1202,0.0412819,0.0514079,moderate
3325,0.0550846,0.0632456,0.0590242,1202,0.0412819,0.0590242,moderate
3326,0.0632456,0.0726156,0.0677688,1202,0.0412819,0.0677688,moderate
3327,0.0726156,0.0833739,0.077809,1202,0.0412819,0.077809,moderate
3328,0.0833739,0.095726,0.0893367,1202,0.0412819,0.0893367,moderate
3329,0.095726,0.109908,0.102572,1202,0.0412819,0.102572,moderate
3330,0.109908,0.126191,0.117769,1202,0.0412819,0.117769,moderate
3331,0.126191,0.144887,0.135217,1202,0.0412819,0.135217,moderate
3332,0.144887,0.166353,0.155249,1202,0.0412819,0.155249,moderate
3333,0.166353,0.190999,0.17825,1202,0.0412819,0.17825,moderate
3334,0.190999,0.219296,0.204659,1202,0.0412819,0.204659,moderate
3335,0.219296,0.251785,0.23498,1202,0.0412819,0.23498,moderate
3336,0.251785,0.289088,0.269793,1202,0.0412819,0.269793,moderate
3337,0.289088,0.331917,0.309763,1202,0.0412819,0.309763,moderate
3338,0.331917,0.381092,0.355656,1202,0.0412819,0.355656,moderate
3339,0.381092,0.437552,0.408348,1202,0.0412819,0.408348,moderate
3340,0.437552,0.502377,0.468846,1202,0.0412819,0.468846,moderate
3341,0.502377,0.576806,0.538307,1202,0.0412819,0.538307,moderate
3342,0.576806,0.662262,0.618059,1202,0.0412819,0.618059,moderate
3343,0.662262,0.760379,0.709627,1202,0.0412819,0.709627,moderate
3344,0.760379,0.873032,0.814761,1202,0.0412819,0.814761,moderate
3345,0.873032,1.00237,0.93547,1202,0.0412819,0.93547,moderate
3346,1.00237,1.15088,1.07406,1202,0.0412819,1.07406,moderate
3347,1.15088,1.32139,1.23319,1202,0.0412819,1.23319,moderate
3348,1.32139,1.51716,1.41589,1202,0.0412819,1.41589,moderate
3349,1.51716,1.74193,1.62566,1202,0.0412819,1.62566,moderate
3350,1.74193,2,1.86651,1202,0.0412819,1.86651,moderate
3351,0.002,0.00229631,0.00214304,1202,0.0469162,0.00214304,moderate
3352,0.00229631,0.00263651,0.00246054,1202,0.0469162,0.00246054,moderate
3353,0.00263651,0.00302712,0.00282508,1202,0.0469162,0.00282508,moderate
3354,0.00302712,0.0034756,0.00324362,1202,0.0469162,0.00324362,moderate
3355,0.0034756,0.00399052,0.00372417,1202,0.0469162,0.00372417,moderate
3356,0.00399052,0.00458174,0.00427592,1202,0.0469162,0.00427592,moderate
3357,0.00458174,0.00526054,0.00490942,1202,0.0469162,0.00490942,moderate
3358,0.00526054,0.0060399,0.00563677,1202,0.0469162,0.00563677,moderate
3359,0.0060399,0.00693474,0.00647187,1202,0.0469162,0.00647187,moderate
3360,0.00693474,0.00796214,0.0074307,1202,0.0469162,0.0074307,moderate
3361,0.00796214,0.00914176,0.00853159,1202,0.0469162,0.00853159,moderate
3362,0.00914176,0.0104961,0.00979558,1202,0.0469162,0.00979558,moderate
3363,0.0104961,0.0120512,0.0112468,1202,0.0469162,0.0112468,moderate
3364,0.0120512,0.0138366,0.0129131,1202,0.0469162,0.0129131,moderate
3365,0.0138366,0.0158866,0.0148262,1202,0.0469162,0.0148262,moderate
3366,0.0158866,0.0182402,0.0170228,1202,0.0469162,0.0170228,moderate
3367,0.0182402,0.0209426,0.0195447,1202,0.0469162,0.0195447,moderate
3368,0.0209426,0.0240453,0.0224404,1202,0.0469162,0.0224404,moderate
3369,0.0240453,0.0276077,0.025765,1202,0.0469162,0.025765,moderate
3370,0.0276077,0.0316979,0.0295822,1202,0.0469162,0.0295822,moderate
3371,0.0316979,0.036394,0.0339649,1202,0.0469162,0.0339649,moderate
3372,0.036394,0.0417859,0.0389969,1202,0.0469162,0.0389969,moderate
3373,0.0417859,0.0479767,0.0447744,1202,0.0469162,0.0447744,moderate
3374,0.0479767,0.0550846,0.0514079,1202,0.0469162,0.0514079,moderate
3375,0.0550846,0.0632456,0.0590242,1202,0.0469162,0.0590242,moderate
3376,0.0632456,0.0726156,0.0677688,1202,0.0469162,0.0677688,moderate
3377,0.0726156,0.0833739,0.077809,1202,0.0469162,0.077809,moderate
3378,0.0833739,0.095726,0.0893367,1202,0.0469162,0.0893367,moderate
3379,0.095726,0.109908,0.102572,1202,0.0469162,0.102572,moderate
3380,0.109908,0.126191,0.117769,1202,0.0469162,0.117769,moderate
3381,0.126191,0.144887,0.135217,1202,0.0469162,0.135217,moderate
3382,0.144887,0.166353,0.155249,1202,0.0469162,0.155249,moderate
3383,0.166353,0.190999,0.17825,1202,0.0469162,0.17825,moderate
3384,0.190999,0.219296,0.204659,1202,0.0469162,0.204659,moderate
3385,0.219296,0.251785,0.23498,1202,0.0469162,0.23498,moderate
3386,0.251785,0.289088,0.269793,1202,0.0469162,0.269793,moderate
3387,0.289088,0.331917,0.309763,1202,0.0469162,0.309763,moderate
3388,0.331917,0.381092,0.355656,1202,0.0469162,0.355656,moderate
3389,0.381092,0.437552,0.408348,1202,0.0469162,0.408348,moderate
3390,0.437552,0.502377,0.468846,1202,0.0469162,0.468846,moderate
3391,0.502377,0.576806,0.538307,1202,0.0469162,0.538307,moderate
3392,0.576806,0.662262,0.618059,1202,0.0469162,0.618059,moderate
3393,0.662262,0.760379,0.709627,1202,0.0469162,0.709627,moderate
3394,0.760379,0.873032,0.814761,1202,0.0469162,0.814761,moderate
3395,0.873032,1.00237,0.93547,1202,0.0469162,0.93547,moderate
3396,1.00237,1.15088,1.07406,1202,0.0469162,1.07406,moderate
3397,1.15088,1.32139,1.23319,1202,0.0469162,1.23319,moderate
3398,1.32139,1.51716,1.41589,1202,0.0469162,1.41589,moderate
3399,1.51716,1.74193,1.62566,1202,0.0469162,1.62566,moderate
3400,1.74193,2,1.86651,1202,0.0469162,1.86651,moderate
3401,0.002,0.00229631,0.00214304,1202,0.0533195,0.00214304,moderate
3402,0.00229631,0.00263651,0.00246054,1202,0.0533195,0.00246054,moderate
3403,0.00263651,0.00302712,0.00282508,1202,0.0533195,0.00282508,moderate
3404,0.00302712,0.0034756,0.00324362,1202,0.0533195,0.00324362,moderate
3405,0.0034756,0.00399052,0.00372417,1202,0.0533195,0.00372417,moderate
3406,0.00399052,0.00458174,0.00427592,1202,0.0533195,0.00427592,moderate
3407,0.00458174,0.00526054,0.00490942,1202,0.0533195,0.00490942,moderate
3408,0.00526054,0.0060399,0.00563677,1202,0.0533195,0.00563677,moderate
3409,0.0060399,0.00693474,0.00647187,1202,0.0533195,0.00647187,moderate
3410,0.00693474,0.00796214,0.0074307,1202,0.0533195,0.0074307,moderate
3411,0.00796214,0.00914176,0.00853159,1202,0.0533195,0.00853159,moderate
3412,0.00914176,0.0104961,0.00979558,1202,0.0533195,0.00979558,moderate
3413,0.0104961,0.0120512,0.0112468,1202,0.0533195,0.0112468,moderate
3414,0.0120512,0.0138366,0.0129131,1202,0.0533195,0.0129131,moderate
3415,0.0138366,0.0158866,0.0148262,1202,0.0533195,0.0148262,moderate
3416,0.0158866,0.0182402,0.0170228,1202,0.0533195,0.0170228,moderate
3417,0.0182402,0.0209426,0.0195447,1202,0.0533195,0.0195447,moderate
3418,0.0209426,0.0240453,0.0224404,1202,0.0533195,0.0224404,moderate
3419,0.0240453,0.0276077,0.025765,1202,0.0533195,0.025765,moderate
3420,0.0276077,0.0316979,0.0295822,1202,0.0533195,0.0295822,moderate
3421,0.0316979,0.036394,0.0339649,1202,0.0533195,0.0339649,moderate
3422,0.036394,0.0417859,0.0389969,1202,0.0533195,0.0389969,moderate
3423,0.0417859,0.0479767,0.0447744,1202,0.0533195,0.0447744,moderate
3424,0.0479767,0.0550846,0.0514079,1202,0.0533195,0.0514079,moderate
3425,0.0550846,0.0632456,0.0590242,1202,0.0533195,0.0590242,moderate
3426,0.0632456,0.0726156,0.0677688,1202,0.0533195,0.0677688,moderate
3427,0.0726156,0.0833739,0.077809,1202,0.0533195,0.077809,moderate
3428,0.0833739,0.095726,0.0893367,1202,0.0533195,0.0893367,moderate
3429,0.095726,0.109908,0.102572,1202,0.0533195,0.102572,moderate
3430,0.109908,0.126191,0.117769,1202,0.0533195,0.117769,moderate
3431,0.126191,0.144887,0.135217,1202,0.0533195,0.135217,moderate
3432,0.144887,0.166353,0.155249,1202,0.0533195,0.155249,moderate
3433,0.166353,0.190999,0.17825,1202,0.0533195,0.17825,moderate
3434,0.190999,0.219296,0.204659,1202,0.0533195,0.204659,moderate
3435,0.219296,0.251785,0.23498,1202,0.0533195,0.23498,moderate
3436,0.251785,0.289088,0.269793,1202,0.0533195,0.269793,moderate
3437,0.289088,0.331917,0.309763,1202,0.0533195,0.309763,moderate
3438,0.331917,0.381092,0.355656,1202,0.0533195,0.355656,moderate
3439,0.381092,0.437552,0.408348,1202,0.0533195,0.408348,moderate
3440,0.437552,0.502377,0.468846,1202,0.0533195,0.468846,moderate
3441,0.502377,0.576806,0.538307,1202,0.0533195,0.538307,moderate
3442,0.576806,0.662262,0.618059,1202,0.0533195,0.618059,moderate
3443,0.662262,0.760379,0.709627,1202,0.0533195,0.709627,moderate
3444,0.760379,0.873032,0.814761,1202,0.0533195,0.814761,moderate
3445,0.873032,1.00237,0.93547,1202,0.0533195,0.93547,moderate
3446,1.00237,1.15088,1.07406,1202,0.0533195,1.07406,moderate
3447,1.15088,1.32139,1.23319,1202,0.0533195,1.23319,moderate
3448,1.32139,1.51716,1.41589,1202,0.0533195,1.41589,moderate
3449,1.51716,1.74193,1.62566,1202,0.0533195,1.62566,moderate
3450,1.74193,2,1.86651,1202,0.0533195,1.86651,moderate
3451,0.002,0.00229631,0.00214304,1202,0.0605967,0.00214304,moderate
3452,0.00229631,0.00263651,0.00246054,1202,0.0605967,0.00246054,moderate
3453,0.00263651,0.00302712,0.00282508,1202,0.0605967,0.00282508,moderate
3454,0.00302712,0.0034756,0.00324362,1202,0.0605967,0.00324362,moderate
3455,0.0034756,0.00399052,0.00372417,1202,0.0605967,0.00372417,moderate
3456,0.00399052,0.00458174,0.00427592,1202,0.0605967,0.00427592,moderate
3457,0.00458174,0.00526054,0.00490942,1202,0.0605967,0.00490942,moderate
3458,0.00526054,0.0060399,0.00563677,1202,0.0605967,0.00563677,moderate
3459,0.0060399,0.00693474,0.00647187,1202,0.0605967,0.00647187,moderate
3460,0.00693474,0.00796214,0.0074307,1202,0.0605967,0.0074307,moderate
3461,0.00796214,0.00914176,0.00853159,1202,0.0605967,0.00853159,moderate
3462,0.00914176,0.0104961,0.00979558,1202,0.0605967,0.00979558,moderate
3463,0.0104961,0.0120512,0.0112468,1202,0.0605967,0.0112468,moderate
3464,0.0120512,0.0138366,0.0129131,1202,0.0605967,0.0129131,moderate
3465,0.0138366,0.0158866,0.0148262,1202,0.0605967,0.0148262,moderate
3466,0.0158866,0.0182402,0.0170228,1202,0.0605967,0.0170228,moderate
3467,0.0182402,0.0209426,0.0195447,1202,0.0605967,0.0195447,moderate
3468,0.0209426,0.0240453,0.0224404,1202,0.0605967,0.0224404,moderate
3469,0.0240453,0.0276077,0.025765,1202,0.0605967,0.025765,moderate
3470,0.0276077,0.0316979,0.0295822,1202,0.0605967,0.0295822,moderate
3471,0.0316979,0.036394,0.0339649,1202,0.0605967,0.0339649,moderate
3472,0.036394,0.0417859,0.0389969,1202,0.0605967,0.0389969,moderate
3473,0.0417859,0.0479767,0.0447744,1202,0.0605967,0.0447744,moderate
3474,0.0479767,0.0550846,0.0514079,1202,0.0605967,0.0514079,moderate
3475,0.0550846,0.0632456,0.0590242,1202,0.0605967,0.0590242,moderate
3476,0.0632456,0.0726156,0.0677688,1202,0.0605967,0.0677688,moderate
3477,0.0726156,0.0833739,0.077809,1202,0.0605967,0.077809,moderate
3478,0.0833739,0.095726,0.0893367,1202,0.0605967,0.0893367,moderate
3479,0.095726,0.109908,0.102572,1202,0.0605967,0.102572,moderate
3480,0.109908,0.126191,0.117769,1202,0.0605967,0.117769,moderate
3481,0.126191,0.144887,0.135217,1202,0.0605967,0.135217,moderate
3482,0.144887,0.166353,0.155249,1202,0.0605967,0.155249,moderate
3483,0.166353,0.190999,0.17825,1202,0.0605967,0.17825,moderate
3484,0.190999,0.219296,0.204659,1202,0.0605967,0.204659,moderate
3485,0.219296,0.251785,0.23498,1202,0.0605967,0.23498,moderate
3486,0.251785,0.289088,0.269793,1202,0.0605967,0.269793,moderate
3487,0.289088,0.331917,0.309763,1202,0.0605967,0.309763,moderate
3488,0.331917,0.381092,0.355656,1202,0.0605967,0.355656,moderate
3489,0.381092,0.437552,0.408348,1202,0.0605967,0.408348,moderate
3490,0.437552,0.502377,0.468846,1202,0.0605967,0.468846,moderate
3491,0.502377,0.576806,0.538307,1202,0.0605967,0.538307,moderate
3492,0.576806,0.662262,0.618059,1202,0.0605967,0.618059,moderate
3493,0.662262,0.760379,0.709627,1202,0.0605967,0.709627,moderate
3494,0.760379,0.873032,0.814761,1202,0.0605967,0.814761,moderate
3495,0.873032,1.00237,0.93547,1202,0.0605967,0.93547,moderate
3496,1.00237,1.15088,1.07406,1202,0.0605967,1.07406,moderate
3497,1.15088,1.32139,1.23319,1202,0.0605967,1.23319,moderate
3498,1.32139,1.51716,1.41589,1202,0.0605967,1.41589,moderate
3499,1.51716,1.74193,1.62566,1202,0.0605967,1.62566,moderate
3500,1.74193,2,1.86651,1202,0.0605967,1.86651,moderate
3501,0.002,0.00229631,0.00214304,1202,0.0688671,0.00214304,moderate
3502,0.00229631,0.00263651,0.00246054,1202,0.0688671,0.00246054,moderate
3503,0.00263651,0.00302712,0.00282508,1202,0.0688671,0.00282508,moderate
3504,0.00302712,0.0034756,0.00324362,1202,0.0688671,0.00324362,moderate
3505,0.0034756,0.00399052,0.00372417,1202,0.0688671,0.00372417,moderate
3506,0.00399052,0.00458174,0.00427592,1202,0.0688671,0.00427592,moderate
3507,0.00458174,0.00526054,0.00490942,1202,0.0688671,0.00490942,moderate
3508,0.00526054,0.0060399,0.00563677,1202,0.0688671,0.00563677,moderate
3509,0.0060399,0.00693474,0.00647187,1202,0.0688671,0.00647187,moderate
3510,0.00693474,0.00796214,0.0074307,1202,0.0688671,0.0074307,moderate
3511,0.00796214,0.00914176,0.00853159,1202,0.0688671,0.00853159,moderate
3512,0.00914176,0.0104961,0.00979558,1202,0.0688671,0.00979558,moderate
3513,0.0104961,0.0120512,0.0112468,1202,0.0688671,0.0112468,moderate
3514,0.0120512,0.0138366,0.0129131,1202,0.0688671,0.0129131,moderate
3515,0.0138366,0.0158866,0.0148262,1202,0.0688671,0.0148262,moderate
3516,0.0158866,0.0182402,0.0170228,1202,0.0688671,0.0170228,moderate
3517,0.0182402,0.0209426,0.0195447,1202,0.0688671,0.0195447,moderate
3518,0.0209426,0.0240453,0.0224404,1202,0.0688671,0.0224404,moderate
3519,0.0240453,0.0276077,0.025765,1202,0.0688671,0.025765,moderate
3520,0.0276077,0.0316979,0.0295822,1202,0.0688671,0.0295822,moderate
3521,0.0316979,0.036394,0.0339649,1202,0.0688671,0.0339649,moderate
3522,0.036394,0.0417859,0.0389969,1202,0.0688671,0.0389969,moderate
3523,0.0417859,0.0479767,0.0447744,1202,0.0688671,0.0447744,moderate
3524,0.0479767,0.0550846,0.0514079,1202,0.0688671,0.0514079,moderate
3525,0.0550846,0.0632456,0.0590242,1202,0.0688671,0.0590242,moderate
3526,0.0632456,0.0726156,0.0677688,1202,0.0688671,0.0677688,moderate
3527,0.0726156,0.0833739,0.077809,1202,0.0688671,0.077809,moderate
3528,0.0833739,0.095726,0.0893367,1202,0.0688671,0.0893367,moderate
3529,0.095726,0.109908,0.102572,1202,0.0688671,0.102572,moderate
3530,0.109908,0.126191,0.117769,1202,0.0688671,0.117769,moderate
3531,0.126191,0.144887,0.135217,1202,0.0688671,0.135217,moderate
3532,0.144887,0.166353,0.155249,1202,0.0688671,0.155249,moderate
3533,0.166353,0.190999,0.17825,1202,0.0688671,0.17825,moderate
3534,0.190999,0.219296,0.204659,1202,0.0688671,0.204659,moderate
3535,0.219296,0.251785,0.23498,1202,0.0688671,0.23498,moderate
3536,0.251785,0.289088,0.269793,1202,0.0688671,0.269793,moderate
3537,0.289088,0.331917,0.309763,1202,0.0688671,0.309763,moderate
3538,0.331917,0.381092,0.355656,1202,0.0688671,0.355656,moderate
3539,0.381092,0.437552,0.408348,1202,0.0688671,0.408348,moderate
3540,0.437552,0.502377,0.468846,1202,0.0688671,0.468846,moderate
3541,0.502377,0.576806,0.538307,1202,0.0688671,0.538307,moderate
3542,0.576806,0.662262,0.618059,1202,0.0688671,0.618059,moderate
3543,0.662262,0.760379,0.709627,1202,0.0688671,0.709627,moderate
3544,0.760379,0.873032,0.814761,1202,0.0688671,0.814761,moderate
3545,0.873032,1.00237,0.93547,1202,0.0688671,0.93547,moderate
3546,1.00237,1.15088,1.07406,1202,0.0688671,1.07406,moderate
3547,1.15088,1.32139,1.23319,1202,0.0688671,1.23319,moderate
3548,1.32139,1.51716,1.41589,1202,0.0688671,1.41589,moderate
3549,1.51716,1.74193,1.62566,1202,0.0688671,1.62566,moderate
3550,1.74193,2,1.86651,1202,0.0688671,1.86651,moderate
3551,0.002,0.00229631,0.00214304,1202,0.0782663,0.00214304,moderate
3552,0.00229631,0.00263651,0.00246054,1202,0.0782663,0.00246054,moderate
3553,0.00263651,0.00302712,0.00282508,1202,0.0782663,0.00282508,moderate
3554,0.00302712,0.0034756,0.00324362,1202,0.0782663,0.00324362,moderate
3555,0.0034756,0.00399052,0.00372417,1202,0.0782663,0.00372417,moderate
3556,0.00399052,0.00458174,0.00427592,1202,0.0782663,0.00427592,moderate
3557,0.00458174,0.00526054,0.00490942,1202,0.0782663,0.00490942,moderate
3558,0.00526054,0.0060399,0.00563677,1202,0.0782663,0.00563677,moderate
3559,0.0060399,0.00693474,0.00647187,1202,0.0782663,0.00647187,moderate
3560,0.00693474,0.00796214,0.0074307,1202,0.0782663,0.0074307,moderate
3561,0.00796214,0.00914176,0.00853159,1202,0.0782663,0.00853159,moderate
3562,0.00914176,0.0104961,0.00979558,1202,0.0782663,0.00979558,moderate
3563,0.0104961,0.0120512,0.0112468,1202,0.0782663,0.0112468,moderate
3564,0.0120512,0.0138366,0.0129131,1202,0.0782663,0.0129131,moderate
3565,0.0138366,0.0158866,0.0148262,1202,0.0782663,0.0148262,moderate
3566,0.0158866,0.0182402,0.0170228,1202,0.0782663,0.0170228,moderate
3567,0.0182402,0.0209426,0.0195447,1202,0.0782663,0.0195447,moderate
3568,0.0209426,0.0240453,0.0224404,1202,0.0782663,0.0224404,moderate
3569,0.0240453,0.0276077,0.025765,1202,0.0782663,0.025765,moderate
3570,0.0276077,0.0316979,0.0295822,1202,0.0782663,0.0295822,moderate
3571,0.0316979,0.036394,0.0339649,1202,0.0782663,0.0339649,moderate
3572,0.036394,0.0417859,0.0389969,1202,0.0782663,0.0389969,moderate
3573,0.0417859,0.0479767,0.0447744,1202,0.0782663,0.0447744,moderate
3574,0.0479767,0.0550846,0.0514079,1202,0.0782663,0.0514079,moderate
3575,0.0550846,0.0632456,0.0590242,1202,0.0782663,0.0590242,moderate
3576,0.0632456,0.0726156,0.0677688,1202,0.0782663,0.0677688,moderate
3577,0.0726156,0.0833739,0.077809,1202,0.0782663,0.077809,moderate
3578,0.0833739,0.095726,0.0893367,1202,0.0782663,0.0893367,moderate
3579,0.095726,0.109908,0.102572,1202,0.0782663,0.102572,moderate
3580,0.109908,0.126191,0.117769,1202,0.0782663,0.117769,moderate
3581,0.126191,0.144887,0.135217,1202,0.0782663,0.135217,moderate
3582,0.144887,0.166353,0.155249,1202,0.0782663,0.155249,moderate
3583,0.166353,0.190999,0.17825,1202,0.0782663,0.17825,moderate
3584,0.190999,0.219296,0.204659,1202,0.0782663,0.204659,moderate
3585,0.219296,0.251785,0.23498,1202,0.0782663,0.23498,moderate
3586,0.251785,0.289088,0.269793,1202,0.0782663,0.269793,moderate
3587,0.289088,0.331917,0.309763,1202,0.0782663,0.309763,moderate
3588,0.331917,0.381092,0.355656,1202,0.0782663,0.355656,moderate
3589,0.381092,0.437552,0.408348,1202,0.0782663,0.408348,moderate
3590,0.437552,0.502377,0.468846,1202,0.0782663,0.468846,moderate
3591,0.502377,0.576806,0.538307,1202,0.0782663,0.538307,moderate
3592,0.576806,0.662262,0.618059,1202,0.0782663,0.618059,moderate
3593,0.662262,0.760379,0.709627,1202,0.0782663,0.709627,moderate
3594,0.760379,0.873032,0.814761,1202,0.0782663,0.814761,moderate
3595,0.873032,1.00237,0.93547,1202,0.0782663,0.93547,moderate
3596,1.00237,1.15088,1.07406,1202,0.0782663,1.07406,moderate
3597,1.15088,1.32139,1.23319,1202,0.0782663,1.23319,moderate
3598,1.32139,1.51716,1.41589,1202,0.0782663,1.41589,moderate
3599,1.51716,1.74193,1.62566,1202,0.0782663,1.62566,moderate
3600,1.74193,2,1.86651,1202,0.0782663,1.86651,moderate
3601,0.002,0.00229631,0.00214304,1202,0.0889484,0.00214304,moderate
3602,0.00229631,0.00263651,0.00246054,1202,0.0889484,0.00246054,moderate
3603,0.00263651,0.00302712,0.00282508,1202,0.0889484,0.00282508,moderate
3604,0.00302712,0.0034756,0.00324362,1202,0.0889484,0.00324362,moderate
3605,0.0034756,0.00399052,0.00372417,1202,0.0889484,0.00372417,moderate
3606,0.00399052,0.00458174,0.00427592,1202,0.0889484,0.00427592,moderate
3607,0.00458174,0.00526054,0.00490942,1202,0.0889484,0.00490942,moderate
3608,0.00526054,0.0060399,0.00563677,1202,0.0889484,0.00563677,moderate
3609,0.0060399,0.00693474,0.00647187,1202,0.0889484,0.00647187,moderate
3610,0.00693474,0.00796214,0.0074307,1202,0.0889484,0.0074307,moderate
3611,0.00796214,0.00914176,0.00853159,1202,0.0889484,0.00853159,moderate
3612,0.00914176,0.0104961,0.00979558,1202,0.0889484,0.00979558,moderate
3613,0.0104961,0.0120512,0.0112468,1202,0.0889484,0.0112468,moderate
3614,0.0120512,0.0138366,0.0129131,1202,0.0889484,0.0129131,moderate
3615,0.0138366,0.0158866,0.0148262,1202,0.0889484,0.0148262,moderate
3616,0.0158866,0.0182402,0.0170228,1202,0.0889484,0.0170228,moderate
3617,0.0182402,0.0209426,0.0195447,1202,0.0889484,0.0195447,moderate
3618,0.0209426,0.0240453,0.0224404,1202,0.0889484,0.0224404,moderate
3619,0.0240453,0.0276077,0.025765,1202,0.0889484,0.025765,moderate
3620,0.0276077,0.0316979,0.0295822,1202,0.0889484,0.0295822,moderate
3621,0.0316979,0.036394,0.0339649,1202,0.0889484,0.0339649,moderate
3622,0.036394,0.0417859,0.0389969,1202,0.0889484,0.0389969,moderate
3623,0.0417859,0.0479767,0.0447744,1202,0.0889484,0.0447744,moderate
3624,0.0479767,0.0550846,0.0514079,1202,0.0889484,0.0514079,moderate
3625,0.0550846,0.0632456,0.0590242,1202,0.0889484,0.0590242,moderate
3626,0.0632456,0.0726156,0.0677688,1202,0.0889484,0.0677688,moderate
3627,0.0726156,0.0833739,0.077809,1202,0.0889484,0.077809,moderate
3628,0.0833739,0.095726,0.0893367,1202,0.0889484,0.0893367,moderate
3629,0.095726,0.109908,0.102572,1202,0.0889484,0.102572,moderate
3630,0.109908,0.126191,0.117769,1202,0.0889484,0.117769,moderate
3631,0.126191,0.144887,0.135217,1202,0.0889484,0.135217,moderate
3632,0.144887,0.166353,0.155249,1202,0.0889484,0.155249,moderate
3633,0.166353,0.190999,0.17825,1202,0.0889484,0.17825,moderate
3634,0.190999,0.219296,0.204659,1202,0.0889484,0.204659,moderate
3635,0.219296,0.251785,0.23498,1202,0.0889484,0.23498,moderate
3636,0.251785,0.289088,0.269793,1202,0.0889484,0.269793,moderate
3637,0.289088,0.331917,0.309763,1202,0.0889484,0.309763,moderate
3638,0.331917,0.381092,0.355656,1202,0.0889484,0.355656,moderate
3639,0.381092,0.437552,0.408348,1202,0.0889484,0.408348,moderate
3640,0.437552,0.502377,0.468846,1202,0.0889484,0.468846,moderate
3641,0.502377,0.576806,0.538307,1202,0.0889484,0.538307,moderate
3642,0.576806,0.662262,0.618059,1202,0.0889484,0.618059,moderate
3643,0.662262,0.760379,0.709627,1202,0.0889484,0.709627,moderate
3644,0.760379,0.873032,0.814761,1202,0.0889484,0.814761,moderate
3645,0.873032,1.00237,0.93547,1202,0.0889484,0.93547,moderate
3646,1.00237,1.15088,1.07406,1202,0.0889484,1.07406,moderate
3647,1.15088,1.32139,1.23319,1202,0.0889484,1.23319,moderate
3648,1.32139,1.51716,1.41589,1202,0.0889484,1.41589,moderate
3649,1.51716,1.74193,1.62566,1202,0.0889484,1.62566,moderate
3650,1.74193,2,1.86651,1202,0.0889484,1.86651,moderate
3651,0.002,0.00229631,0.00214304,1202,0.101088,0.00214304,moderate
3652,0.00229631,0.00263651,0.00246054,1202,0.101088,0.00246054,moderate
3653,0.00263651,0.00302712,0.00282508,1202,0.101088,0.00282508,moderate
3654,0.00302712,0.0034756,0.00324362,1202,0.101088,0.00324362,moderate
3655,0.0034756,0.00399052,0.00372417,1202,0.101088,0.00372417,moderate
3656,0.00399052,0.00458174,0.00427592,1202,0.101088,0.00427592,moderate
3657,0.00458174,0.00526054,0.00490942,1202,0.101088,0.00490942,moderate
3658,0.00526054,0.0060399,0.00563677,1202,0.101088,0.00563677,moderate
3659,0.0060399,0.00693474,0.00647187,1202,0.101088,0.00647187,moderate
3660,0.00693474,0.00796214,0.0074307,1202,0.101088,0.0074307,moderate
3661,0.00796214,0.00914176,0.00853159,1202,0.101088,0.00853159,moderate
3662,0.00914176,0.0104961,0.00979558,1202,0.101088,0.00979558,moderate
3663,0.0104961,0.0120512,0.0112468,1202,0.101088,0.0112468,moderate
3664,0.0120512,0.0138366,0.0129131,1202,0.101088,0.0129131,moderate
3665,0.0138366,0.0158866,0.0148262,1202,0.101088,0.0148262,moderate
3666,0.0158866,0.0182402,0.0170228,1202,0.101088,0.0170228,moderate
3667,0.0182402,0.0209426,0.0195447,1202,0.101088,0.0195447,moderate
3668,0.0209426,0.0240453,0.0224404,1202,0.101088,0.0224404,moderate
3669,0.0240453,0.0276077,0.025765,1202,0.101088,0.025765,moderate
3670,0.0276077,0.0316979,0.0295822,1202,0.101088,0.0295822,moderate
3671,0.0316979,0.036394,0.0339649,1202,0.101088,0.0339649,moderate
3672,0.036394,0.0417859,0.0389969,1202,0.101088,0.0389969,moderate
3673,0.0417859,0.0479767,0.0447744,1202,0.101088,0.0447744,moderate
3674,0.0479767,0.0550846,0.0514079,1202,0.101088,0.0514079,moderate
3675,0.0550846,0.0632456,0.0590242,1202,0.101088,0.0590242,moderate
3676,0.0632456,0.0726156,0.0677688,1202,0.101088,0.0677688,moderate
3677,0.0726156,0.0833739,0.077809,1202,0.101088,0.077809,moderate
3678,0.0833739,0.095726,0.0893367,1202,0.101088,0.0893367,moderate
3679,0.095726,0.109908,0.102572,1202,0.101088,0.102572,moderate
3680,0.109908,0.126191,0.117769,1202,0.101088,0.117769,moderate
3681,0.126191,0.144887,0.135217,1202,0.101088,0.135217,moderate
3682,0.144887,0.166353,0.155249,1202,0.101088,0.155249,moderate
3683,0.166353,0.190999,0.17825,1202,0.101088,0.17825,moderate
3684,0.190999,0.219296,0.204659,1202,0.101088,0.204659,moderate
3685,0.219296,0.251785,0.23498,1202,0.101088,0.23498,moderate
3686,0.251785,0.289088,0.269793,1202,0.101088,0.269793,moderate
3687,0.289088,0.331917,0.309763,1202,0.101088,0.309763,moderate
3688,0.331917,0.381092,0.355656,1202,0.101088,0.355656,moderate
3689,0.381092,0.437552,0.408348,1202,0.101088,0.408348,moderate
3690,0.437552,0.502377,0.468846,1202,0.101088,0.468846,moderate
3691,0.502377,0.576806,0.538307,1202,0.101088,0.538307,moderate
3692,0.576806,0.662262,0.618059,1202,0.101088,0.618059,moderate
3693,0.662262,0.760379,0.709627,1202,0.101088,0.709627,moderate
3694,0.760379,0.873032,0.814761,1202,0.101088,0.814761,moderate
3695,0.873032,1.00237,0.93547,1202,0.101088,0.93547,moderate
3696,1.00237,1.15088,1.07406,1202,0.101088,1.07406,moderate
3697,1.15088,1.32139,1.23319,1202,0.101088,1.23319,moderate
3698,1.32139,1.51716,1.41589,1202,0.101088,1.41589,moderate
3699,1.51716,1.74193,1.62566,1202,0.101088,1.62566,moderate
3700,1.74193,2,1.86651,1202,0.101088,1.86651,moderate
3701,0.002,0.00229631,0.00214304,1202,0.114885,0.00214304,moderate
3702,0.00229631,0.00263651,0.00246054,1202,0.114885,0.00246054,moderate
3703,0.00263651,0.00302712,0.00282508,1202,0.114885,0.00282508,moderate
3704,0.00302712,0.0034756,0.00324362,1202,0.114885,0.00324362,moderate
3705,0.0034756,0.00399052,0.00372417,1202,0.114885,0.00372417,moderate
3706,0.00399052,0.00458174,0.00427592,1202,0.114885,0.00427592,moderate
3707,0.00458174,0.00526054,0.00490942,1202,0.114885,0.00490942,moderate
3708,0.00526054,0.0060399,0.00563677,1202,0.114885,0.00563677,moderate
3709,0.0060399,0.00693474,0.00647187,1202,0.114885,0.00647187,moderate
3710,0.00693474,0.00796214,0.0074307,1202,0.114885,0.0074307,moderate
3711,0.00796214,0.00914176,0.00853159,1202,0.114885,0.00853159,moderate
3712,0.00914176,0.0104961,0.00979558,1202,0.114885,0.00979558,moderate
3713,0.0104961,0.0120512,0.0112468,1202,0.114885,0.0112468,moderate
3714,0.0120512,0.0138366,0.0129131,1202,0.114885,0.0129131,moderate
3715,0.0138366,0.0158866,0.0148262,1202,0.114885,0.0148262,moderate
3716,0.0158866,0.0182402,0.0170228,1202,0.114885,0.0170228,moderate
3717,0.0182402,0.0209426,0.0195447,1202,0.114885,0.0195447,moderate
3718,0.0209426,0.0240453,0.0224404,1202,0.114885,0.0224404,moderate
3719,0.0240453,0.0276077,0.025765,1202,0.114885,0.025765,moderate
3720,0.0276077,0.0316979,0.0295822,1202,0.114885,0.0295822,moderate
3721,0.0316979,0.036394,0.0339649,1202,0.114885,0.0339649,moderate
3722,0.036394,0.0417859,0.0389969,1202,0.114885,0.0389969,moderate
3723,0.0417859,0.0479767,0.0447744,1202,0.114885,0.0447744,moderate
3724,0.0479767,0.0550846,0.0514079,1202,0.114885,0.0514079,moderate
3725,0.0550846,0.0632456,0.0590242,1202,0.114885,0.0590242,moderate
3726,0.0632456,0.0726156,0.0677688,1202,0.114885,0.0677688,moderate
3727,0.0726156,0.0833739,0.077809,1202,0.114885,0.077809,moderate
3728,0.0833739,0.095726,0.0893367,1202,0.114885,0.0893367,moderate
3729,0.095726,0.109908,0.102572,1202,0.114885,0.102572,moderate
3730,0.109908,0.126191,0.117769,1202,0.114885,0.117769,moderate
3731,0.126191,0.144887,0.135217,1202,0.114885,0.135217,moderate
3732,0.144887,0.166353,0.155249,1202,0.114885,0.155249,moderate
3733,0.166353,0.190999,0.17825,1202,0.114885,0.17825,moderate
3734,0.190999,0.219296,0.204659,1202,0.114885,0.204659,moderate
3735,0.219296,0.251785,0.23498,1202,0.114885,0.23498,moderate
3736,0.251785,0.289088,0.269793,1202,0.114885,0.269793,moderate
3737,0.289088,0.331917,0.309763,1202,0.114885,0.309763,moderate
3738,0.331917,0.381092,0.355656,1202,0.114885,0.355656,moderate
3739,0.381092,0.437552,0.408348,1202,0.114885,0.408348,moderate
3740,0.437552,0.502377,0.468846,1202,0.114885,0.468846,moderate
3741,0.502377,0.576806,0.538307,1202,0.114885,0.538307,moderate
3742,0.576806,0.662262,0.618059,1202,0.114885,0.618059,moderate
3743,0.662262,0.760379,0.709627,1202,0.114885,0.709627,moderate
3744,0.760379,0.873032,0.814761,1202,0.114885,0.814761,moderate
3745,0.873032,1.00237,0.93547,1202,0.114885,0.93547,moderate
3746,1.00237,1.15088,1.07406,1202,0.114885,1.07406,moderate
3747,1.15088,1.32139,1.23319,1202,0.114885,1.23319,moderate
3748,1.32139,1.51716,1.41589,1202,0.114885,1.41589,moderate
3749,1.51716,1.74193,1.62566,1202,0.114885,1.62566,moderate
3750,1.74193,2,1.86651,1202,0.114885,1.86651,moderate
3751,0.002,0.00229631,0.00214304,1202,0.130565,0.00214304,moderate
3752,0.00229631,0.00263651,0.00246054,1202,0.130565,0.00246054,moderate
3753,0.00263651,0.00302712,0.00282508,1202,0.130565,0.00282508,moderate
3754,0.00302712,0.0034756,0.00324362,1202,0.130565,0.00324362,moderate
3755,0.0034756,0.00399052,0.00372417,1202,0.130565,0.00372417,moderate
3756,0.00399052,0.00458174,0.00427592,1202,0.130565,0.00427592,moderate
3757,0.00458174,0.00526054,0.00490942,1202,0.130565,0.00490942,moderate
3758,0.00526054,0.0060399,0.00563677,1202,0.130565,0.00563677,moderate
3759,0.0060399,0.00693474,0.00647187,1202,0.130565,0.00647187,moderate
3760,0.00693474,0.00796214,0.0074307,1202,0.130565,0.0074307,moderate
3761,0.00796214,0.00914176,0.00853159,1202,0.130565,0.00853159,moderate
3762,0.00914176,0.0104961,0.00979558,1202,0.130565,0.00979558,moderate
3763,0.0104961,0.0120512,0.0112468,1202,0.130565,0.0112468,moderate
3764,0.0120512,0.0138366,0.0129131,1202,0.130565,0.0129131,moderate
3765,0.0138366,0.0158866,0.0148262,1202,0.130565,0.0148262,moderate
3766,0.0158866,0.0182402,0.0170228,1202,0.130565,0.0170228,moderate
3767,0.0182402,0.0209426,0.0195447,1202,0.130565,0.0195447,moderate
3768,0.0209426,0.0240453,0.0224404,1202,0.130565,0.0224404,moderate
3769,0.0240453,0.0276077,0.025765,1202,0.130565,0.025765,moderate
3770,0.0276077,0.0316979,0.0295822,1202,0.130565,0.0295822,moderate
3771,0.0316979,0.036394,0.0339649,1202,0.130565,0.0339649,moderate
3772,0.036394,0.0417859,0.0389969,1202,0.130565,0.0389969,moderate
3773,0.0417859,0.0479767,0.0447744,1202,0.130565,0.0447744,moderate
3774,0.0479767,0.0550846,0.0514079,1202,0.130565,0.0514079,moderate
3775,0.0550846,0.0632456,0.0590242,1202,0.130565,0.0590242,moderate
3776,0.0632456,0.0726156,0.0677688,1202,0.130565,0.0677688,moderate
3777,0.0726156,0.0833739,0.077809,1202,0.130565,0.077809,moderate
3778,0.0833739,0.095726,0.0893367,1202,0.130565,0.0893367,moderate
3779,0.095726,0.109908,0.102572,1202,0.130565,0.102572,moderate
3780,0.109908,0.126191,0.117769,1202,0.130565,0.117769,moderate
3781,0.126191,0.144887,0.135217,1202,0.130565,0.135217,moderate
3782,0.144887,0.166353,0.155249,1202,0.130565,0.155249,moderate
3783,0.166353,0.190999,0.17825,1202,0.130565,0.17825,moderate
3784,0.190999,0.219296,0.204659,1202,0.130565,0.204659,moderate
3785,0.219296,0.251785,0.23498,1202,0.130565,0.23498,moderate
3786,0.251785,0.289088,0.269793,1202,0.130565,0.269793,moderate
3787,0.289088,0.331917,0.309763,1202,0.130565,0.309763,moderate
3788,0.331917,0.381092,0.355656,1202,0.130565,0.355656,moderate
3789,0.381092,0.437552,0.408348,1202,0.130565,0.408348,moderate
3790,0.437552,0.502377,0.468846,1202,0.130565,0.468846,moderate
3791,0.502377,0.576806,0.538307,1202,0.130565,0.538307,moderate
3792,0.576806,0.662262,0.618059,1202,0.130565,0.618059,moderate
3793,0.662262,0.760379,0.709627,1202,0.130565,0.709627,moderate
3794,0.760379,0.873032,0.814761,1202,0.130565,0.814761,moderate
3795,0.873032,1.00237,0.93547,1202,0.130565,0.93547,moderate
3796,1.00237,1.15088,1.07406,1202,0.130565,1.07406,moderate
3797,1.15088,1.32139,1.23319,1202,0.130565,1.23319,moderate
3798,1.32139,1.51716,1.41589,1202,0.130565,1.41589,moderate
3799,1.51716,1.74193,1.62566,1202,0.130565,1.62566,moderate
3800,1.74193,2,1.86651,1202,0.130565,1.86651,moderate
3801,0.002,0.00229631,0.00214304,1202,0.148385,0.00214304,moderate
3802,0.00229631,0.00263651,0.00246054,1202,0.148385,0.00246054,moderate
3803,0.00263651,0.00302712,0.00282508,1202,0.148385,0.00282508,moderate
3804,0.00302712,0.0034756,0.00324362,1202,0.148385,0.00324362,moderate
3805,0.0034756,0.00399052,0.00372417,1202,0.148385,0.00372417,moderate
3806,0.00399052,0.00458174,0.00427592,1202,0.148385,0.00427592,moderate
3807,0.00458174,0.00526054,0.00490942,1202,0.148385,0.00490942,moderate
3808,0.00526054,0.0060399,0.00563677,1202,0.148385,0.00563677,moderate
3809,0.0060399,0.00693474,0.00647187,1202,0.148385,0.00647187,moderate
3810,0.00693474,0.00796214,0.0074307,1202,0.148385,0.0074307,moderate
3811,0.00796214,0.00914176,0.00853159,1202,0.148385,0.00853159,moderate
3812,0.00914176,0.0104961,0.00979558,1202,0.148385,0.00979558,moderate
3813,0.0104961,0.0120512,0.0112468,1202,0.148385,0.0112468,moderate
3814,0.0120512,0.0138366,0.0129131,1202,0.148385,0.0129131,moderate
3815,0.0138366,0.0158866,0.0148262,1202,0.148385,0.0148262,moderate
3816,0.0158866,0.0182402,0.0170228,1202,0.148385,0.0170228,moderate
3817,0.0182402,0.0209426,0.0195447,1202,0.148385,0.0195447,moderate
3818,0.0209426,0.0240453,0.0224404,1202,0.148385,0.0224404,moderate
3819,0.0240453,0.0276077,0.025765,1202,0.148385,0.025765,moderate
3820,0.0276077,0.0316979,0.0295822,1202,0.148385,0.0295822,moderate
3821,0.0316979,0.036394,0.0339649,1202,0.148385,0.0339649,moderate
3822,0.036394,0.0417859,0.0389969,1202,0.148385,0.0389969,moderate
3823,0.0417859,0.0479767,0.0447744,1202,0.148385,0.0447744,moderate
3824,0.0479767,0.0550846,0.0514079,1202,0.148385,0.0514079,moderate
3825,0.0550846,0.0632456,0.0590242,1202,0.148385,0.0590242,moderate
3826,0.0632456,0.0726156,0.0677688,1202,0.148385,0.0677688,moderate
3827,0.0726156,0.0833739,0.077809,1202,0.148385,0.077809,moderate
3828,0.0833739,0.095726,0.0893367,1202,0.148385,0.0893367,moderate
3829,0.095726,0.109908,0.102572,1202,0.148385,0.102572,moderate
3830,0.109908,0.126191,0.117769,1202,0.148385,0.117769,moderate
3831,0.126191,0.144887,0.135217,1202,0.148385,0.135217,moderate
3832,0.144887,0.166353,0.155249,1202,0.148385,0.155249,moderate
3833,0.166353,0.190999,0.17825,1202,0.148385,0.17825,moderate
3834,0.190999,0.219296,0.204659,1202,0.148385,0.204659,moderate
3835,0.219296,0.251785,0.23498,1202,0.148385,0.23498,moderate
3836,0.251785,0.289088,0.269793,1202,0.148385,0.269793,moderate
3837,0.289088,0.331917,0.309763,1202,0.148385,0.309763,moderate
3838,0.331917,0.381092,0.355656,1202,0.148385,0.355656,moderate
3839,0.381092,0.437552,0.408348,1202,0.148385,0.408348,moderate
3840,0.437552,0.502377,0.468846,1202,0.148385,0.468846,moderate
3841,0.502377,0.576806,0.538307,1202,0.148385,0.538307,moderate
3842,0.576806,0.662262,0.618059,1202,0.148385,0.618059,moderate
3843,0.662262,0.760379,0.709627,1202,0.148385,0.709627,moderate
3844,0.760379,0.873032,0.814761,1202,0.148385,0.814761,moderate
3845,0.873032,1.00237,0.93547,1202,0.148385,0.93547,moderate
3846,1.00237,1.15088,1.07406,1202,0.148385,1.07406,moderate
3847,1.15088,1.32139,1.23319,1202,0.148385,1.23319,moderate
3848,1.32139,1.51716,1.41589,1202,0.148385,1.41589,moderate
3849,1.51716,1.74193,1.62566,1202,0.148385,1.62566,moderate
3850,1.74193,2,1.86651,1202,0.148385,1.86651,moderate
3851,0.002,0.00229631,0.00214304,1202,0.168637,0.00214304,moderate
3852,0.00229631,0.00263651,0.00246054,1202,0.168637,0.00246054,moderate
3853,0.00263651,0.00302712,0.00282508,1202,0.168637,0.00282508,moderate
3854,0.00302712,0.0034756,0.00324362,1202,0.168637,0.00324362,moderate
3855,0.0034756,0.00399052,0.00372417,1202,0.168637,0.00372417,moderate
3856,0.00399052,0.00458174,0.00427592,1202,0.168637,0.00427592,moderate
3857,0.00458174,0.00526054,0.00490942,1202,0.168637,0.00490942,moderate
3858,0.00526054,0.0060399,0.00563677,1202,0.168637,0.00563677,moderate
3859,0.0060399,0.00693474,0.00647187,1202,0.168637,0.00647187,moderate
3860,0.00693474,0.00796214,0.0074307,1202,0.168637,0.0074307,moderate
3861,0.00796214,0.00914176,0.00853159,1202,0.168637,0.00853159,moderate
3862,0.00914176,0.0104961,0.00979558,1202,0.168637,0.00979558,moderate
3863,0.0104961,0.0120512,0.0112468,1202,0.168637,0.0112468,moderate
3864,0.0120512,0.0138366,0.0129131,1202,0.168637,0.0129131,moderate
3865,0.0138366,0.0158866,0.0148262,1202,0.168637,0.0148262,moderate
3866,0.0158866,0.0182402,0.0170228,1202,0.168637,0.0170228,moderate
3867,0.0182402,0.0209426,0.0195447,1202,0.168637,0.0195447,moderate
3868,0.0209426,0.0240453,0.0224404,1202,0.168637,0.0224404,moderate
3869,0.0240453,0.0276077,0.025765,1202,0.168637,0.025765,moderate
3870,0.0276077,0.0316979,0.0295822,1202,0.168637,0.0295822,moderate
3871,0.0316979,0.036394,0.0339649,1202,0.168637,0.0339649,moderate
3872,0.036394,0.0417859,0.0389969,1202,0.168637,0.0389969,moderate
3873,0.0417859,0.0479767,0.0447744,1202,0.168637,0.0447744,moderate
3874,0.0479767,0.0550846,0.0514079,1202,0.168637,0.0514079,moderate
3875,0.0550846,0.0632456,0.0590242,1202,0.168637,0.0590242,moderate
3876,0.0632456,0.0726156,0.0677688,1202,0.168637,0.0677688,moderate
3877,0.0726156,0.0833739,0.077809,1202,0.168637,0.077809,moderate
3878,0.0833739,0.095726,0.0893367,1202,0.168637,0.0893367,moderate
3879,0.095726,0.109908,0.102572,1202,0.168637,0.102572,moderate
3880,0.109908,0.126191,0.117769,1202,0.168637,0.117769,moderate
3881,0.126191,0.144887,0.135217,1202,0.168637,0.135217,moderate
3882,0.144887,0.166353,0.155249,1202,0.168637,0.155249,moderate
3883,0.166353,0.190999,0.17825,1202,0.168637,0.17825,moderate
3884,0.190999,0.219296,0.204659,1202,0.168637,0.204659,moderate
3885,0.219296,0.251785,0.23498,1202,0.168637,0.23498,moderate
3886,0.251785,0.289088,0.269793,1202,0.168637,0.269793,moderate
3887,0.289088,0.331917,0.309763,1202,0.168637,0.309763,moderate
3888,0.331917,0.381092,0.355656,1202,0.168637,0.355656,moderate
3889,0.381092,0.437552,0.408348,1202,0.168637,0.408348,moderate
3890,0.437552,0.502377,0.468846,1202,0.168637,0.468846,moderate
3891,0.502377,0.576806,0.538307,1202,0.168637,0.538307,moderate
3892,0.576806,0.662262,0.618059,1202,0.168637,0.618059,moderate
3893,0.662262,0.760379,0.709627,1202,0.168637,0.709627,moderate
3894,0.760379,0.873032,0.814761,1202,0.168637,0.814761,moderate
3895,0.873032,1.00237,0.93547,1202,0.168637,0.93547,moderate
3896,1.00237,1.15088,1.07406,1202,0.168637,1.07406,moderate
3897,1.15088,1.32139,1.23319,1202,0.168637,1.23319,moderate
3898,1.32139,1.51716,1.41589,1202,0.168637,1.41589,moderate
3899,1.51716,1.74193,1.62566,1202,0.168637,1.62566,moderate
3900,1.74193,2,1.86651,1202,0.168637,1.86651,moderate
3901,0.002,0.00229631,0.00214304,1202,0.191653,0.00214304,moderate
3902,0.00229631,0.00263651,0.00246054,1202,0.191653,0.00246054,moderate
3903,0.00263651,0.00302712,0.00282508,1202,0.191653,0.00282508,moderate
3904,0.00302712,0.0034756,0.00324362,1202,0.191653,0.00324362,moderate
3905,0.0034756,0.00399052,0.00372417,1202,0.191653,0.00372417,moderate
3906,0.00399052,0.00458174,0.00427592,1202,0.191653,0.00427592,moderate
3907,0.00458174,0.00526054,0.00490942,1202,0.191653,0.00490942,moderate
3908,0.00526054,0.0060399,0.00563677,1202,0.191653,0.00563677,moderate
3909,0.0060399,0.00693474,0.00647187,1202,0.191653,0.00647187,moderate
3910,0.00693474,0.00796214,0.0074307,1202,0.191653,0.0074307,moderate
3911,0.00796214,0.00914176,0.00853159,1202,0.191653,0.00853159,moderate
3912,0.00914176,0.0104961,0.00979558,1202,0.191653,0.00979558,moderate
3913,0.0104961,0.0120512,0.0112468,1202,0.191653,0.0112468,moderate
3914,0.0120512,0.0138366,0.0129131,1202,0.191653,0.0129131,moderate
3915,0.0138366,0.0158866,0.0148262,1202,0.191653,0.0148262,moderate
3916,0.0158866,0.0182402,0.0170228,1202,0.191653,0.0170228,moderate
3917,0.0182402,0.0209426,0.0195447,1202,0.191653,0.0195447,moderate
3918,0.0209426,0.0240453,0.0224404,1202,0.191653,0.0224404,moderate
3919,0.0240453,0.0276077,0.025765,1202,0.191653,0.025765,moderate
3920,0.0276077,0.0316979,0.0295822,1202,0.191653,0.0295822,moderate
3921,0.0316979,0.036394,0.0339649,1202,0.191653,0.0339649,moderate
3922,0.036394,0.0417859,0.0389969,1202,0.191653,0.0389969,moderate
3923,0.0417859,0.0479767,0.0447744,1202,0.191653,0.0447744,moderate
3924,0.0479767,0.0550846,0.0514079,1202,0.191653,0.0514079,moderate
3925,0.0550846,0.0632456,0.0590242,1202,0.191653,0.0590242,moderate
3926,0.0632456,0.0726156,0.0677688,1202,0.191653,0.0677688,moderate
3927,0.0726156,0.0833739,0.077809,1202,0.191653,0.077809,moderate
3928,0.0833739,0.095726,0.0893367,1202,0.191653,0.0893367,moderate
3929,0.095726,0.109908,0.102572,1202,0.191653,0.102572,moderate
3930,0.109908,0.126191,0.117769,1202,0.191653,0.117769,moderate
3931,0.126191,0.144887,0.135217,1202,0.191653,0.135217,moderate
3932,0.144887,0.166353,0.155249,1202,0.191653,0.155249,moderate
3933,0.166353,0.190999,0.17825,1202,0.191653,0.17825,moderate
3934,0.190999,0.219296,0.204659,1202,0.191653,0.204659,moderate
3935,0.219296,0.251785,0.23498,1202,0.191653,0.23498,moderate
3936,0.251785,0.289088,0.269793,1202,0.191653,0.269793,moderate
3937,0.289088,0.331917,0.309763,1202,0.191653,0.309763,moderate
3938,0.331917,0.381092,0.355656,1202,0.191653,0.355656,moderate
3939,0.381092,0.437552,0.408348,1202,0.191653,0.408348,moderate
3940,0.437552,0.502377,0.468846,1202,0.191653,0.468846,moderate
3941,0.502377,0.576806,0.538307,1202,0.191653,0.538307,moderate
3942,0.576806,0.662262,0.618059,1202,0.191653,0.618059,moderate
3943,0.662262,0.760379,0.709627,1202,0.191653,0.709627,moderate
3944,0.760379,0.873032,0.814761,1202,0.191653,0.814761,moderate
3945,0.873032,1.00237,0.93547,1202,0.191653,0.93547,moderate
3946,1.00237,1.15088,1.07406,1202,0.191653,1.07406,moderate
3947,1.15088,1.32139,1.23319,1202,0.191653,1.23319,moderate
3948,1.32139,1.51716,1.41589,1202,0.191653,1.41589,moderate
3949,1.51716,1.74193,1.62566,1202,0.191653,1.62566,moderate
3950,1.74193,2,1.86651,1202,0.191653,1.86651,moderate
3951,0.002,0.00229631,0.00214304,1202,0.217811,0.00214304,moderate
3952,0.00229631,0.00263651,0.00246054,1202,0.217811,0.00246054,moderate
3953,0.00263651,0.00302712,0.00282508,1202,0.217811,0.00282508,moderate
3954,0.00302712,0.0034756,0.00324362,1202,0.217811,0.00324362,moderate
3955,0.0034756,0.00399052,0.00372417,1202,0.217811,0.00372417,moderate
3956,0.00399052,0.00458174,0.00427592,1202,0.217811,0.00427592,moderate
3957,0.00458174,0.00526054,0.00490942,1202,0.217811,0.00490942,moderate
3958,0.00526054,0.0060399,0.00563677,1202,0.217811,0.00563677,moderate
3959,0.0060399,0.00693474,0.00647187,1202,0.217811,0.00647187,moderate
3960,0.00693474,0.00796214,0.0074307,1202,0.217811,0.0074307,moderate
3961,0.00796214,0.00914176,0.00853159,1202,0.217811,0.00853159,moderate
3962,0.00914176,0.0104961,0.00979558,1202,0.217811,0.00979558,moderate
3963,0.0104961,0.0120512,0.0112468,1202,0.217811,0.0112468,moderate
3964,0.0120512,0.0138366,0.0129131,1202,0.217811,0.0129131,moderate
3965,0.0138366,0.0158866,0.0148262,1202,0.217811,0.0148262,moderate
3966,0.0158866,0.0182402,0.0170228,1202,0.217811,0.0170228,moderate
3967,0.0182402,0.0209426,0.0195447,1202,0.217811,0.0195447,moderate
3968,0.0209426,0.0240453,0.0224404,1202,0.217811,0.0224404,moderate
3969,0.0240453,0.0276077,0.025765,1202,0.217811,0.025765,moderate
3970,0.0276077,0.0316979,0.0295822,1202,0.217811,0.0295822,moderate
3971,0.0316979,0.036394,0.0339649,1202,0.217811,0.0339649,moderate
3972,0.036394,0.0417859,0.0389969,1202,0.217811,0.0389969,moderate
3973,0.0417859,0.0479767,0.0447744,1202,0.217811,0.0447744,moderate
3974,0.0479767,0.0550846,0.0514079,1202,0.217811,0.0514079,moderate
3975,0.0550846,0.0632456,0.0590242,1202,0.217811,0.0590242,moderate
3976,0.0632456,0.0726156,0.0677688,1202,0.217811,0.0677688,moderate
3977,0.0726156,0.0833739,0.077809,1202,0.217811,0.077809,moderate
3978,0.0833739,0.095726,0.0893367,1202,0.217811,0.0893367,moderate
3979,0.095726,0.109908,0.102572,1202,0.217811,0.102572,moderate
3980,0.109908,0.126191,0.117769,1202,0.217811,0.117769,moderate
3981,0.126191,0.144887,0.135217,1202,0.217811,0.135217,moderate
3982,0.144887,0.166353,0.155249,1202,0.217811,0.155249,moderate
3983,0.166353,0.190999,0.17825,1202,0.217811,0.17825,moderate
3984,0.190999,0.219296,0.204659,1202,0.217811,0.204659,moderate
3985,0.219296,0.251785,0.23498,1202,0.217811,0.23498,moderate
3986,0.251785,0.289088,0.269793,1202,0.217811,0.269793,moderate
3987,0.289088,0.331917,0.309763,1202,0.217811,0.309763,moderate
3988,0.331917,0.381092,0.355656,1202,0.217811,0.355656,moderate
3989,0.381092,0.437552,0.408348,1202,0.217811,0.408348,moderate
3990,0.437552,0.502377,0.468846,1202,0.217811,0.468846,moderate
3991,0.502377,0.576806,0.538307,1202,0.217811,0.538307,moderate
3992,0.576806,0.662262,0.618059,1202,0.217811,0.618059,moderate
3993,0.662262,0.760379,0.709627,1202,0.217811,0.709627,moderate
3994,0.760379,0.873032,0.814761,1202,0.217811,0.814761,moderate
3995,0.873032,1.00237,0.93547,1202,0.217811,0.93547,moderate
3996,1.00237,1.15088,1.07406,1202,0.217811,1.07406,moderate
3997,1.15088,1.32139,1.23319,1202,0.217811,1.23319,moderate
3998,1.32139,1.51716,1.41589,1202,0.217811,1.41589,moderate
3999,1.51716,1.74193,1.62566,1202,0.217811,1.62566,moderate
4000,1.74193,2,1.86651,1202,0.217811,1.86651,moderate
4001,0.002,0.00229631,0.00214304,1202,0.247538,0.00214304,moderate
4002,0.00229631,0.00263651,0.00246054,1202,0.247538,0.00246054,moderate
4003,0.00263651,0.00302712,0.00282508,1202,0.247538,0.00282508,moderate
4004,0.00302712,0.0034756,0.00324362,1202,0.247538,0.00324362,moderate
4005,0.0034756,0.00399052,0.00372417,1202,0.247538,0.00372417,moderate
4006,0.00399052,0.00458174,0.00427592,1202,0.247538,0.00427592,moderate
4007,0.00458174,0.00526054,0.00490942,1202,0.247538,0.00490942,moderate
4008,0.00526054,0.0060399,0.00563677,1202,0.247538,0.00563677,moderate
4009,0.0060399,0.00693474,0.00647187,1202,0.247538,0.00647187,moderate
4010,0.00693474,0.00796214,0.0074307,1202,0.247538,0.0074307,moderate
4011,0.00796214,0.00914176,0.00853159,1202,0.247538,0.00853159,moderate
4012,0.00914176,0.0104961,0.00979558,1202,0.247538,0.00979558,moderate
4013,0.0104961,0.0120512,0.0112468,1202,0.247538,0.0112468,moderate
4014,0.0120512,0.0138366,0.0129131,1202,0.247538,0.0129131,moderate
4015,0.0138366,0.0158866,0.0148262,1202,0.247538,0.0148262,moderate
4016,0.0158866,0.0182402,0.0170228,1202,0.247538,0.0170228,moderate
4017,0.0182402,0.0209426,0.0195447,1202,0.247538,0.0195447,moderate
4018,0.0209426,0.0240453,0.0224404,1202,0.247538,0.0224404,moderate
4019,0.0240453,0.0276077,0.025765,1202,0.247538,0.025765,moderate
4020,0.0276077,0.0316979,0.0295822,1202,0.247538,0.0295822,moderate
4021,0.0316979,0.036394,0.0339649,1202,0.247538,0.0339649,moderate
4022,0.036394,0.0417859,0.0389969,1202,0.247538,0.0389969,moderate
4023,0.0417859,0.0479767,0.0447744,1202,0.247538,0.0447744,moderate
4024,0.0479767,0.0550846,0.0514079,1202,0.247538,0.0514079,moderate
4025,0.0550846,0.0632456,0.0590242,1202,0.247538,0.0590242,moderate
4026,0.0632456,0.0726156,0.0677688,1202,0.247538,0.0677688,moderate
4027,0.0726156,0.0833739,0.077809,1202,0.247538,0.077809,moderate
4028,0.0833739,0.095726,0.0893367,1202,0.247538,0.0893367,moderate
4029,0.095726,0.109908,0.102572,1202,0.247538,0.102572,moderate
4030,0.109908,0.126191,0.117769,1202,0.247538,0.117769,moderate
4031,0.126191,0.144887,0.135217,1202,0.247538,0.135217,moderate
4032,0.144887,0.166353,0.155249,1202,0.247538,0.155249,moderate
4033,0.166353,0.190999,0.17825,1202,0.247538,0.17825,moderate
4034,0.190999,0.219296,0.204659,1202,0.247538,0.204659,moderate
4035,0.219296,0.251785,0.23498,1202,0.247538,0.23498,moderate
4036,0.251785,0.289088,0.269793,1202,0.247538,0.269793,moderate
4037,0.289088,0.331917,0.309763,1202,0.247538,0.309763,moderate
4038,0.331917,0.381092,0.355656,1202,0.247538,0.355656,moderate
4039,0.381092,0.437552,0.408348,1202,0.247538,0.408348,moderate
4040,0.437552,0.502377,0.468846,1202,0.247538,0.468846,moderate
4041,0.502377,0.576806,0.538307,1202,0.247538,0.538307,moderate
4042,0.576806,0.662262,0.618059,1202,0.247538,0.618059,moderate
4043,0.662262,0.760379,0.709627,1202,0.247538,0.709627,moderate
4044,0.760379,0.873032,0.814761,1202,0.247538,0.814761,moderate
4045,0.873032,1.00237,0.93547,1202,0.247538,0.93547,moderate
4046,1.00237,1.15088,1.07406,1202,0.247538,1.07406,moderate
4047,1.15088,1.32139,1.23319,1202,0.247538,1.23319,moderate
4048,1.32139,1.51716,1.41589,1202,0.247538,1.41589,moderate
4049,1.51716,1.74193,1.62566,1202,0.247538,1.62566,moderate
4050,1.74193,2,1.86651,1202,0.247538,1.86651,moderate
4051,0.002,0.00229631,0.00214304,1202,0.281323,0.00214304,moderate
4052,0.00229631,0.00263651,0.00246054,1202,0.281323,0.00246054,moderate
4053,0.00263651,0.00302712,0.00282508,1202,0.281323,0.00282508,moderate
4054,0.00302712,0.0034756,0.00324362,1202,0.281323,0.00324362,moderate
4055,0.0034756,0.00399052,0.00372417,1202,0.281323,0.00372417,moderate
4056,0.00399052,0.00458174,0.00427592,1202,0.281323,0.00427592,moderate
4057,0.00458174,0.00526054,0.00490942,1202,0.281323,0.00490942,moderate
4058,0.00526054,0.0060399,0.00563677,1202,0.281323,0.00563677,moderate
4059,0.0060399,0.00693474,0.00647187,1202,0.281323,0.00647187,moderate
4060,0.00693474,0.00796214,0.0074307,1202,0.281323,0.0074307,moderate
4061,0.00796214,0.00914176,0.00853159,1202,0.281323,0.00853159,moderate
4062,0.00914176,0.0104961,0.00979558,1202,0.281323,0.00979558,moderate
4063,0.0104961,0.0120512,0.0112468,1202,0.281323,0.0112468,moderate
4064,0.0120512,0.0138366,0.0129131,1202,0.281323,0.0129131,moderate
4065,0.0138366,0.0158866,0.0148262,1202,0.281323,0.0148262,moderate
4066,0.0158866,0.0182402,0.0170228,1202,0.281323,0.0170228,moderate
4067,0.0182402,0.0209426,0.0195447,1202,0.281323,0.0195447,moderate
4068,0.0209426,0.0240453,0.0224404,1202,0.281323,0.0224404,moderate
4069,0.0240453,0.0276077,0.025765,1202,0.281323,0.025765,moderate
4070,0.0276077,0.0316979,0.0295822,1202,0.281323,0.0295822,moderate
4071,0.0316979,0.036394,0.0339649,1202,0.281323,0.0339649,moderate
4072,0.036394,0.0417859,0.0389969,1202,0.281323,0.0389969,moderate
4073,0.0417859,0.0479767,0.0447744,1202,0.281323,0.0447744,moderate
4074,0.0479767,0.0550846,0.0514079,1202,0.281323,0.0514079,moderate
4075,0.0550846,0.0632456,0.0590242,1202,0.281323,0.0590242,moderate
4076,0.0632456,0.0726156,0.0677688,1202,0.281323,0.0677688,moderate
4077,0.0726156,0.0833739,0.077809,1202,0.281323,0.077809,moderate
4078,0.0833739,0.095726,0.0893367,1202,0.281323,0.0893367,moderate
4079,0.095726,0.109908,0.102572,1202,0.281323,0.102572,moderate
4080,0.109908,0.126191,0.117769,1202,0.281323,0.117769,moderate
4081,0.126191,0.144887,0.135217,1202,0.281323,0.135217,moderate
4082,0.144887,0.166353,0.155249,1202,0.281323,0.155249,moderate
4083,0.166353,0.190999,0.17825,1202,0.281323,0.17825,moderate
4084,0.190999,0.219296,0.204659,1202,0.281323,0.204659,moderate
4085,0.219296,0.251785,0.23498,1202,0.281323,0.23498,moderate
4086,0.251785,0.289088,0.269793,1202,0.281323,0.269793,moderate
4087,0.289088,0.331917,0.309763,1202,0.281323,0.309763,moderate
4088,0.331917,0.381092,0.355656,1202,0.281323,0.355656,moderate
4089,0.381092,0.437552,0.408348,1202,0.281323,0.408348,moderate
4090,0.437552,0.502377,0.468846,1202,0.281323,0.468846,moderate
4091,0.502377,0.576806,0.538307,1202,0.281323,0.538307,moderate
4092,0.576806,0.662262,0.618059,1202,0.281323,0.618059,moderate
4093,0.662262,0.760379,0.709627,1202,0.281323,0.709627,moderate
4094,0.760379,0.873032,0.814761,1202,0.281323,0.814761,moderate
4095,0.873032,1.00237,0.93547,1202,0.281323,0.93547,moderate
4096,1.00237,1.15088,1.07406,1202,0.281323,1.07406,moderate
4097,1.15088,1.32139,1.23319,1202,0.281323,1.23319,moderate
4098,1.32139,1.51716,1.41589,1202,0.281323,1.41589,moderate
4099,1.51716,1.74193,1.62566,1202,0.281323,1.62566,moderate
4100,1.74193,2,1.86651,1202,0.281323,1.86651,moderate
4101,0.002,0.00229631,0.00214304,1202,0.319719,0.00214304,moderate
4102,0.00229631,0.00263651,0.00246054,1202,0.319719,0.00246054,moderate
4103,0.00263651,0.00302712,0.00282508,1202,0.319719,0.00282508,moderate
4104,0.00302712,0.0034756,0.00324362,1202,0.319719,0.00324362,moderate
4105,0.0034756,0.00399052,0.00372417,1202,0.319719,0.00372417,moderate
4106,0.00399052,0.00458174,0.00427592,1202,0.319719,0.00427592,moderate
4107,0.00458174,0.00526054,0.00490942,1202,0.319719,0.00490942,moderate
4108,0.00526054,0.0060399,0.00563677,1202,0.319719,0.00563677,moderate
4109,0.0060399,0.00693474,0.00647187,1202,0.319719,0.00647187,moderate
4110,0.00693474,0.00796214,0.0074307,1202,0.319719,0.0074307,moderate
4111,0.00796214,0.00914176,0.00853159,1202,0.319719,0.00853159,moderate
4112,0.00914176,0.0104961,0.00979558,1202,0.319719,0.00979558,moderate
4113,0.0104961,0.0120512,0.0112468,1202,0.319719,0.0112468,moderate
4114,0.0120512,0.0138366,0.0129131,1202,0.319719,0.0129131,moderate
4115,0.0138366,0.0158866,0.0148262,1202,0.319719,0.0148262,moderate
4116,0.0158866,0.0182402,0.0170228,1202,0.319719,0.0170228,moderate
4117,0.0182402,0.0209426,0.0195447,1202,0.319719,0.0195447,moderate
4118,0.0209426,0.0240453,0.0224404,1202,0.319719,0.0224404,moderate
4119,0.0240453,0.0276077,0.025765,1202,0.319719,0.025765,moderate
4120,0.0276077,0.0316979,0.0295822,1202,0.319719,0.0295822,moderate
4121,0.0316979,0.036394,0.0339649,1202,0.319719,0.0339649,moderate
4122,0.036394,0.0417859,0.0389969,1202,0.319719,0.0389969,moderate
4123,0.0417859,0.0479767,0.0447744,1202,0.319719,0.0447744,moderate
4124,0.0479767,0.0550846,0.0514079,1202,0.319719,0.0514079,moderate
4125,0.0550846,0.0632456,0.0590242,1202,0.319719,0.0590242,moderate
4126,0.0632456,0.0726156,0.0677688,1202,0.319719,0.0677688,moderate
4127,0.0726156,0.0833739,0.077809,1202,0.319719,0.077809,moderate
4128,0.0833739,0.095726,0.0893367,1202,0.319719,0.0893367,moderate
4129,0.095726,0.109908,0.102572,1202,0.319719,0.102572,moderate
4130,0.109908,0.126191,0.117769,1202,0.319719,0.117769,moderate
4131,0.126191,0.144887,0.135217,1202,0.319719,0.135217,moderate
4132,0.144887,0.166353,0.155249,1202,0.319719,0.155249,moderate
4133,0.166353,0.190999,0.17825,1202,0.319719,0.17825,moderate
4134,0.190999,0.219296,0.204659,1202,0.319719,0.204659,moderate
4135,0.219296,0.251785,0.23498,1202,0.319719,0.23498,moderate
4136,0.251785,0.289088,0.269793,1202,0.319719,0.269793,moderate
4137,0.289088,0.331917,0.309763,1202,0.319719,0.309763,moderate
4138,0.331917,0.381092,0.355656,1202,0.319719,0.355656,moderate
4139,0.381092,0.437552,0.408348,1202,0.319719,0.408348,moderate
4140,0.437552,0.502377,0.468846,1202,0.319719,0.468846,moderate
4141,0.502377,0.576806,0.538307,1202,0.319719,0.538307,moderate
4142,0.576806,0.662262,0.618059,1202,0.319719,0.618059,moderate
4143,0.662262,0.760379,0.709627,1202,0.319719,0.709627,moderate
4144,0.760379,0.873032,0.814761,1202,0.319719,0.814761,moderate
4145,0.873032,1.00237,0.93547,1202,0.319719,0.93547,moderate
4146,1.00237,1.15088,1.07406,1202,0.319719,1.07406,moderate
4147,1.15088,1.32139,1.23319,1202,0.319719,1.23319,moderate
4148,1.32139,1.51716,1.41589,1202,0.319719,1.41589,moderate
4149,1.51716,1.74193,1.62566,1202,0.319719,1.62566,moderate
4150,1.74193,2,1.86651,1202,0.319719,1.86651,moderate
4151,0.002,0.00229631,0.00214304,1202,0.363355,0.00214304,moderate
4152,0.00229631,0.00263651,0.00246054,1202,0.363355,0.00246054,moderate
4153,0.00263651,0.00302712,0.00282508,1202,0.363355,0.00282508,moderate
4154,0.00302712,0.0034756,0.00324362,1202,0.363355,0.00324362,moderate
4155,0.0034756,0.00399052,0.00372417,1202,0.363355,0.00372417,moderate
4156,0.00399052,0.00458174,0.00427592,1202,0.363355,0.00427592,moderate
4157,0.00458174,0.00526054,0.00490942,1202,0.363355,0.00490942,moderate
4158,0.00526054,0.0060399,0.00563677,1202,0.363355,0.00563677,moderate
4159,0.0060399,0.00693474,0.00647187,1202,0.363355,0.00647187,moderate
4160,0.00693474,0.00796214,0.0074307,1202,0.363355,0.0074307,moderate
4161,0.00796214,0.00914176,0.00853159,1202,0.363355,0.00853159,moderate
4162,0.00914176,0.0104961,0.00979558,1202,0.363355,0.00979558,moderate
4163,0.0104961,0.0120512,0.0112468,1202,0.363355,0.0112468,moderate
4164,0.0120512,0.0138366,0.0129131,1202,0.363355,0.0129131,moderate
4165,0.0138366,0.0158866,0.0148262,1202,0.363355,0.0148262,moderate
4166,0.0158866,0.0182402,0.0170228,1202,0.363355,0.0170228,moderate
4167,0.0182402,0.0209426,0.0195447,1202,0.363355,0.0195447,moderate
4168,0.0209426,0.0240453,0.0224404,1202,0.363355,0.0224404,moderate
4169,0.0240453,0.0276077,0.025765,1202,0.363355,0.025765,moderate
4170,0.0276077,0.0316979,0.0295822,1202,0.363355,0.0295822,moderate
4171,0.0316979,0.036394,0.0339649,1202,0.363355,0.0339649,moderate
4172,0.036394,0.0417859,0.0389969,1202,0.363355,0.0389969,moderate
4173,0.0417859,0.0479767,0.0447744,1202,0.363355,0.0447744,moderate
4174,0.0479767,0.0550846,0.0514079,1202,0.363355,0.0514079,moderate
4175,0.0550846,0.0632456,0.0590242,1202,0.363355,0.0590242,moderate
4176,0.0632456,0.0726156,0.0677688,1202,0.363355,0.0677688,moderate
4177,0.0726156,0.0833739,0.077809,1202,0.363355,0.077809,moderate
4178,0.0833739,0.095726,0.0893367,1202,0.363355,0.0893367,moderate
4179,0.095726,0.109908,0.102572,1202,0.363355,0.102572,moderate
4180,0.109908,0.126191,0.117769,1202,0.363355,0.117769,moderate
4181,0.126191,0.144887,0.135217,1202,0.363355,0.135217,moderate
4182,0.144887,0.166353,0.155249,1202,0.363355,0.155249,moderate
4183,0.166353,0.190999,0.17825,1202,0.363355,0.17825,moderate
4184,0.190999,0.219296,0.204659,1202,0.363355,0.204659,moderate
4185,0.219296,0.251785,0.23498,1202,0.363355,0.23498,moderate
4186,0.251785,0.289088,0.269793,1202,0.363355,0.269793,moderate
4187,0.289088,0.331917,0.309763,1202,0.363355,0.309763,moderate
4188,0.331917,0.381092,0.355656,1202,0.363355,0.355656,moderate
4189,0.381092,0.437552,0.408348,1202,0.363355,0.408348,moderate
4190,0.437552,0.502377,0.468846,1202,0.363355,0.468846,moderate
4191,0.502377,0.576806,0.538307,1202,0.363355,0.538307,moderate
4192,0.576806,0.662262,0.618059,1202,0.363355,0.618059,moderate
4193,0.662262,0.760379,0.709627,1202,0.363355,0.709627,moderate
4194,0.760379,0.873032,0.814761,1202,0.363355,0.814761,moderate
4195,0.873032,1.00237,0.93547,1202,0.363355,0.93547,moderate
4196,1.00237,1.15088,1.07406,1202,0.363355,1.07406,moderate
4197,1.15088,1.32139,1.23319,1202,0.363355,1.23319,moderate
4198,1.32139,1.51716,1.41589,1202,0.363355,1.41589,moderate
4199,1.51716,1.74193,1.62566,1202,0.363355,1.62566,moderate
4200,1.74193,2,1.86651,1202,0.363355,1.86651,moderate
4201,0.002,0.00229631,0.00214304,1202,0.412947,0.00214304,moderate
4202,0.00229631,0.00263651,0.00246054,1202,0.412947,0.00246054,moderate
4203,0.00263651,0.00302712,0.00282508,1202,0.412947,0.00282508,moderate
4204,0.00302712,0.0034756,0.00324362,1202,0.412947,0.00324362,moderate
4205,0.0034756,0.00399052,0.00372417,1202,0.412947,0.00372417,moderate
4206,0.00399052,0.00458174,0.00427592,1202,0.412947,0.00427592,moderate
4207,0.00458174,0.00526054,0.00490942,1202,0.412947,0.00490942,moderate
4208,0.00526054,0.0060399,0.00563677,1202,0.412947,0.00563677,moderate
4209,0.0060399,0.00693474,0.00647187,1202,0.412947,0.00647187,moderate
4210,0.00693474,0.00796214,0.0074307,1202,0.412947,0.0074307,moderate
4211,0.00796214,0.00914176,0.00853159,1202,0.412947,0.00853159,moderate
4212,0.00914176,0.0104961,0.00979558,1202,0.412947,0.00979558,moderate
4213,0.0104961,0.0120512,0.0112468,1202,0.412947,0.0112468,moderate
4214,0.0120512,0.0138366,0.0129131,1202,0.412947,0.0129131,moderate
4215,0.0138366,0.0158866,0.0148262,1202,0.412947,0.0148262,moderate
4216,0.0158866,0.0182402,0.0170228,1202,0.412947,0.0170228,moderate
4217,0.0182402,0.0209426,0.0195447,1202,0.412947,0.0195447,moderate
4218,0.0209426,0.0240453,0.0224404,1202,0.412947,0.0224404,moderate
4219,0.0240453,0.0276077,0.025765,1202,0.412947,0.025765,moderate
4220,0.0276077,0.0316979,0.0295822,1202,0.412947,0.0295822,moderate
4221,0.0316979,0.036394,0.0339649,1202,0.412947,0.0339649,moderate
4222,0.036394,0.0417859,0.0389969,1202,0.412947,0.0389969,moderate
4223,0.0417859,0.0479767,0.0447744,1202,0.412947,0.0447744,moderate
4224,0.0479767,0.0550846,0.0514079,1202,0.412947,0.0514079,moderate
4225,0.0550846,0.0632456,0.0590242,1202,0.412947,0.0590242,moderate
4226,0.0632456,0.0726156,0.0677688,1202,0.412947,0.0677688,moderate
4227,0.0726156,0.0833739,0.077809,1202,0.412947,0.077809,moderate
4228,0.0833739,0.095726,0.0893367,1202,0.412947,0.0893367,moderate
4229,0.095726,0.109908,0.102572,1202,0.412947,0.102572,moderate
4230,0.109908,0.126191,0.117769,1202,0.412947,0.117769,moderate
4231,0.126191,0.144887,0.135217,1202,0.412947,0.135217,moderate
4232,0.144887,0.166353,0.155249,1202,0.412947,0.155249,moderate
4233,0.166353,0.190999,0.17825,1202,0.412947,0.17825,moderate
4234,0.190999,0.219296,0.204659,1202,0.412947,0.204659,moderate
4235,0.219296,0.251785,0.23498,1202,0.412947,0.23498,moderate
4236,0.251785,0.289088,0.269793,1202,0.412947,0.269793,moderate
4237,0.289088,0.331917,0.309763,1202,0.412947,0.309763,moderate
4238,0.331917,0.381092,0.355656,1202,0.412947,0.355656,moderate
4239,0.381092,0.437552,0.408348,1202,0.412947,0.408348,moderate
4240,0.437552,0.502377,0.468846,1202,0.412947,0.468846,moderate
4241,0.502377,0.576806,0.538307,1202,0.412947,0.538307,moderate
4242,0.576806,0.662262,0.618059,1202,0.412947,0.618059,moderate
4243,0.662262,0.760379,0.709627,1202,0.412947,0.709627,moderate
4244,0.760379,0.873032,0.814761,1202,0.412947,0.814761,moderate
4245,0.873032,1.00237,0.93547,1202,0.412947,0.93547,moderate
4246,1.00237,1.15088,1.07406,1202,0.412947,1.07406,moderate
4247,1.15088,1.32139,1.23319,1202,0.412947,1.23319,moderate
4248,1.32139,1.51716,1.41589,1202,0.412947,1.41589,moderate
4249,1.51716,1.74193,1.62566,1202,0.412947,1.62566,moderate
4250,1.74193,2,1.86651,1202,0.412947,1.86651,moderate
4251,0.002,0.00229631,0.00214304,1202,0.469307,0.00214304,moderate
4252,0.00229631,0.00263651,0.00246054,1202,0.469307,0.00246054,moderate
4253,0.00263651,0.00302712,0.00282508,1202,0.469307,0.00282508,moderate
4254,0.00302712,0.0034756,0.00324362,1202,0.469307,0.00324362,moderate
4255,0.0034756,0.00399052,0.00372417,1202,0.469307,0.00372417,moderate
4256,0.00399052,0.00458174,0.00427592,1202,0.469307,0.00427592,moderate
4257,0.00458174,0.00526054,0.00490942,1202,0.469307,0.00490942,moderate
4258,0.00526054,0.0060399,0.00563677,1202,0.469307,0.00563677,moderate
4259,0.0060399,0.00693474,0.00647187,1202,0.469307,0.00647187,moderate
4260,0.00693474,0.00796214,0.0074307,1202,0.469307,0.0074307,moderate
4261,0.00796214,0.00914176,0.00853159,1202,0.469307,0.00853159,moderate
4262,0.00914176,0.0104961,0.00979558,1202,0.469307,0.00979558,moderate
4263,0.0104961,0.0120512,0.0112468,1202,0.469307,0.0112468,moderate
4264,0.0120512,0.0138366,0.0129131,1202,0.469307,0.0129131,moderate
4265,0.0138366,0.0158866,0.0148262,1202,0.469307,0.0148262,moderate
4266,0.0158866,0.0182402,0.0170228,1202,0.469307,0.0170228,moderate
4267,0.0182402,0.0209426,0.0195447,1202,0.469307,0.0195447,moderate
4268,0.0209426,0.0240453,0.0224404,1202,0.469307,0.0224404,moderate
4269,0.0240453,0.0276077,0.025765,1202,0.469307,0.025765,moderate
4270,0.0276077,0.0316979,0.0295822,1202,0.469307,0.0295822,moderate
4271,0.0316979,0.036394,0.0339649,1202,0.469307,0.0339649,moderate
4272,0.036394,0.0417859,0.0389969,1202,0.469307,0.0389969,moderate
4273,0.0417859,0.0479767,0.0447744,1202,0.469307,0.0447744,moderate
4274,0.0479767,0.0550846,0.0514079,1202,0.469307,0.0514079,moderate
4275,0.0550846,0.0632456,0.0590242,1202,0.469307,0.0590242,moderate
4276,0.0632456,0.0726156,0.0677688,1202,0.469307,0.0677688,moderate
4277,0.0726156,0.0833739,0.077809,1202,0.469307,0.077809,moderate
4278,0.0833739,0.095726,0.0893367,1202,0.469307,0.0893367,moderate
4279,0.095726,0.109908,0.102572,1202,0.469307,0.102572,moderate
4280,0.109908,0.126191,0.117769,1202,0.469307,0.117769,moderate
4281,0.126191,0.144887,0.135217,1202,0.469307,0.135217,moderate
4282,0.144887,0.166353,0.155249,1202,0.469307,0.155249,moderate
4283,0.166353,0.190999,0.17825,1202,0.469307,0.17825,moderate
4284,0.190999,0.219296,0.204659,1202,0.469307,0.204659,moderate
4285,0.219296,0.251785,0.23498,1202,0.469307,0.23498,moderate
4286,0.251785,0.289088,0.269793,1202,0.469307,0.269793,moderate
4287,0.289088,0.331917,0.309763,1202,0.469307,0.309763,moderate
4288,0.331917,0.381092,0.355656,1202,0.469307,0.355656,moderate
4289,0.381092,0.437552,0.408348,1202,0.469307,0.408348,moderate
4290,0.437552,0.502377,0.468846,1202,0.469307,0.468846,moderate
4291,0.502377,0.576806,0.538307,1202,0.469307,0.538307,moderate
4292,0.576806,0.662262,0.618059,1202,0.469307,0.618059,moderate
4293,0.662262,0.760379,0.709627,1202,0.469307,0.709627,moderate
4294,0.760379,0.873032,0.814761,1202,0.469307,0.814761,moderate
4295,0.873032,1.00237,0.93547,1202,0.469307,0.93547,moderate
4296,1.00237,1.15088,1.07406,1202,0.469307,1.07406,moderate
4297,1.15088,1.32139,1.23319,1202,0.469307,1.23319,moderate
4298,1.32139,1.51716,1.41589,1202,0.469307,1.41589,moderate
4299,1.51716,1.74193,1.62566,1202,0.469307,1.62566,moderate
4300,1.74193,2,1.86651,1202,0.469307,1.86651,moderate
4301,0.002,0.00229631,0.00214304,1202,0.53336,0.00214304,moderate
4302,0.00229631,0.00263651,0.00246054,1202,0.53336,0.00246054,moderate
4303,0.00263651,0.00302712,0.00282508,1202,0.53336,0.00282508,moderate
4304,0.00302712,0.0034756,0.00324362,1202,0.53336,0.00324362,moderate
4305,0.0034756,0.00399052,0.00372417,1202,0.53336,0.00372417,moderate
4306,0.00399052,0.00458174,0.00427592,1202,0.53336,0.00427592,moderate
4307,0.00458174,0.00526054,0.00490942,1202,0.53336,0.00490942,moderate
4308,0.00526054,0.0060399,0.00563677,1202,0.53336,0.00563677,moderate
4309,0.0060399,0.00693474,0.00647187,1202,0.53336,0.00647187,moderate
4310,0.00693474,0.00796214,0.0074307,1202,0.53336,0.0074307,moderate
4311,0.00796214,0.00914176,0.00853159,1202,0.53336,0.00853159,moderate
4312,0.00914176,0.0104961,0.00979558,1202,0.53336,0.00979558,moderate
4313,0.0104961,0.0120512,0.0112468,1202,0.53336,0.0112468,moderate
4314,0.0120512,0.0138366,0.0129131,1202,0.53336,0.0129131,moderate
4315,0.0138366,0.0158866,0.0148262,1202,0.53336,0.0148262,moderate
4316,0.0158866,0.0182402,0.0170228,1202,0.53336,0.0170228,moderate
4317,0.0182402,0.0209426,0.0195447,1202,0.53336,0.0195447,moderate
4318,0.0209426,0.0240453,0.0224404,1202,0.53336,0.0224404,moderate
4319,0.0240453,0.0276077,0.025765,1202,0.53336,0.025765,moderate
4320,0.0276077,0.0316979,0.0295822,1202,0.53336,0.0295822,moderate
4321,0.0316979,0.036394,0.0339649,1202,0.53336,0.0339649,moderate
4322,0.036394,0.0417859,0.0389969,1202,0.53336,0.0389969,moderate
4323,0.0417859,0.0479767,0.0447744,1202,0.53336,0.0447744,moderate
4324,0.0479767,0.0550846,0.0514079,1202,0.53336,0.0514079,moderate
4325,0.0550846,0.0632456,0.0590242,1202,0.53336,0.0590242,moderate
4326,0.0632456,0.0726156,0.0677688,1202,0.53336,0.0677688,moderate
4327,0.0726156,0.0833739,0.077809,1202,0.53336,0.077809,moderate
4328,0.0833739,0.095726,0.0893367,1202,0.53336,0.0893367,moderate
4329,0.095726,0.109908,0.102572,1202,0.53336,0.102572,moderate
4330,0.109908,0.126191,0.117769,1202,0.53336,0.117769,moderate
4331,0.126191,0.144887,0.135217,1202,0.53336,0.135217,moderate
4332,0.144887,0.166353,0.155249,1202,0.53336,0.155249,moderate
4333,0.166353,0.190999,0.17825,1202,0.53336,0.17825,moderate
4334,0.190999,0.219296,0.204659,1202,0.53336,0.204659,moderate
4335,0.219296,0.251785,0.23498,1202,0.53336,0.23498,moderate
4336,0.251785,0.289088,0.269793,1202,0.53336,0.269793,moderate
4337,0.289088,0.331917,0.309763,1202,0.53336,0.309763,moderate
4338,0.331917,0.381092,0.355656,1202,0.53336,0.355656,moderate
4339,0.381092,0.437552,0.408348,1202,0.53336,0.408348,moderate
4340,0.437552,0.502377,0.468846,1202,0.53336,0.468846,moderate
4341,0.502377,0.576806,0.538307,1202,0.53336,0.538307,moderate
4342,0.576806,0.662262,0.618059,1202,0.53336,0.618059,moderate
4343,0.662262,0.760379,0.709627,1202,0.53336,0.709627,moderate
4344,0.760379,0.873032,0.814761,1202,0.53336,0.814761,moderate
4345,0.873032,1.00237,0.93547,1202,0.53336,0.93547,moderate
4346,1.00237,1.15088,1.07406,1202,0.53336,1.07406,moderate
4347,1.15088,1.32139,1.23319,1202,0.53336,1.23319,moderate
4348,1.32139,1.51716,1.41589,1202,0.53336,1.41589,moderate
4349,1.51716,1.74193,1.62566,1202,0.53336,1.62566,moderate
4350,1.74193,2,1.86651,1202,0.53336,1.86651,moderate
4351,0.002,0.00229631,0.00214304,1202,0.606155,0.00214304,moderate
4352,0.00229631,0.00263651,0.00246054,1202,0.606155,0.00246054,moderate
4353,0.00263651,0.00302712,0.00282508,1202,0.606155,0.00282508,moderate
4354,0.00302712,0.0034756,0.00324362,1202,0.606155,0.00324362,moderate
4355,0.0034756,0.00399052,0.00372417,1202,0.606155,0.00372417,moderate
4356,0.00399052,0.00458174,0.00427592,1202,0.606155,0.00427592,moderate
4357,0.00458174,0.00526054,0.00490942,1202,0.606155,0.00490942,moderate
4358,0.00526054,0.0060399,0.00563677,1202,0.606155,0.00563677,moderate
4359,0.0060399,0.00693474,0.00647187,1202,0.606155,0.00647187,moderate
4360,0.00693474,0.00796214,0.0074307,1202,0.606155,0.0074307,moderate
4361,0.00796214,0.00914176,0.00853159,1202,0.606155,0.00853159,moderate
4362,0.00914176,0.0104961,0.00979558,1202,0.606155,0.00979558,moderate
4363,0.0104961,0.0120512,0.0112468,1202,0.606155,0.0112468,moderate
4364,0.0120512,0.0138366,0.0129131,1202,0.606155,0.0129131,moderate
4365,0.0138366,0.0158866,0.0148262,1202,0.606155,0.0148262,moderate
4366,0.0158866,0.0182402,0.0170228,1202,0.606155,0.0170228,moderate
4367,0.0182402,0.0209426,0.0195447,1202,0.606155,0.0195447,moderate
4368,0.0209426,0.0240453,0.0224404,1202,0.606155,0.0224404,moderate
4369,0.0240453,0.0276077,0.025765,1202,0.606155,0.025765,moderate
4370,0.0276077,0.0316979,0.0295822,1202,0.606155,0.0295822,moderate
4371,0.0316979,0.036394,0.0339649,1202,0.606155,0.0339649,moderate
4372,0.036394,0.0417859,0.0389969,1202,0.606155,0.0389969,moderate
4373,0.0417859,0.0479767,0.0447744,1202,0.606155,0.0447744,moderate
4374,0.0479767,0.0550846,0.0514079,1202,0.606155,0.0514079,moderate
4375,0.0550846,0.0632456,0.0590242,1202,0.606155,0.0590242,moderate
4376,0.0632456,0.0726156,0.0677688,1202,0.606155,0.0677688,moderate
4377,0.0726156,0.0833739,0.077809,1202,0.606155,0.077809,moderate
4378,0.0833739,0.095726,0.0893367,1202,0.606155,0.0893367,moderate
4379,0.095726,0.109908,0.102572,1202,0.606155,0.102572,moderate
4380,0.109908,0.126191,0.117769,1202,0.606155,0.117769,moderate
4381,0.126191,0.144887,0.135217,1202,0.606155,0.135217,moderate
4382,0.144887,0.166353,0.155249,1202,0.606155,0.155249,moderate
4383,0.166353,0.190999,0.17825,1202,0.606155,0.17825,moderate
4384,0.190999,0.219296,0.204659,1202,0.606155,0.204659,moderate
4385,0.219296,0.251785,0.23498,1202,0.606155,0.23498,moderate
4386,0.251785,0.289088,0.269793,1202,0.606155,0.269793,moderate
4387,0.289088,0.331917,0.309763,1202,0.606155,0.309763,moderate
4388,0.331917,0.381092,0.355656,1202,0.606155,0.355656,moderate
4389,0.381092,0.437552,0.408348,1202,0.606155,0.408348,moderate
4390,0.437552,0.502377,0.468846,1202,0.606155,0.468846,moderate
4391,0.502377,0.576806,0.538307,1202,0.606155,0.538307,moderate
4392,0.576806,0.662262,0.618059,1202,0.606155,0.618059,moderate
4393,0.662262,0.760379,0.709627,1202,0.606155,0.709627,moderate
4394,0.760379,0.873032,0.814761,1202,0.606155,0.814761,moderate
4395,0.873032,1.00237,0.93547,1202,0.606155,0.93547,moderate
4396,1.00237,1.15088,1.07406,1202,0.606155,1.07406,moderate
4397,1.15088,1.32139,1.23319,1202,0.606155,1.23319,moderate
4398,1.32139,1.51716,1.41589,1202,0.606155,1.41589,moderate
4399,1.51716,1.74193,1.62566,1202,0.606155,1.62566,moderate
4400,1.74193,2,1.86651,1202,0.606155,1.86651,moderate
4401,0.002,0.00229631,0.00214304,1202,0.688885,0.00214304,moderate
4402,0.00229631,0.00263651,0.00246054,1202,0.688885,0.00246054,moderate
4403,0.00263651,0.00302712,0.00282508,1202,0.688885,0.00282508,moderate
4404,0.00302712,0.0034756,0.00324362,1202,0.688885,0.00324362,moderate
4405,0.0034756,0.00399052,0.00372417,1202,0.688885,0.00372417,moderate
4406,0.00399052,0.00458174,0.00427592,1202,0.688885,0.00427592,moderate
4407,0.00458174,0.00526054,0.00490942,1202,0.688885,0.00490942,moderate
4408,0.00526054,0.0060399,0.00563677,1202,0.688885,0.00563677,moderate
4409,0.0060399,0.00693474,0.00647187,1202,0.688885,0.00647187,moderate
4410,0.00693474,0.00796214,0.0074307,1202,0.688885,0.0074307,moderate
4411,0.00796214,0.00914176,0.00853159,1202,0.688885,0.00853159,moderate
4412,0.00914176,0.0104961,0.00979558,1202,0.688885,0.00979558,moderate
4413,0.0104961,0.0120512,0.0112468,1202,0.688885,0.0112468,moderate
4414,0.0120512,0.0138366,0.0129131,1202,0.688885,0.0129131,moderate
4415,0.0138366,0.0158866,0.0148262,1202,0.688885,0.0148262,moderate
4416,0.0158866,0.0182402,0.0170228,1202,0.688885,0.0170228,moderate
4417,0.0182402,0.0209426,0.0195447,1202,0.688885,0.0195447,moderate
4418,0.0209426,0.0240453,0.0224404,1202,0.688885,0.0224404,moderate
4419,0.0240453,0.0276077,0.025765,1202,0.688885,0.025765,moderate
4420,0.0276077,0.0316979,0.0295822,1202,0.688885,0.0295822,moderate
4421,0.0316979,0.036394,0.0339649,1202,0.688885,0.0339649,moderate
4422,0.036394,0.0417859,0.0389969,1202,0.688885,0.0389969,moderate
4423,0.0417859,0.0479767,0.0447744,1202,0.688885,0.0447744,moderate
4424,0.0479767,0.0550846,0.0514079,1202,0.688885,0.0514079,moderate
4425,0.0550846,0.0632456,0.0590242,1202,0.688885,0.0590242,moderate
4426,0.0632456,0.0726156,0.0677688,1202,0.688885,0.0677688,moderate
4427,0.0726156,0.0833739,0.077809,1202,0.688885,0.077809,moderate
4428,0.0833739,0.095726,0.0893367,1202,0.688885,0.0893367,moderate
4429,0.095726,0.109908,0.102572,1202,0.688885,0.102572,moderate
4430,0.109908,0.126191,0.117769,1202,0.688885,0.117769,moderate
4431,0.126191,0.144887,0.135217,1202,0.688885,0.135217,moderate
4432,0.144887,0.166353,0.155249,1202,0.688885,0.155249,moderate
4433,0.166353,0.190999,0.17825,1202,0.688885,0.17825,moderate
4434,0.190999,0.219296,0.204659,1202,0.688885,0.204659,moderate
4435,0.219296,0.251785,0.23498,1202,0.688885,0.23498,moderate
4436,0.251785,0.289088,0.269793,1202,0.688885,0.269793,moderate
4437,0.289088,0.331917,0.309763,1202,0.688885,0.309763,moderate
4438,0.331917,0.381092,0.355656,1202,0.688885,0.355656,moderate
4439,0.381092,0.437552,0.408348,1202,0.688885,0.408348,moderate
4440,0.437552,0.502377,0.468846,1202,0.688885,0.468846,moderate
4441,0.502377,0.576806,0.538307,1202,0.688885,0.538307,moderate
4442,0.576806,0.662262,0.618059,1202,0.688885,0.618059,moderate
4443,0.662262,0.760379,0.709627,1202,0.688885,0.709627,moderate
4444,0.760379,0.873032,0.814761,1202,0.688885,0.814761,moderate
4445,0.873032,1.00237,0.93547,1202,0.688885,0.93547,moderate
4446,1.00237,1.15088,1.07406,1202,0.688885,1.07406,moderate
4447,1.15088,1.32139,1.23319,1202,0.688885,1.23319,moderate
4448,1.32139,1.51716,1.41589,1202,0.688885,1.41589,moderate
4449,1.51716,1.74193,1.62566,1202,0.688885,1.62566,moderate
4450,1.74193,2,1.86651,1202,0.688885,1.86651,moderate
4451,0.002,0.00229631,0.00214304,1202,0.782906,0.00214304,moderate
4452,0.00229631,0.00263651,0.00246054,1202,0.782906,0.00246054,moderate
4453,0.00263651,0.00302712,0.00282508,1202,0.782906,0.00282508,moderate
4454,0.00302712,0.0034756,0.00324362,1202,0.782906,0.00324362,moderate
4455,0.0034756,0.00399052,0.00372417,1202,0.782906,0.00372417,moderate
4456,0.00399052,0.00458174,0.00427592,1202,0.782906,0.00427592,moderate
4457,0.00458174,0.00526054,0.00490942,1202,0.782906,0.00490942,moderate
4458,0.00526054,0.0060399,0.00563677,1202,0.782906,0.00563677,moderate
4459,0.0060399,0.00693474,0.00647187,1202,0.782906,0.00647187,moderate
4460,0.00693474,0.00796214,0.0074307,1202,0.782906,0.0074307,moderate
4461,0.00796214,0.00914176,0.00853159,1202,0.782906,0.00853159,moderate
4462,0.00914176,0.0104961,0.00979558,1202,0.782906,0.00979558,moderate
4463,0.0104961,0.0120512,0.0112468,1202,0.782906,0.0112468,moderate
4464,0.0120512,0.0138366,0.0129131,1202,0.782906,0.0129131,moderate
4465,0.0138366,0.0158866,0.0148262,1202,0.782906,0.0148262,moderate
4466,0.0158866,0.0182402,0.0170228,1202,0.782906,0.0170228,moderate
4467,0.0182402,0.0209426,0.0195447,1202,0.782906,0.0195447,moderate
4468,0.0209426,0.0240453,0.0224404,1202,0.782906,0.0224404,moderate
4469,0.0240453,0.0276077,0.025765,1202,0.782906,0.025765,moderate
4470,0.0276077,0.0316979,0.0295822,1202,0.782906,0.0295822,moderate
4471,0.0316979,0.036394,0.0339649,1202,0.782906,0.0339649,moderate
4472,0.036394,0.0417859,0.0389969,1202,0.782906,0.0389969,moderate
4473,0.0417859,0.0479767,0.0447744,1202,0.782906,0.0447744,moderate
4474,0.0479767,0.0550846,0.0514079,1202,0.782906,0.0514079,moderate
4475,0.0550846,0.0632456,0.0590242,1202,0.782906,0.0590242,moderate
4476,0.0632456,0.0726156,0.0677688,1202,0.782906,0.0677688,moderate
4477,0.0726156,0.0833739,0.077809,1202,0.782906,0.077809,moderate
4478,0.0833739,0.095726,0.0893367,1202,0.782906,0.0893367,moderate
4479,0.095726,0.109908,0.102572,1202,0.782906,0.102572,moderate
4480,0.109908,0.126191,0.117769,1202,0.782906,0.117769,moderate
4481,0.126191,0.144887,0.135217,1202,0.782906,0.135217,moderate
4482,0.144887,0.166353,0.155249,1202,0.782906,0.155249,moderate
4483,0.166353,0.190999,0.17825,1202,0.782906,0.17825,moderate
4484,0.190999,0.219296,0.204659,1202,0.782906,0.204659,moderate
4485,0.219296,0.251785,0.23498,1202,0.782906,0.23498,moderate
4486,0.251785,0.289088,0.269793,1202,0.782906,0.269793,moderate
4487,0.289088,0.331917,0.309763,1202,0.782906,0.309763,moderate
4488,0.331917,0.381092,0.355656,1202,0.782906,0.355656,moderate
4489,0.381092,0.437552,0.408348,1202,0.782906,0.408348,moderate
4490,0.437552,0.502377,0.468846,1202,0.782906,0.468846,moderate
4491,0.502377,0.576806,0.538307,1202,0.782906,0.538307,moderate
4492,0.576806,0.662262,0.618059,1202,0.782906,0.618059,moderate
4493,0.662262,0.760379,0.709627,1202,0.782906,0.709627,moderate
4494,0.760379,0.873032,0.814761,1202,0.782906,0.814761,moderate
4495,0.873032,1.00237,0.93547,1202,0.782906,0.93547,moderate
4496,1.00237,1.15088,1.07406,1202,0.782906,1.07406,moderate
4497,1.15088,1.32139,1.23319,1202,0.782906,1.23319,moderate
4498,1.32139,1.51716,1.41589,1202,0.782906,1.41589,moderate
4499,1.51716,1.74193,1.62566,1202,0.782906,1.62566,moderate
4500,1.74193,2,1.86651,1202,0.782906,1.86651,moderate
4501,0.002,0.00229631,0.00214304,1202,0.889759,0.00214304,moderate
4502,0.00229631,0.00263651,0.00246054,1202,0.889759,0.00246054,moderate
4503,0.00263651,0.00302712,0.00282508,1202,0.889759,0.00282508,moderate
4504,0.00302712,0.0034756,0.00324362,1202,0.889759,0.00324362,moderate
4505,0.0034756,0.00399052,0.00372417,1202,0.889759,0.00372417,moderate
4506,0.00399052,0.00458174,0.00427592,1202,0.889759,0.00427592,moderate
4507,0.00458174,0.00526054,0.00490942,1202,0.889759,0.00490942,moderate
4508,0.00526054,0.0060399,0.00563677,1202,0.889759,0.00563677,moderate
4509,0.0060399,0.00693474,0.00647187,1202,0.889759,0.00647187,moderate
4510,0.00693474,0.00796214,0.0074307,1202,0.889759,0.0074307,moderate
4511,0.00796214,0.00914176,0.00853159,1202,0.889759,0.00853159,moderate
4512,0.00914176,0.0104961,0.00979558,1202,0.889759,0.00979558,moderate
4513,0.0104961,0.0120512,0.0112468,1202,0.889759,0.0112468,moderate
4514,0.0120512,0.0138366,0.0129131,1202,0.889759,0.0129131,moderate
4515,0.0138366,0.0158866,0.0148262,1202,0.889759,0.0148262,moderate
4516,0.0158866,0.0182402,0.0170228,1202,0.889759,0.0170228,moderate
4517,0.0182402,0.0209426,0.0195447,1202,0.889759,0.0195447,moderate
4518,0.0209426,0.0240453,0.0224404,1202,0.889759,0.0224404,moderate
4519,0.0240453,0.0276077,0.025765,1202,0.889759,0.025765,moderate
4520,0.0276077,0.0316979,0.0295822,1202,0.889759,0.0295822,moderate
4521,0.0316979,0.036394,0.0339649,1202,0.889759,0.0339649,moderate
4522,0.036394,0.0417859,0.0389969,1202,0.889759,0.0389969,moderate
4523,0.0417859,0.0479767,0.0447744,1202,0.889759,0.0447744,moderate
4524,0.0479767,0.0550846,0.0514079,1202,0.889759,0.0514079,moderate
4525,0.0550846,0.0632456,0.0590242,1202,0.889759,0.0590242,moderate
4526,0.0632456,0.0726156,0.0677688,1202,0.889759,0.0677688,moderate
4527,0.0726156,0.0833739,0.077809,1202,0.889759,0.077809,moderate
4528,0.0833739,0.095726,0.0893367,1202,0.889759,0.0893367,moderate
4529,0.095726,0.109908,0.102572,1202,0.889759,0.102572,moderate
4530,0.109908,0.126191,0.117769,1202,0.889759,0.117769,moderate
4531,0.126191,0.144887,0.135217,1202,0.889759,0.135217,moderate
4532,0.144887,0.166353,0.155249,1202,0.889759,0.155249,moderate
4533,0.166353,0.190999,0.17825,1202,0.889759,0.17825,moderate
4534,0.190999,0.219296,0.204659,1202,0.889759,0.204659,moderate
4535,0.219296,0.251785,0.23498,1202,0.889759,0.23498,moderate
4536,0.251785,0.289088,0.269793,1202,0.889759,0.269793,moderate
4537,0.289088,0.331917,0.309763,1202,0.889759,0.309763,moderate
4538,0.331917,0.381092,0.355656,1202,0.889759,0.355656,moderate
4539,0.381092,0.437552,0.408348,1202,0.889759,0.408348,moderate
4540,0.437552,0.502377,0.468846,1202,0.889759,0.468846,moderate
4541,0.502377,0.576806,0.538307,1202,0.889759,0.538307,moderate
4542,0.576806,0.662262,0.618059,1202,0.889759,0.618059,moderate
4543,0.662262,0.760379,0.709627,1202,0.889759,0.709627,moderate
4544,0.760379,0.873032,0.814761,1202,0.889759,0.814761,moderate
4545,0.873032,1.00237,0.93547,1202,0.889759,0.93547,moderate
4546,1.00237,1.15088,1.07406,1202,0.889759,1.07406,moderate
4547,1.15088,1.32139,1.23319,1202,0.889759,1.23319,moderate
4548,1.32139,1.51716,1.41589,1202,0.889759,1.41589,moderate
4549,1.51716,1.74193,1.62566,1202,0.889759,1.62566,moderate
4550,1.74193,2,1.86651,1202,0.889759,1.86651,moderate
4551,0.002,0.00229631,0.00214304,1202,1.0112,0.00214304,moderate
4552,0.00229631,0.00263651,0.00246054,1202,1.0112,0.00246054,moderate
4553,0.00263651,0.00302712,0.00282508,1202,1.0112,0.00282508,moderate
4554,0.00302712,0.0034756,0.00324362,1202,1.0112,0.00324362,moderate
4555,0.0034756,0.00399052,0.00372417,1202,1.0112,0.00372417,moderate
4556,0.00399052,0.00458174,0.00427592,1202,1.0112,0.00427592,moderate
4557,0.00458174,0.00526054,0.00490942,1202,1.0112,0.00490942,moderate
4558,0.00526054,0.0060399,0.00563677,1202,1.0112,0.00563677,moderate
4559,0.0060399,0.00693474,0.00647187,1202,1.0112,0.00647187,moderate
4560,0.00693474,0.00796214,0.0074307,1202,1.0112,0.0074307,moderate
4561,0.00796214,0.00914176,0.00853159,1202,1.0112,0.00853159,moderate
4562,0.00914176,0.0104961,0.00979558,1202,1.0112,0.00979558,moderate
4563,0.0104961,0.0120512,0.0112468,1202,1.0112,0.0112468,moderate
4564,0.0120512,0.0138366,0.0129131,1202,1.0112,0.0129131,moderate
4565,0.0138366,0.0158866,0.0148262,1202,1.0112,0.0148262,moderate
4566,0.0158866,0.0182402,0.0170228,1202,1.0112,0.0170228,moderate
4567,0.0182402,0.0209426,0.0195447,1202,1.0112,0.0195447,moderate
4568,0.0209426,0.0240453,0.0224404,1202,1.0112,0.0224404,moderate
4569,0.0240453,0.0276077,0.025765,1202,1.0112,0.025765,moderate
4570,0.0276077,0.0316979,0.0295822,1202,1.0112,0.0295822,moderate
4571,0.0316979,0.036394,0.0339649,1202,1.0112,0.0339649,moderate
4572,0.036394,0.0417859,0.0389969,1202,1.0112,0.0389969,moderate
4573,0.0417859,0.0479767,0.0447744,1202,1.0112,0.0447744,moderate
4574,0.0479767,0.0550846,0.0514079,1202,1.0112,0.0514079,moderate
4575,0.0550846,0.0632456,0.0590242,1202,1.0112,0.0590242,moderate
4576,0.0632456,0.0726156,0.0677688,1202,1.0112,0.0677688,moderate
4577,0.0726156,0.0833739,0.077809,1202,1.0112,0.077809,moderate
4578,0.0833739,0.095726,0.0893367,1202,1.0112,0.0893367,moderate
4579,0.095726,0.109908,0.102572,1202,1.0112,0.102572,moderate
4580,0.109908,0.126191,0.117769,1202,1.0112,0.117769,moderate
4581,0.126191,0.144887,0.135217,1202,1.0112,0.135217,moderate
4582,0.144887,0.166353,0.155249,1202,1.0112,0.155249,moderate
4583,0.166353,0.190999,0.17825,1202,1.0112,0.17825,moderate
4584,0.190999,0.219296,0.204659,1202,1.0112,0.204659,moderate
4585,0.219296,0.251785,0.23498,1202,1.0112,0.23498,moderate
4586,0.251785,0.289088,0.269793,1202,1.0112,0.269793,moderate
4587,0.289088,0.331917,0.309763,1202,1.0112,0.309763,moderate
4588,0.331917,0.381092,0.355656,1202,1.0112,0.355656,moderate
4589,0.381092,0.437552,0.408348,1202,1.0112,0.408348,moderate
4590,0.437552,0.502377,0.468846,1202,1.0112,0.468846,moderate
4591,0.502377,0.576806,0.538307,1202,1.0112,0.538307,moderate
4592,0.576806,0.662262,0.618059,1202,1.0112,0.618059,moderate
4593,0.662262,0.760379,0.709627,1202,1.0112,0.709627,moderate
4594,0.760379,0.873032,0.814761,1202,1.0112,0.814761,moderate
4595,0.873032,1.00237,0.93547,1202,1.0112,0.93547,moderate
4596,1.00237,1.15088,1.07406,1202,1.0112,1.07406,moderate
4597,1.15088,1.32139,1.23319,1202,1.0112,1.23319,moderate
4598,1.32139,1.51716,1.41589,1202,1.0112,1.41589,moderate
4599,1.51716,1.74193,1.62566,1202,1.0112,1.62566,moderate
4600,1.74193,2,1.86651,1202,1.0112,1.86651,moderate
4601,0.002,0.00229631,0.00214304,1202,1.14921,0.00214304,moderate
4602,0.00229631,0.00263651,0.00246054,1202,1.14921,0.00246054,moderate
4603,0.00263651,0.00302712,0.00282508,1202,1.14921,0.00282508,moderate
4604,0.00302712,0.0034756,0.00324362,1202,1.14921,0.00324362,moderate
4605,0.0034756,0.00399052,0.00372417,1202,1.14921,0.00372417,moderate
4606,0.00399052,0.00458174,0.00427592,1202,1.14921,0.00427592,moderate
4607,0.00458174,0.00526054,0.00490942,1202,1.14921,0.00490942,moderate
4608,0.00526054,0.0060399,0.00563677,1202,1.14921,0.00563677,moderate
4609,0.0060399,0.00693474,0.00647187,1202,1.14921,0.00647187,moderate
4610,0.00693474,0.00796214,0.0074307,1202,1.14921,0.0074307,moderate
4611,0.00796214,0.00914176,0.00853159,1202,1.14921,0.00853159,moderate
4612,0.00914176,0.0104961,0.00979558,1202,1.14921,0.00979558,moderate
4613,0.0104961,0.0120512,0.0112468,1202,1.14921,0.0112468,moderate
4614,0.0120512,0.0138366,0.0129131,1202,1.14921,0.0129131,moderate
4615,0.0138366,0.0158866,0.0148262,1202,1.14921,0.0148262,moderate
4616,0.0158866,0.0182402,0.0170228,1202,1.14921,0.0170228,moderate
4617,0.0182402,0.0209426,0.0195447,1202,1.14921,0.0195447,moderate
4618,0.0209426,0.0240453,0.0224404,1202,1.14921,0.0224404,moderate
4619,0.0240453,0.0276077,0.025765,1202,1.14921,0.025765,moderate
4620,0.0276077,0.0316979,0.0295822,1202,1.14921,0.0295822,moderate
4621,0.0316979,0.036394,0.0339649,1202,1.14921,0.0339649,moderate
4622,0.036394,0.0417859,0.0389969,1202,1.14921,0.0389969,moderate
4623,0.0417859,0.0479767,0.0447744,1202,1.14921,0.0447744,moderate
4624,0.0479767,0.0550846,0.0514079,1202,1.14921,0.0514079,moderate
4625,0.0550846,0.0632456,0.0590242,1202,1.14921,0.0590242,moderate
4626,0.0632456,0.0726156,0.0677688,1202,1.14921,0.0677688,moderate
4627,0.0726156,0.0833739,0.077809,1202,1.14921,0.077809,moderate
4628,0.0833739,0.095726,0.0893367,1202,1.14921,0.0893367,moderate
4629,0.095726,0.109908,0.102572,1202,1.14921,0.102572,moderate
4630,0.109908,0.126191,0.117769,1202,1.14921,0.117769,moderate
4631,0.126191,0.144887,0.135217,1202,1.14921,0.135217,moderate
4632,0.144887,0.166353,0.155249,1202,1.14921,0.155249,moderate
4633,0.166353,0.190999,0.17825,1202,1.14921,0.17825,moderate
4634,0.190999,0.219296,0.204659,1202,1.14921,0.204659,moderate
4635,0.219296,0.251785,0.23498,1202,1.14921,0.23498,moderate
4636,0.251785,0.289088,0.269793,1202,1.14921,0.269793,moderate
4637,0.289088,0.331917,0.309763,1202,1.14921,0.309763,moderate
4638,0.331917,0.381092,0.355656,1202,1.14921,0.355656,moderate
4639,0.381092,0.437552,0.408348,1202,1.14921,0.408348,moderate
4640,0.437552,0.502377,0.468846,1202,1.14921,0.468846,moderate
4641,0.502377,0.576806,0.538307,1202,1.14921,0.538307,moderate
4642,0.576806,0.662262,0.618059,1202,1.14921,0.618059,moderate
4643,0.662262,0.760379,0.709627,1202,1.14921,0.709627,moderate
4644,0.760379,0.873032,0.814761,1202,1.14921,0.814761,moderate
4645,0.873032,1.00237,0.93547,1202,1.14921,0.93547,moderate
4646,1.00237,1.15088,1.07406,1202,1.14921,1.07406,moderate
4647,1.15088,1.32139,1.23319,1202,1.14921,1.23319,moderate
4648,1.32139,1.51716,1.41589,1202,1.14921,1.41589,moderate
4649,1.51716,1.74193,1.62566,1202,1.14921,1.62566,moderate
4650,1.74193,2,1.86651,1202,1.14921,1.86651,moderate
4651,0.002,0.00229631,0.00214304,1202,1.30606,0.00214304,moderate
4652,0.00229631,0.00263651,0.00246054,1202,1.30606,0.00246054,moderate
4653,0.00263651,0.00302712,0.00282508,1202,1.30606,0.00282508,moderate
4654,0.00302712,0.0034756,0.00324362,1202,1.30606,0.00324362,moderate
4655,0.0034756,0.00399052,0.00372417,1202,1.30606,0.00372417,moderate
4656,0.00399052,0.00458174,0.00427592,1202,1.30606,0.00427592,moderate
4657,0.00458174,0.00526054,0.00490942,1202,1.30606,0.00490942,moderate
4658,0.00526054,0.0060399,0.00563677,1202,1.30606,0.00563677,moderate
4659,0.0060399,0.00693474,0.00647187,1202,1.30606,0.00647187,moderate
4660,0.00693474,0.00796214,0.0074307,1202,1.30606,0.0074307,moderate
4661,0.00796214,0.00914176,0.00853159,1202,1.30606,0.00853159,moderate
4662,0.00914176,0.0104961,0.00979558,1202,1.30606,0.00979558,moderate
4663,0.0104961,0.0120512,0.0112468,1202,1.30606,0.0112468,moderate
4664,0.0120512,0.0138366,0.0129131,1202,1.30606,0.0129131,moderate
4665,0.0138366,0.0158866,0.0148262,1202,1.30606,0.0148262,moderate
4666,0.0158866,0.0182402,0.0170228,1202,1.30606,0.0170228,moderate
4667,0.0182402,0.0209426,0.0195447,1202,1.30606,0.0195447,moderate
4668,0.0209426,0.0240453,0.0224404,1202,1.30606,0.0224404,moderate
4669,0.0240453,0.0276077,0.025765,1202,1.30606,0.025765,moderate
4670,0.0276077,0.0316979,0.0295822,1202,1.30606,0.0295822,moderate
4671,0.0316979,0.036394,0.0339649,1202,1.30606,0.0339649,moderate
4672,0.036394,0.0417859,0.0389969,1202,1.30606,0.0389969,moderate
4673,0.0417859,0.0479767,0.0447744,1202,1.30606,0.0447744,moderate
4674,0.0479767,0.0550846,0.0514079,1202,1.30606,0.0514079,moderate
4675,0.0550846,0.0632456,0.0590242,1202,1.30606,0.0590242,moderate
4676,0.0632456,0.0726156,0.0677688,1202,1.30606,0.0677688,moderate
4677,0.0726156,0.0833739,0.077809,1202,1.30606,0.077809,moderate
4678,0.0833739,0.095726,0.0893367,1202,1.30606,0.0893367,moderate
4679,0.095726,0.109908,0.102572,1202,1.30606,0.102572,moderate
4680,0.109908,0.126191,0.117769,1202,1.30606,0.117769,moderate
4681,0.126191,0.144887,0.135217,1202,1.30606,0.135217,moderate
4682,0.144887,0.166353,0.155249,1202,1.30606,0.155249,moderate
4683,0.166353,0.190999,0.17825,1202,1.30606,0.17825,moderate
4684,0.190999,0.219296,0.204659,1202,1.30606,0.204659,moderate
4685,0.219296,0.251785,0.23498,1202,1.30606,0.23498,moderate
4686,0.251785,0.289088,0.269793,1202,1.30606,0.269793,moderate
4687,0.289088,0.331917,0.309763,1202,1.30606,0.309763,moderate
4688,0.331917,0.381092,0.355656,1202,1.30606,0.355656,moderate
4689,0.381092,0.437552,0.408348,1202,1.30606,0.408348,moderate
4690,0.437552,0.502377,0.468846,1202,1.30606,0.468846,moderate
4691,0.502377,0.576806,0.538307,1202,1.30606,0.538307,moderate
4692,0.576806,0.662262,0.618059,1202,1.30606,0.618059,moderate
4693,0.662262,0.760379,0.709627,1202,1.30606,0.709627,moderate
4694,0.760379,0.873032,0.814761,1202,1.30606,0.814761,moderate
4695,0.873032,1.00237,0.93547,1202,1.30606,0.93547,moderate
4696,1.00237,1.15088,1.07406,1202,1.30606,1.07406,moderate
4697,1.15088,1.32139,1.23319,1202,1.30606,1.23319,moderate
4698,1.32139,1.51716,1.41589,1202,1.30606,1.41589,moderate
4699,1.51716,1.74193,1.62566,1202,1.30606,1.62566,moderate
4700,1.74193,2,1.86651,1202,1.30606,1.86651,moderate
4701,0.002,0.00229631,0.00214304,1202,1.48431,0.00214304,moderate
4702,0.00229631,0.00263651,0.00246054,1202,1.48431,0.00246054,moderate
4703,0.00263651,0.00302712,0.00282508,1202,1.48431,0.00282508,moderate
4704,0.00302712,0.0034756,0.00324362,1202,1.48431,0.00324362,moderate
4705,0.0034756,0.00399052,0.00372417,1202,1.48431,0.00372417,moderate
4706,0.00399052,0.00458174,0.00427592,1202,1.48431,0.00427592,moderate
4707,0.00458174,0.00526054,0.00490942,1202,1.48431,0.00490942,moderate
4708,0.00526054,0.0060399,0.00563677,1202,1.48431,0.00563677,moderate
4709,0.0060399,0.00693474,0.00647187,1202,1.48431,0.00647187,moderate
4710,0.00693474,0.00796214,0.0074307,1202,1.48431,0.0074307,moderate
4711,0.00796214,0.00914176,0.00853159,1202,1.48431,0.00853159,moderate
4712,0.00914176,0.0104961,0.00979558,1202,1.48431,0.00979558,moderate
4713,0.0104961,0.0120512,0.0112468,1202,1.48431,0.0112468,moderate
4714,0.0120512,0.0138366,0.0129131,1202,1.48431,0.0129131,moderate
4715,0.0138366,0.0158866,0.0148262,1202,1.48431,0.0148262,moderate
4716,0.0158866,0.0182402,0.0170228,1202,1.48431,0.0170228,moderate
4717,0.0182402,0.0209426,0.0195447,1202,1.48431,0.0195447,moderate
4718,0.0209426,0.0240453,0.0224404,1202,1.48431,0.0224404,moderate
4719,0.0240453,0.0276077,0.025765,1202,1.48431,0.025765,moderate
4720,0.0276077,0.0316979,0.0295822,1202,1.48431,0.0295822,moderate
4721,0.0316979,0.036394,0.0339649,1202,1.48431,0.0339649,moderate
4722,0.036394,0.0417859,0.0389969,1202,1.48431,0.0389969,moderate
4723,0.0417859,0.0479767,0.0447744,1202,1.48431,0.0447744,moderate
4724,0.0479767,0.0550846,0.0514079,1202,1.48431,0.0514079,moderate
4725,0.0550846,0.0632456,0.0590242,1202,1.48431,0.0590242,moderate
4726,0.0632456,0.0726156,0.0677688,1202,1.48431,0.0677688,moderate
4727,0.0726156,0.0833739,0.077809,1202,1.48431,0.077809,moderate
4728,0.0833739,0.095726,0.0893367,1202,1.48431,0.0893367,moderate
4729,0.095726,0.109908,0.102572,1202,1.48431,0.102572,moderate
4730,0.109908,0.126191,0.117769,1202,1.48431,0.117769,moderate
4731,0.126191,0.144887,0.135217,1202,1.48431,0.135217,moderate
4732,0.144887,0.166353,0.155249,1202,1.48431,0.155249,moderate
4733,0.166353,0.190999,0.17825,1202,1.48431,0.17825,moderate
4734,0.190999,0.219296,0.204659,1202,1.48431,0.204659,moderate
4735,0.219296,0.251785,0.23498,1202,1.48431,0.23498,moderate
4736,0.251785,0.289088,0.269793,1202,1.48431,0.269793,moderate
4737,0.289088,0.331917,0.309763,1202,1.48431,0.309763,moderate
4738,0.331917,0.381092,0.355656,1202,1.48431,0.355656,moderate
4739,0.381092,0.437552,0.408348,1202,1.48431,0.408348,moderate
4740,0.437552,0.502377,0.468846,1202,1.48431,0.468846,moderate
4741,0.502377,0.576806,0.538307,1202,1.48431,0.538307,moderate
4742,0.576806,0.662262,0.618059,1202,1.48431,0.618059,moderate
4743,0.662262,0.760379,0.709627,1202,1.48431,0.709627,moderate
4744,0.760379,0.873032,0.814761,1202,1.48431,0.814761,moderate
4745,0.873032,1.00237,0.93547,1202,1.48431,0.93547,moderate
4746,1.00237,1.15088,1.07406,1202,1.48431,1.07406,moderate
4747,1.15088,1.32139,1.23319,1202,1.48431,1.23319,moderate
4748,1.32139,1.51716,1.41589,1202,1.48431,1.41589,moderate
4749,1.51716,1.74193,1.62566,1202,1.48431,1.62566,moderate
4750,1.74193,2,1.86651,1202,1.48431,1.86651,moderate
4751,0.002,0.00229631,0.00214304,1202,1.68689,0.00214304,moderate
4752,0.00229631,0.00263651,0.00246054,1202,1.68689,0.00246054,moderate
4753,0.00263651,0.00302712,0.00282508,1202,1.68689,0.00282508,moderate
4754,0.00302712,0.0034756,0.00324362,1202,1.68689,0.00324362,moderate
4755,0.0034756,0.00399052,0.00372417,1202,1.68689,0.00372417,moderate
4756,0.00399052,0.00458174,0.00427592,1202,1.68689,0.00427592,moderate
4757,0.00458174,0.00526054,0.00490942,1202,1.68689,0.00490942,moderate
4758,0.00526054,0.0060399,0.00563677,1202,1.68689,0.00563677,moderate
4759,0.0060399,0.00693474,0.00647187,1202,1.68689,0.00647187,moderate
4760,0.00693474,0.00796214,0.0074307,1202,1.68689,0.0074307,moderate
4761,0.00796214,0.00914176,0.00853159,1202,1.68689,0.00853159,moderate
4762,0.00914176,0.0104961,0.00979558,1202,1.68689,0.00979558,moderate
4763,0.0104961,0.0120512,0.0112468,1202,1.68689,0.0112468,moderate
4764,0.0120512,0.0138366,0.0129131,1202,1.68689,0.0129131,moderate
4765,0.0138366,0.0158866,0.0148262,1202,1.68689,0.0148262,moderate
4766,0.0158866,0.0182402,0.0170228,1202,1.68689,0.0170228,moderate
4767,0.0182402,0.0209426,0.0195447,1202,1.68689,0.0195447,moderate
4768,0.0209426,0.0240453,0.0224404,1202,1.68689,0.0224404,moderate
4769,0.0240453,0.0276077,0.025765,1202,1.68689,0.025765,moderate
4770,0.0276077,0.0316979,0.0295822,1202,1.68689,0.0295822,moderate
4771,0.0316979,0.036394,0.0339649,1202,1.68689,0.0339649,moderate
4772,0.036394,0.0417859,0.0389969,1202,1.68689,0.0389969,moderate
4773,0.0417859,0.0479767,0.0447744,1202,1.68689,0.0447744,moderate
4774,0.0479767,0.0550846,0.0514079,1202,1.68689,0.0514079,moderate
4775,0.0550846,0.0632456,0.0590242,1202,1.68689,0.0590242,moderate
4776,0.0632456,0.0726156,0.0677688,1202,1.68689,0.0677688,moderate
4777,0.0726156,0.0833739,0.077809,1202,1.68689,0.077809,moderate
4778,0.0833739,0.095726,0.0893367,1202,1.68689,0.0893367,moderate
4779,0.095726,0.109908,0.102572,1202,1.68689,0.102572,moderate
4780,0.109908,0.126191,0.117769,1202,1.68689,0.117769,moderate
4781,0.126191,0.144887,0.135217,1202,1.68689,0.135217,moderate
4782,0.144887,0.166353,0.155249,1202,1.68689,0.155249,moderate
4783,0.166353,0.190999,0.17825,1202,1.68689,0.17825,moderate
4784,0.190999,0.219296,0.204659,1202,1.68689,0.204659,moderate
4785,0.219296,0.251785,0.23498,1202,1.68689,0.23498,moderate
4786,0.251785,0.289088,0.269793,1202,1.68689,0.269793,moderate
4787,0.289088,0.331917,0.309763,1202,1.68689,0.309763,moderate
4788,0.331917,0.381092,0.355656,1202,1.68689,0.355656,moderate
4789,0.381092,0.437552,0.408348,1202,1.68689,0.408348,moderate
4790,0.437552,0.502377,0.468846,1202,1.68689,0.468846,moderate
4791,0.502377,0.576806,0.538307,1202,1.68689,0.538307,moderate
4792,0.576806,0.662262,0.618059,1202,1.68689,0.618059,moderate
4793,0.662262,0.760379,0.709627,1202,1.68689,0.709627,moderate
4794,0.760379,0.873032,0.814761,1202,1.68689,0.814761,moderate
4795,0.873032,1.00237,0.93547,1202,1.68689,0.93547,moderate
4796,1.00237,1.15088,1.07406,1202,1.68689,1.07406,moderate
4797,1.15088,1.32139,1.23319,1202,1.68689,1.23319,moderate
4798,1.32139,1.51716,1.41589,1202,1.68689,1.41589,moderate
4799,1.51716,1.74193,1.62566,1202,1.68689,1.62566,moderate
4800,1.74193,2,1.86651,1202,1.68689,1.86651,moderate
4801,0.002,0.00229631,0.00214304,1202,1.91713,0.00214304,moderate
4802,0.00229631,0.00263651,0.00246054,1202,1.91713,0.00246054,moderate
4803,0.00263651,0.00302712,0.00282508,1202,1.91713,0.00282508,moderate
4804,0.00302712,0.0034756,0.00324362,1202,1.91713,0.00324362,moderate
4805,0.0034756,0.00399052,0.00372417,1202,1.91713,0.00372417,moderate
4806,0.00399052,0.00458174,0.00427592,1202,1.91713,0.00427592,moderate
4807,0.00458174,0.00526054,0.00490942,1202,1.91713,0.00490942,moderate
4808,0.00526054,0.0060399,0.00563677,1202,1.91713,0.00563677,moderate
4809,0.0060399,0.00693474,0.00647187,1202,1.91713,0.00647187,moderate
4810,0.00693474,0.00796214,0.0074307,1202,1.91713,0.0074307,moderate
4811,0.00796214,0.00914176,0.00853159,1202,1.91713,0.00853159,moderate
4812,0.00914176,0.0104961,0.00979558,1202,1.91713,0.00979558,moderate
4813,0.0104961,0.0120512,0.0112468,1202,1.91713,0.0112468,moderate
4814,0.0120512,0.0138366,0.0129131,1202,1.91713,0.0129131,moderate
4815,0.0138366,0.0158866,0.0148262,1202,1.91713,0.0148262,moderate
4816,0.0158866,0.0182402,0.0170228,1202,1.91713,0.0170228,moderate
4817,0.0182402,0.0209426,0.0195447,1202,1.91713,0.0195447,moderate
4818,0.0209426,0.0240453,0.0224404,1202,1.91713,0.0224404,moderate
4819,0.0240453,0.0276077,0.025765,1202,1.91713,0.025765,moderate
4820,0.0276077,0.0316979,0.0295822,1202,1.91713,0.0295822,moderate
4821,0.0316979,0.036394,0.0339649,1202,1.91713,0.0339649,moderate
4822,0.036394,0.0417859,0.0389969,1202,1.91713,0.0389969,moderate
4823,0.0417859,0.0479767,0.0447744,1202,1.91713,0.0447744,moderate
4824,0.0479767,0.0550846,0.0514079,1202,1.91713,0.0514079,moderate
4825,0.0550846,0.0632456,0.0590242,1202,1.91713,0.0590242,moderate
4826,0.0632456,0.0726156,0.0677688,1202,1.91713,0.0677688,moderate
4827,0.0726156,0.0833739,0.077809,1202,1.91713,0.077809,moderate
4828,0.0833739,0.095726,0.0893367,1202,1.91713,0.0893367,moderate
4829,0.095726,0.109908,0.102572,1202,1.91713,0.102572,moderate
4830,0.109908,0.126191,0.117769,1202,1.91713,0.117769,moderate
4831,0.126191,0.144887,0.135217,1202,1.91713,0.135217,moderate
4832,0.144887,0.166353,0.155249,1202,1.91713,0.155249,moderate
4833,0.166353,0.190999,0.17825,1202,1.91713,0.17825,moderate
4834,0.190999,0.219296,0.204659,1202,1.91713,0.204659,moderate
4835,0.219296,0.251785,0.23498,1202,1.91713,0.23498,moderate
4836,0.251785,0.289088,0.269793,1202,1.91713,0.269793,moderate
4837,0.289088,0.331917,0.309763,1202,1.91713,0.309763,moderate
4838,0.331917,0.381092,0.355656,1202,1.91713,0.355656,moderate
4839,0.381092,0.437552,0.408348,1202,1.91713,0.408348,moderate
4840,0.437552,0.502377,0.468846,1202,1.91713,0.468846,moderate
4841,0.502377,0.576806,0.538307,1202,1.91713,0.538307,moderate
4842,0.576806,0.662262,0.618059,1202,1.91713,0.618059,moderate
4843,0.662262,0.760379,0.709627,1202,1.91713,0.709627,moderate
4844,0.760379,0.873032,0.814761,1202,1.91713,0.814761,moderate
4845,0.873032,1.00237,0.93547,1202,1.91713,0.93547,moderate
4846,1.00237,1.15088,1.07406,1202,1.91713,1.07406,moderate
4847,1.15088,1.32139,1.23319,1202,1.91713,1.23319,moderate
4848,1.32139,1.51716,1.41589,1202,1.91713,1.41589,moderate
4849,1.51716,1.74193,1.62566,1202,1.91713,1.62566,moderate
4850,1.74193,2,1.86651,1202,1.91713,1.86651,moderate
4851,0.002,0.00229631,0.00214304,1202,2.17878,0.00214304,moderate
4852,0.00229631,0.00263651,0.00246054,1202,2.17878,0.00246054,moderate
4853,0.00263651,0.00302712,0.00282508,1202,2.17878,0.00282508,moderate
4854,0.00302712,0.0034756,0.00324362,1202,2.17878,0.00324362,moderate
4855,0.0034756,0.00399052,0.00372417,1202,2.17878,0.00372417,moderate
4856,0.00399052,0.00458174,0.00427592,1202,2.17878,0.00427592,moderate
4857,0.00458174,0.00526054,0.00490942,1202,2.17878,0.00490942,moderate
4858,0.00526054,0.0060399,0.00563677,1202,2.17878,0.00563677,moderate
4859,0.0060399,0.00693474,0.00647187,1202,2.17878,0.00647187,moderate
4860,0.00693474,0.00796214,0.0074307,1202,2.17878,0.0074307,moderate
4861,0.00796214,0.00914176,0.00853159,1202,2.17878,0.00853159,moderate
4862,0.00914176,0.0104961,0.00979558,1202,2.17878,0.00979558,moderate
4863,0.0104961,0.0120512,0.0112468,1202,2.17878,0.0112468,moderate
4864,0.0120512,0.0138366,0.0129131,1202,2.17878,0.0129131,moderate
4865,0.0138366,0.0158866,0.0148262,1202,2.17878,0.0148262,moderate
4866,0.0158866,0.0182402,0.0170228,1202,2.17878,0.0170228,moderate
4867,0.0182402,0.0209426,0.0195447,1202,2.17878,0.0195447,moderate
4868,0.0209426,0.0240453,0.0224404,1202,2.17878,0.0224404,moderate
4869,0.0240453,0.0276077,0.025765,1202,2.17878,0.025765,moderate
4870,0.0276077,0.0316979,0.0295822,1202,2.17878,0.0295822,moderate
4871,0.0316979,0.036394,0.0339649,1202,2.17878,0.0339649,moderate
4872,0.036394,0.0417859,0.0389969,1202,2.17878,0.0389969,moderate
4873,0.0417859,0.0479767,0.0447744,1202,2.17878,0.0447744,moderate
4874,0.0479767,0.0550846,0.0514079,1202,2.17878,0.0514079,moderate
4875,0.0550846,0.0632456,0.0590242,1202,2.17878,0.0590242,moderate
4876,0.0632456,0.0726156,0.0677688,1202,2.17878,0.0677688,moderate
4877,0.0726156,0.0833739,0.077809,1202,2.17878,0.077809,moderate
4878,0.0833739,0.095726,0.0893367,1202,2.17878,0.0893367,moderate
4879,0.095726,0.109908,0.102572,1202,2.17878,0.102572,moderate
4880,0.109908,0.126191,0.117769,1202,2.17878,0.117769,moderate
4881,0.126191,0.144887,0.135217,1202,2.17878,0.135217,moderate
4882,0.144887,0.166353,0.155249,1202,2.17878,0.155249,moderate
4883,0.166353,0.190999,0.17825,1202,2.17878,0.17825,moderate
4884,0.190999,0.219296,0.204659,1202,2.17878,0.204659,moderate
4885,0.219296,0.251785,0.23498,1202,2.17878,0.23498,moderate
4886,0.251785,0.289088,0.269793,1202,2.17878,0.269793,moderate
4887,0.289088,0.331917,0.309763,1202,2.17878,0.309763,moderate
4888,0.331917,0.381092,0.355656,1202,2.17878,0.355656,moderate
4889,0.381092,0.437552,0.408348,1202,2.17878,0.408348,moderate
4890,0.437552,0.502377,0.468846,1202,2.17878,0.468846,moderate
4891,0.502377,0.576806,0.538307,1202,2.17878,0.538307,moderate
4892,0.576806,0.662262,0.618059,1202,2.17878,0.618059,moderate
4893,0.662262,0.760379,0.709627,1202,2.17878,0.709627,moderate
4894,0.760379,0.873032,0.814761,1202,2.17878,0.814761,moderate
4895,0.873032,1.00237,0.93547,1202,2.17878,0.93547,moderate
4896,1.00237,1.15088,1.07406,1202,2.17878,1.07406,moderate
4897,1.15088,1.32139,1.23319,1202,2.17878,1.23319,moderate
4898,1.32139,1.51716,1.41589,1202,2.17878,1.41589,moderate
4899,1.51716,1.74193,1.62566,1202,2.17878,1.62566,moderate
4900,1.74193,2,1.86651,1202,2.17878,1.86651,moderate
4901,0.002,0.00229631,0.00214304,1202,2.47615,0.00214304,moderate
4902,0.00229631,0.00263651,0.00246054,1202,2.47615,0.00246054,moderate
4903,0.00263651,0.00302712,0.00282508,1202,2.47615,0.00282508,moderate
4904,0.00302712,0.0034756,0.00324362,1202,2.47615,0.00324362,moderate
4905,0.0034756,0.00399052,0.00372417,1202,2.47615,0.00372417,moderate
4906,0.00399052,0.00458174,0.00427592,1202,2.47615,0.00427592,moderate
4907,0.00458174,0.00526054,0.00490942,1202,2.47615,0.00490942,moderate
4908,0.00526054,0.0060399,0.00563677,1202,2.47615,0.00563677,moderate
4909,0.0060399,0.00693474,0.00647187,1202,2.47615,0.00647187,moderate
4910,0.00693474,0.00796214,0.0074307,1202,2.47615,0.0074307,moderate
4911,0.00796214,0.00914176,0.00853159,1202,2.47615,0.00853159,moderate
4912,0.00914176,0.0104961,0.00979558,1202,2.47615,0.00979558,moderate
4913,0.0104961,0.0120512,0.0112468,1202,2.47615,0.0112468,moderate
4914,0.0120512,0.0138366,0.0129131,1202,2.47615,0.0129131,moderate
4915,0.0138366,0.0158866,0.0148262,1202,2.47615,0.0148262,moderate
4916,0.0158866,0.0182402,0.0170228,1202,2.47615,0.0170228,moderate
4917,0.0182402,0.0209426,0.0195447,1202,2.47615,0.0195447,moderate
4918,0.0209426,0.0240453,0.0224404,1202,2.47615,0.0224404,moderate
4919,0.0240453,0.0276077,0.025765,1202,2.47615,0.025765,moderate
4920,0.0276077,0.0316979,0.0295822,1202,2.47615,0.0295822,moderate
4921,0.0316979,0.036394,0.0339649,1202,2.47615,0.0339649,moderate
4922,0.036394,0.0417859,0.0389969,1202,2.47615,0.0389969,moderate
4923,0.0417859,0.0479767,0.0447744,1202,2.47615,0.0447744,moderate
4924,0.0479767,0.0550846,0.0514079,1202,2.47615,0.0514079,moderate
4925,0.0550846,0.0632456,0.0590242,1202,2.47615,0.0590242,moderate
4926,0.0632456,0.0726156,0.0677688,1202,2.47615,0.0677688,moderate
4927,0.0726156,0.0833739,0.077809,1202,2.47615,0.077809,moderate
4928,0.0833739,0.095726,0.0893367,1202,2.47615,0.0893367,moderate
4929,0.095726,0.109908,0.102572,1202,2.47615,0.102572,moderate
4930,0.109908,0.126191,0.117769,1202,2.47615,0.117769,moderate
4931,0.126191,0.144887,0.135217,1202,2.47615,0.135217,moderate
4932,0.144887,0.166353,0.155249,1202,2.47615,0.155249,moderate
4933,0.166353,0.190999,0.17825,1202,2.47615,0.17825,moderate
4934,0.190999,0.219296,0.204659,1202,2.47615,0.204659,moderate
4935,0.219296,0.251785,0.23498,1202,2.47615,0.23498,moderate
4936,0.251785,0.289088,0.269793,1202,2.47615,0.269793,moderate
4937,0.289088,0.331917,0.309763,1202,2.47615,0.309763,moderate
4938,0.331917,0.381092,0.355656,1202,2.47615,0.355656,moderate
4939,0.381092,0.437552,0.408348,1202,2.47615,0.408348,moderate
4940,0.437552,0.502377,0.468846,1202,2.47615,0.468846,moderate
4941,0.502377,0.576806,0.538307,1202,2.47615,0.538307,moderate
4942,0.576806,0.662262,0.618059,1202,2.47615,0.618059,moderate
4943,0.662262,0.760379,0.709627,1202,2.47615,0.709627,moderate
4944,0.760379,0.873032,0.814761,1202,2.47615,0.814761,moderate
4945,0.873032,1.00237,0.93547,1202,2.47615,0.93547,moderate
4946,1.00237,1.15088,1.07406,1202,2.47615,1.07406,moderate
4947,1.15088,1.32139,1.23319,1202,2.47615,1.23319,moderate
4948,1.32139,1.51716,1.41589,1202,2.47615,1.41589,moderate
4949,1.51716,1.74193,1.62566,1202,2.47615,1.62566,moderate
4950,1.74193,2,1.86651,1202,2.47615,1.86651,moderate
4951,0.002,0.00229631,0.00214304,1202,2.8141,0.00214304,moderate
4952,0.00229631,0.00263651,0.00246054,1202,2.8141,0.00246054,moderate
4953,0.00263651,0.00302712,0.00282508,1202,2.8141,0.00282508,moderate
4954,0.00302712,0.0034756,0.00324362,1202,2.8141,0.00324362,moderate
4955,0.0034756,0.00399052,0.00372417,1202,2.8141,0.00372417,moderate
4956,0.00399052,0.00458174,0.00427592,1202,2.8141,0.00427592,moderate
4957,0.00458174,0.00526054,0.00490942,1202,2.8141,0.00490942,moderate
4958,0.00526054,0.0060399,0.00563677,1202,2.8141,0.00563677,moderate
4959,0.0060399,0.00693474,0.00647187,1202,2.8141,0.00647187,moderate
4960,0.00693474,0.00796214,0.0074307,1202,2.8141,0.0074307,moderate
4961,0.00796214,0.00914176,0.00853159,1202,2.8141,0.00853159,moderate
4962,0.00914176,0.0104961,0.00979558,1202,2.8141,0.00979558,moderate
4963,0.0104961,0.0120512,0.0112468,1202,2.8141,0.0112468,moderate
4964,0.0120512,0.0138366,0.0129131,1202,2.8141,0.0129131,moderate
4965,0.0138366,0.0158866,0.0148262,1202,2.8141,0.0148262,moderate
4966,0.0158866,0.0182402,0.0170228,1202,2.8141,0.0170228,moderate
4967,0.0182402,0.0209426,0.0195447,1202,2.8141,0.0195447,moderate
4968,0.0209426,0.0240453,0.0224404,1202,2.8141,0.0224404,moderate
4969,0.0240453,0.0276077,0.025765,1202,2.8141,0.025765,moderate
4970,0.0276077,0.0316979,0.0295822,1202,2.8141,0.0295822,moderate
4971,0.0316979,0.036394,0.0339649,1202,2.8141,0.0339649,moderate
4972,0.036394,0.0417859,0.0389969,1202,2.8141,0.0389969,moderate
4973,0.0417859,0.0479767,0.0447744,1202,2.8141,0.0447744,moderate
4974,0.0479767,0.0550846,0.0514079,1202,2.8141,0.0514079,moderate
4975,0.0550846,0.0632456,0.0590242,1202,2.8141,0.0590242,moderate
4976,0.0632456,0.0726156,0.0677688,1202,2.8141,0.0677688,moderate
4977,0.0726156,0.0833739,0.077809,1202,2.8141,0.077809,moderate
4978,0.0833739,0.095726,0.0893367,1202,2.8141,0.0893367,moderate
4979,0.095726,0.109908,0.102572,1202,2.8141,0.102572,moderate
4980,0.109908,0.126191,0.117769,1202,2.8141,0.117769,moderate
4981,0.126191,0.144887,0.135217,1202,2.8141,0.135217,moderate
4982,0.144887,0.166353,0.155249,1202,2.8141,0.155249,moderate
4983,0.166353,0.190999,0.17825,1202,2.8141,0.17825,moderate
4984,0.190999,0.219296,0.204659,1202,2.8141,0.204659,moderate
4985,0.219296,0.251785,0.23498,1202,2.8141,0.23498,moderate
4986,0.251785,0.289088,0.269793,1202,2.8141,0.269793,moderate
4987,0.289088,0.331917,0.309763,1202,2.8141,0.309763,moderate
4988,0.331917,0.381092,0.355656,1202,2.8141,0.355656,moderate
4989,0.381092,0.437552,0.408348,1202,2.8141,0.408348,moderate
4990,0.437552,0.502377,0.468846,1202,2.8141,0.468846,moderate
4991,0.502377,0.576806,0.538307,1202,2.8141,0.538307,moderate
4992,0.576806,0.662262,0.618059,1202,2.8141,0.618059,moderate
4993,0.662262,0.760379,0.709627,1202,2.8141,0.709627,moderate
4994,0.760379,0.873032,0.814761,1202,2.8141,0.814761,moderate
4995,0.873032,1.00237,0.93547,1202,2.8141,0.93547,moderate
4996,1.00237,1.15088,1.07406,1202,2.8141,1.07406,moderate
4997,1.15088,1.32139,1.23319,1202,2.8141,1.23319,moderate
4998,1.32139,1.51716,1.41589,1202,2.8141,1.41589,moderate
4999,1.51716,1.74193,1.62566,1202,2.8141,1.62566,moderate
5000,1.74193,2,1.86651,1202,2.8141,1.86651,moderate
5001,0.002,0.00229631,0.00214304,1202,0.0053303,0.00214304,long
5002,0.00229631,0.00263651,0.00246054,1202,0.0053303,0.00246054,long
5003,0.00263651,0.00302712,0.00282508,1202,0.0053303,0.00282508,long
5004,0.00302712,0.0034756,0.00324362,1202,0.0053303,0.00324362,long
5005,0.0034756,0.00399052,0.00372417,1202,0.0053303,0.00372417,long
5006,0.00399052,0.00458174,0.00427592,1202,0.0053303,0.00427592,long
5007,0.00458174,0.00526054,0.00490942,1202,0.0053303,0.00490942,long
5008,0.00526054,0.0060399,0.00563677,1202,0.0053303,0.00563677,long
5009,0.0060399,0.00693474,0.00647187,1202,0.0053303,0.00647187,long
5010,0.00693474,0.00796214,0.0074307,1202,0.0053303,0.0074307,long
5011,0.00796214,0.00914176,0.00853159,1202,0.0053303,0.00853159,long
5012,0.00914176,0.0104961,0.00979558,1202,0.0053303,0.00979558,long
5013,0.0104961,0.0120512,0.0112468,1202,0.0053303,0.0112468,long
5014,0.0120512,0.0138366,0.0129131,1202,0.0053303,0.0129131,long
5015,0.0138366,0.0158866,0.0148262,1202,0.0053303,0.0148262,long
5016,0.0158866,0.0182402,0.0170228,1202,0.0053303,0.0170228,long
5017,0.0182402,0.0209426,0.0195447,1202,0.0053303,0.0195447,long
5018,0.0209426,0.0240453,0.0224404,1202,0.0053303,0.0224404,long
5019,0.0240453,0.0276077,0.025765,1202,0.0053303,0.025765,long
5020,0.0276077,0.0316979,0.0295822,1202,0.0053303,0.0295822,long
5021,0.0316979,0.036394,0.0339649,1202,0.0053303,0.0339649,long
5022,0.036394,0.0417859,0.0389969,1202,0.0053303,0.0389969,long
5023,0.0417859,0.0479767,0.0447744,1202,0.0053303,0.0447744,long
5024,0.0479767,0.0550846,0.0514079,1202,0.0053303,0.0514079,long
5025,0.0550846,0.0632456,0.0590242,1202,0.0053303,0.0590242,long
5026,0.0632456,0.0726156,0.0677688,1202,0.0053303,0.0677688,long
5027,0.0726156,0.0833739,0.077809,1202,0.0053303,0.077809,long
5028,0.0833739,0.095726,0.0893367,1202,0.0053303,0.0893367,long
5029,0.095726,0.109908,0.102572,1202,0.0053303,0.102572,long
5030,0.109908,0.126191,0.117769,1202,0.0053303,0.117769,long
5031,0.126191,0.144887,0.135217,1202,0.0053303,0.135217,long
5032,0.144887,0.166353,0.155249,1202,0.0053303,0.155249,long
5033,0.166353,0.190999,0.17825,1202,0.0053303,0.17825,long
5034,0.190999,0.219296,0.204659,1202,0.0053303,0.204659,long
5035,0.219296,0.251785,0.23498,1202,0.0053303,0.23498,long
5036,0.251785,0.289088,0.269793,1202,0.0053303,0.269793,long
5037,0.289088,0.331917,0.309763,1202,0.0053303,0.309763,long
5038,0.331917,0.381092,0.355656,1202,0.0053303,0.355656,long
5039,0.381092,0.437552,0.408348,1202,0.0053303,0.408348,long
5040,0.437552,0.502377,0.468846,1202,0.0053303,0.468846,long
5041,0.502377,0.576806,0.538307,1202,0.0053303,0.538307,long
5042,0.576806,0.662262,0.618059,1202,0.0053303,0.618059,long
5043,0.662262,0.760379,0.709627,1202,0.0053303,0.709627,long
5044,0.760379,0.873032,0.814761,1202,0.0053303,0.814761,long
5045,0.873032,1.00237,0.93547,1202,0.0053303,0.93547,long
5046,1.00237,1.15088,1.07406,1202,0.0053303,1.07406,long
5047,1.15088,1.32139,1.23319,1202,0.0053303,1.23319,long
5048,1.32139,1.51716,1.41589,1202,0.0053303,1.41589,long
5049,1.51716,1.74193,1.62566,1202,0.0053303,1.62566,long
5050,1.74193,2,1.86651,1202,0.0053303,1.86651,long
5051,0.002,0.00229631,0.00214304,1202,0.00605779,0.00214304,long
5052,0.00229631,0.00263651,0.00246054,1202,0.00605779,0.00246054,long
5053,0.00263651,0.00302712,0.00282508,1202,0.00605779,0.00282508,long
5054,0.00302712,0.0034756,0.00324362,1202,0.00605779,0.00324362,long
5055,0.0034756,0.00399052,0.00372417,1202,0.00605779,0.00372417,long
5056,0.00399052,0.00458174,0.00427592,1202,0.00605779,0.00427592,long
5057,0.00458174,0.00526054,0.00490942,1202,0.00605779,0.00490942,long
5058,0.00526054,0.0060399,0.00563677,1202,0.00605779,0.00563677,long
5059,0.0060399,0.00693474,0.00647187,1202,0.00605779,0.00647187,long
5060,0.00693474,0.00796214,0.0074307,1202,0.00605779,0.0074307,long
5061,0.00796214,0.00914176,0.00853159,1202,0.00605779,0.00853159,long
5062,0.00914176,0.0104961,0.00979558,1202,0.00605779,0.00979558,long
5063,0.0104961,0.0120512,0.0112468,1202,0.00605779,0.0112468,long
5064,0.0120512,0.0138366,0.0129131,1202,0.00605779,0.0129131,long
5065,0.0138366,0.0158866,0.0148262,1202,0.00605779,0.0148262,long
5066,0.0158866,0.0182402,0.0170228,1202,0.00605779,0.0170228,long
5067,0.0182402,0.0209426,0.0195447,1202,0.00605779,0.0195447,long
5068,0.0209426,0.0240453,0.0224404,1202,0.00605779,0.0224404,long
5069,0.0240453,0.0276077,0.025765,1202,0.00605779,0.025765,long
5070,0.0276077,0.0316979,0.0295822,1202,0.00605779,0.0295822,long
5071,0.0316979,0.036394,0.0339649,1202,0.00605779,0.0339649,long
5072,0.036394,0.0417859,0.0389969,1202,0.00605779,0.0389969,long
5073,0.0417859,0.0479767,0.0447744,1202,0.00605779,0.0447744,long
5074,0.0479767,0.0550846,0.0514079,1202,0.00605779,0.0514079,long
5075,0.0550846,0.0632456,0.0590242,1202,0.00605779,0.0590242,long
5076,0.0632456,0.0726156,0.0677688,1202,0.00605779,0.0677688,long
5077,0.0726156,0.0833739,0.077809,1202,0.00605779,0.077809,long
5078,0.0833739,0.095726,0.0893367,1202,0.00605779,0.0893367,long
5079,0.095726,0.109908,0.102572,1202,0.00605779,0.102572,long
5080,0.109908,0.126191,0.117769,1202,0.00605779,0.117769,long
5081,0.126191,0.144887,0.135217,1202,0.00605779,0.135217,long
5082,0.144887,0.166353,0.155249,1202,0.00605779,0.155249,long
5083,0.166353,0.190999,0.17825,1202,0.00605779,0.17825,long
5084,0.190999,0.219296,0.204659,1202,0.00605779,0.204659,long
5085,0.219296,0.251785,0.23498,1202,0.00605779,0.23498,long
5086,0.251785,0.289088,0.269793,1202,0.00605779,0.269793,long
5087,0.289088,0.331917,0.309763,1202,0.00605779,0.309763,long
5088,0.331917,0.381092,0.355656,1202,0.00605779,0.355656,long
5089,0.381092,0.437552,0.408348,1202,0.00605779,0.408348,long
5090,0.437552,0.502377,0.468846,1202,0.00605779,0.468846,long
5091,0.502377,0.576806,0.538307,1202,0.00605779,0.538307,long
5092,0.576806,0.662262,0.618059,1202,0.00605779,0.618059,long
5093,0.662262,0.760379,0.709627,1202,0.00605779,0.709627,long
5094,0.760379,0.873032,0.814761,1202,0.00605779,0.814761,long
5095,0.873032,1.00237,0.93547,1202,0.00605779,0.93547,long
5096,1.00237,1.15088,1.07406,1202,0.00605779,1.07406,long
5097,1.15088,1.32139,1.23319,1202,0.00605779,1.23319,long
5098,1.32139,1.51716,1.41589,1202,0.00605779,1.41589,long
5099,1.51716,1.74193,1.62566,1202,0.00605779,1.62566,long
5100,1.74193,2,1.86651,1202,0.00605779,1.86651,long
5101,0.002,0.00229631,0.00214304,1202,0.00688458,0.00214304,long
5102,0.00229631,0.00263651,0.00246054,1202,0.00688458,0.00246054,long
5103,0.00263651,0.00302712,0.00282508,1202,0.00688458,0.00282508,long
5104,0.00302712,0.0034756,0.00324362,1202,0.00688458,0.00324362,long
5105,0.0034756,0.00399052,0.00372417,1202,0.00688458,0.00372417,long
5106,0.00399052,0.00458174,0.00427592,1202,0.00688458,0.00427592,long
5107,0.00458174,0.00526054,0.00490942,1202,0.00688458,0.00490942,long
5108,0.00526054,0.0060399,0.00563677,1202,0.00688458,0.00563677,long
5109,0.0060399,0.00693474,0.00647187,1202,0.00688458,0.00647187,long
5110,0.00693474,0.00796214,0.0074307,1202,0.00688458,0.0074307,long
5111,0.00796214,0.00914176,0.00853159,1202,0.00688458,0.00853159,long
5112,0.00914176,0.0104961,0.00979558,1202,0.00688458,0.00979558,long
5113,0.0104961,0.0120512,0.0112468,1202,0.00688458,0.0112468,long
5114,0.0120512,0.0138366,0.0129131,1202,0.00688458,0.0129131,long
5115,0.0138366,0.0158866,0.0148262,1202,0.00688458,0.0148262,long
5116,0.0158866,0.0182402,0.0170228,1202,0.00688458,0.0170228,long
5117,0.0182402,0.0209426,0.0195447,1202,0.00688458,0.0195447,long
5118,0.0209426,0.0240453,0.0224404,1202,0.00688458,0.0224404,long
5119,0.0240453,0.0276077,0.025765,1202,0.00688458,0.025765,long
5120,0.0276077,0.0316979,0.0295822,1202,0.00688458,0.0295822,long
5121,0.0316979,0.036394,0.0339649,1202,0.00688458,0.0339649,long
5122,0.036394,0.0417859,0.0389969,1202,0.00688458,0.0389969,long
5123,0.0417859,0.0479767,0.0447744,1202,0.00688458,0.0447744,long
5124,0.0479767,0.0550846,0.0514079,1202,0.00688458,0.0514079,long
5125,0.0550846,0.0632456,0.0590242,1202,0.00688458,0.0590242,long
5126,0.0632456,0.0726156,0.0677688,1202,0.00688458,0.0677688,long
5127,0.0726156,0.0833739,0.077809,1202,0.00688458,0.077809,long
5128,0.0833739,0.095726,0.0893367,1202,0.00688458,0.0893367,long
5129,0.095726,0.109908,0.102572,1202,0.00688458,0.102572,long
5130,0.109908,0.126191,0.117769,1202,0.00688458,0.117769,long
5131,0.126191,0.144887,0.135217,1202,0.00688458,0.135217,long
5132,0.144887,0.166353,0.155249,1202,0.00688458,0.155249,long
5133,0.166353,0.190999,0.17825,1202,0.00688458,0.17825,long
5134,0.190999,0.219296,0.204659,1202,0.00688458,0.204659,long
5135,0.219296,0.251785,0.23498,1202,0.00688458,0.23498,long
5136,0.251785,0.289088,0.269793,1202,0.00688458,0.269793,long
5137,0.289088,0.331917,0.309763,1202,0.00688458,0.309763,long
5138,0.331917,0.381092,0.355656,1202,0.00688458,0.355656,long
5139,0.381092,0.437552,0.408348,1202,0.00688458,0.408348,long
5140,0.437552,0.502377,0.468846,1202,0.00688458,0.468846,long
5141,0.502377,0.576806,0.538307,1202,0.00688458,0.538307,long
5142,0.576806,0.662262,0.618059,1202,0.00688458,0.618059,long
5143,0.662262,0.760379,0.709627,1202,0.00688458,0.709627,long
5144,0.760379,0.873032,0.814761,1202,0.00688458,0.814761,long
5145,0.873032,1.00237,0.93547,1202,0.00688458,0.93547,long
5146,1.00237,1.15088,1.07406,1202,0.00688458,1.07406,long
5147,1.15088,1.32139,1.23319,1202,0.00688458,1.23319,long
5148,1.32139,1.51716,1.41589,1202,0.00688458,1.41589,long
5149,1.51716,1.74193,1.62566,1202,0.00688458,1.62566,long
5150,1.74193,2,1.86651,1202,0.00688458,1.86651,long
5151,0.002,0.00229631,0.00214304,1202,0.00782421,0.00214304,long
5152,0.00229631,0.00263651,0.00246054,1202,0.00782421,0.00246054,long
5153,0.00263651,0.00302712,0.00282508,1202,0.00782421,0.00282508,long
5154,0.00302712,0.0034756,0.00324362,1202,0.00782421,0.00324362,long
5155,0.0034756,0.00399052,0.00372417,1202,0.00782421,0.00372417,long
5156,0.00399052,0.00458174,0.00427592,1202,0.00782421,0.00427592,long
5157,0.00458174,0.00526054,0.00490942,1202,0.00782421,0.00490942,long
5158,0.00526054,0.0060399,0.00563677,1202,0.00782421,0.00563677,long
5159,0.0060399,0.00693474,0.00647187,1202,0.00782421,0.00647187,long
5160,0.00693474,0.00796214,0.0074307,1202,0.00782421,0.0074307,long
5161,0.00796214,0.00914176,0.00853159,1202,0.00782421,0.00853159,long
5162,0.00914176,0.0104961,0.00979558,1202,0.00782421,0.00979558,long
5163,0.0104961,0.0120512,0.0112468,1202,0.00782421,0.0112468,long
5164,0.0120512,0.0138366,0.0129131,1202,0.00782421,0.0129131,long
5165,0.0138366,0.0158866,0.0148262,1202,0.00782421,0.0148262,long
5166,0.0158866,0.0182402,0.0170228,1202,0.00782421,0.0170228,long
5167,0.0182402,0.0209426,0.0195447,1202,0.00782421,0.0195447,long
5168,0.0209426,0.0240453,0.0224404,1202,0.00782421,0.0224404,long
5169,0.0240453,0.0276077,0.025765,1202,0.00782421,0.025765,long
5170,0.0276077,0.0316979,0.0295822,1202,0.00782421,0.0295822,long
5171,0.0316979,0.036394,0.0339649,1202,0.00782421,0.0339649,long
5172,0.036394,0.0417859,0.0389969,1202,0.00782421,0.0389969,long
5173,0.0417859,0.0479767,0.0447744,1202,0.00782421,0.0447744,long
5174,0.0479767,0.0550846,0.0514079,1202,0.00782421,0.0514079,long
5175,0.0550846,0.0632456,0.0590242,1202,0.00782421,0.0590242,long
5176,0.0632456,0.0726156,0.0677688,1202,0.00782421,0.0677688,long
5177,0.0726156,0.0833739,0.077809,1202,0.00782421,0.077809,long
5178,0.0833739,0.095726,0.0893367,1202,0.00782421,0.0893367,long
5179,0.095726,0.109908,0.102572,1202,0.00782421,0.102572,long
5180,0.109908,0.126191,0.117769,1202,0.00782421,0.117769,long
5181,0.126191,0.144887,0.135217,1202,0.00782421,0.135217,long
5182,0.144887,0.166353,0.155249,1202,0.00782421,0.155249,long
5183,0.166353,0.190999,0.17825,1202,0.00782421,0.17825,long
5184,0.190999,0.219296,0.204659,1202,0.00782421,0.204659,long
5185,0.219296,0.251785,0.23498,1202,0.00782421,0.23498,long
5186,0.251785,0.289088,0.269793,1202,0.00782421,0.269793,long
5187,0.289088,0.331917,0.309763,1202,0.00782421,0.309763,long
5188,0.331917,0.381092,0.355656,1202,0.00782421,0.355656,long
5189,0.381092,0.437552,0.408348,1202,0.00782421,0.408348,long
5190,0.437552,0.502377,0.468846,1202,0.00782421,0.468846,long
5191,0.502377,0.576806,0.538307,1202,0.00782421,0.538307,long
5192,0.576806,0.662262,0.618059,1202,0.00782421,0.618059,long
5193,0.662262,0.760379,0.709627,1202,0.00782421,0.709627,long
5194,0.760379,0.873032,0.814761,1202,0.00782421,0.814761,long
5195,0.873032,1.00237,0.93547,1202,0.00782421,0.93547,long
5196,1.00237,1.15088,1.07406,1202,0.00782421,1.07406,long
5197,1.15088,1.32139,1.23319,1202,0.00782421,1.23319,long
5198,1.32139,1.51716,1.41589,1202,0.00782421,1.41589,long
5199,1.51716,1.74193,1.62566,1202,0.00782421,1.62566,long
5200,1.74193,2,1.86651,1202,0.00782421,1.86651,long
5201,0.002,0.00229631,0.00214304,1202,0.00889209,0.00214304,long
5202,0.00229631,0.00263651,0.00246054,1202,0.00889209,0.00246054,long
5203,0.00263651,0.00302712,0.00282508,1202,0.00889209,0.00282508,long
5204,0.00302712,0.0034756,0.00324362,1202,0.00889209,0.00324362,long
5205,0.0034756,0.00399052,0.00372417,1202,0.00889209,0.00372417,long
5206,0.00399052,0.00458174,0.00427592,1202,0.00889209,0.00427592,long
5207,0.00458174,0.00526054,0.00490942,1202,0.00889209,0.00490942,long
5208,0.00526054,0.0060399,0.00563677,1202,0.00889209,0.00563677,long
5209,0.0060399,0.00693474,0.00647187,1202,0.00889209,0.00647187,long
5210,0.00693474,0.00796214,0.0074307,1202,0.00889209,0.0074307,long
5211,0.00796214,0.00914176,0.00853159,1202,0.00889209,0.00853159,long
5212,0.00914176,0.0104961,0.00979558,1202,0.00889209,0.00979558,long
5213,0.0104961,0.0120512,0.0112468,1202,0.00889209,0.0112468,long
5214,0.0120512,0.0138366,0.0129131,1202,0.00889209,0.0129131,long
5215,0.0138366,0.0158866,0.0148262,1202,0.00889209,0.0148262,long
5216,0.0158866,0.0182402,0.0170228,1202,0.00889209,0.0170228,long
5217,0.0182402,0.0209426,0.0195447,1202,0.00889209,0.0195447,long
5218,0.0209426,0.0240453,0.0224404,1202,0.00889209,0.0224404,long
5219,0.0240453,0.0276077,0.025765,1202,0.00889209,0.025765,long
5220,0.0276077,0.0316979,0.0295822,1202,0.00889209,0.0295822,long
5221,0.0316979,0.036394,0.0339649,1202,0.00889209,0.0339649,long
5222,0.036394,0.0417859,0.0389969,1202,0.00889209,0.0389969,long
5223,0.0417859,0.0479767,0.0447744,1202,0.00889209,0.0447744,long
5224,0.0479767,0.0550846,0.0514079,1202,0.00889209,0.0514079,long
5225,0.0550846,0.0632456,0.0590242,1202,0.00889209,0.0590242,long
5226,0.0632456,0.0726156,0.0677688,1202,0.00889209,0.0677688,long
5227,0.0726156,0.0833739,0.077809,1202,0.00889209,0.077809,long
5228,0.0833739,0.095726,0.0893367,1202,0.00889209,0.0893367,long
5229,0.095726,0.109908,0.102572,1202,0.00889209,0.102572,long
5230,0.109908,0.126191,0.117769,1202,0.00889209,0.117769,long
5231,0.126191,0.144887,0.135217,1202,0.00889209,0.135217,long
5232,0.144887,0.166353,0.155249,1202,0.00889209,0.155249,long
5233,0.166353,0.190999,0.17825,1202,0.00889209,0.17825,long
5234,0.190999,0.219296,0.204659,1202,0.00889209,0.204659,long
5235,0.219296,0.251785,0.23498,1202,0.00889209,0.23498,long
5236,0.251785,0.289088,0.269793,1202,0.00889209,0.269793,long
5237,0.289088,0.331917,0.309763,1202,0.00889209,0.309763,long
5238,0.331917,0.381092,0.355656,1202,0.00889209,0.355656,long
5239,0.381092,0.437552,0.408348,1202,0.00889209,0.408348,long
5240,0.437552,0.502377,0.468846,1202,0.00889209,0.468846,long
5241,0.502377,0.576806,0.538307,1202,0.00889209,0.538307,long
5242,0.576806,0.662262,0.618059,1202,0.00889209,0.618059,long
5243,0.662262,0.760379,0.709627,1202,0.00889209,0.709627,long
5244,0.760379,0.873032,0.814761,1202,0.00889209,0.814761,long
5245,0.873032,1.00237,0.93547,1202,0.00889209,0.93547,long
5246,1.00237,1.15088,1.07406,1202,0.00889209,1.07406,long
5247,1.15088,1.32139,1.23319,1202,0.00889209,1.23319,long
5248,1.32139,1.51716,1.41589,1202,0.00889209,1.41589,long
5249,1.51716,1.74193,1.62566,1202,0.00889209,1.62566,long
5250,1.74193,2,1.86651,1202,0.00889209,1.86651,long
5251,0.002,0.00229631,0.00214304,1202,0.0101057,0.00214304,long
5252,0.00229631,0.00263651,0.00246054,1202,0.0101057,0.00246054,long
5253,0.00263651,0.00302712,0.00282508,1202,0.0101057,0.00282508,long
5254,0.00302712,0.0034756,0.00324362,1202,0.0101057,0.00324362,long
5255,0.0034756,0.00399052,0.00372417,1202,0.0101057,0.00372417,long
5256,0.00399052,0.00458174,0.00427592,1202,0.0101057,0.00427592,long
5257,0.00458174,0.00526054,0.00490942,1202,0.0101057,0.00490942,long
5258,0.00526054,0.0060399,0.00563677,1202,0.0101057,0.00563677,long
5259,0.0060399,0.00693474,0.00647187,1202,0.0101057,0.00647187,long
5260,0.00693474,0.00796214,0.0074307,1202,0.0101057,0.0074307,long
5261,0.00796214,0.00914176,0.00853159,1202,0.0101057,0.00853159,long
5262,0.00914176,0.0104961,0.00979558,1202,0.0101057,0.00979558,long
5263,0.0104961,0.0120512,0.0112468,1202,0.0101057,0.0112468,long
5264,0.0120512,0.0138366,0.0129131,1202,0.0101057,0.0129131,long
5265,0.0138366,0.0158866,0.0148262,1202,0.0101057,0.0148262,long
5266,0.0158866,0.0182402,0.0170228,1202,0.0101057,0.0170228,long
5267,0.0182402,0.0209426,0.0195447,1202,0.0101057,0.0195447,long
5268,0.0209426,0.0240453,0.0224404,1202,0.0101057,0.0224404,long
5269,0.0240453,0.0276077,0.025765,1202,0.0101057,0.025765,long
5270,0.0276077,0.0316979,0.0295822,1202,0.0101057,0.0295822,long
5271,0.0316979,0.036394,0.0339649,1202,0.0101057,0.0339649,long
5272,0.036394,0.0417859,0.0389969,1202,0.0101057,0.0389969,long
5273,0.0417859,0.0479767,0.0447744,1202,0.0101057,0.0447744,long
5274,0.0479767,0.0550846,0.0514079,1202,0.0101057,0.0514079,long
5275,0.0550846,0.0632456,0.0590242,1202,0.0101057,0.0590242,long
5276,0.0632456,0.0726156,0.0677688,1202,0.0101057,0.0677688,long
5277,0.0726156,0.0833739,0.077809,1202,0.0101057,0.077809,long
5278,0.0833739,0.095726,0.0893367,1202,0.0101057,0.0893367,long
5279,0.095726,0.109908,0.102572,1202,0.0101057,0.102572,long
5280,0.109908,0.126191,0.117769,1202,0.0101057,0.117769,long
5281,0.126191,0.144887,0.135217,1202,0.0101057,0.135217,long
5282,0.144887,0.166353,0.155249,1202,0.0101057,0.155249,long
5283,0.166353,0.190999,0.17825,1202,0.0101057,0.17825,long
5284,0.190999,0.219296,0.204659,1202,0.0101057,0.204659,long
5285,0.219296,0.251785,0.23498,1202,0.0101057,0.23498,long
5286,0.251785,0.289088,0.269793,1202,0.0101057,0.269793,long
5287,0.289088,0.331917,0.309763,1202,0.0101057,0.309763,long
5288,0.331917,0.381092,0.355656,1202,0.0101057,0.355656,long
5289,0.381092,0.437552,0.408348,1202,0.0101057,0.408348,long
5290,0.437552,0.502377,0.468846,1202,0.0101057,0.468846,long
5291,0.502377,0.576806,0.538307,1202,0.0101057,0.538307,long
5292,0.576806,0.662262,0.618059,1202,0.0101057,0.618059,long
5293,0.662262,0.760379,0.709627,1202,0.0101057,0.709627,long
5294,0.760379,0.873032,0.814761,1202,0.0101057,0.814761,long
5295,0.873032,1.00237,0.93547,1202,0.0101057,0.93547,long
5296,1.00237,1.15088,1.07406,1202,0.0101057,1.07406,long
5297,1.15088,1.32139,1.23319,1202,0.0101057,1.23319,long
5298,1.32139,1.51716,1.41589,1202,0.0101057,1.41589,long
5299,1.51716,1.74193,1.62566,1202,0.0101057,1.62566,long
5300,1.74193,2,1.86651,1202,0.0101057,1.86651,long
5301,0.002,0.00229631,0.00214304,1202,0.011485,0.00214304,long
5302,0.00229631,0.00263651,0.00246054,1202,0.011485,0.00246054,long
5303,0.00263651,0.00302712,0.00282508,1202,0.011485,0.00282508,long
5304,0.00302712,0.0034756,0.00324362,1202,0.011485,0.00324362,long
5305,0.0034756,0.00399052,0.00372417,1202,0.011485,0.00372417,long
5306,0.00399052,0.00458174,0.00427592,1202,0.011485,0.00427592,long
5307,0.00458174,0.00526054,0.00490942,1202,0.011485,0.00490942,long
5308,0.00526054,0.0060399,0.00563677,1202,0.011485,0.00563677,long
5309,0.0060399,0.00693474,0.00647187,1202,0.011485,0.00647187,long
5310,0.00693474,0.00796214,0.0074307,1202,0.011485,0.0074307,long
5311,0.00796214,0.00914176,0.00853159,1202,0.011485,0.00853159,long
5312,0.00914176,0.0104961,0.00979558,1202,0.011485,0.00979558,long
5313,0.0104961,0.0120512,0.0112468,1202,0.011485,0.0112468,long
5314,0.0120512,0.0138366,0.0129131,1202,0.011485,0.0129131,long
5315,0.0138366,0.0158866,0.0148262,1202,0.011485,0.0148262,long
5316,0.0158866,0.0182402,0.0170228,1202,0.011485,0.0170228,long
5317,0.0182402,0.0209426,0.0195447,1202,0.011485,0.0195447,long
5318,0.0209426,0.0240453,0.0224404,1202,0.011485,0.0224404,long
5319,0.0240453,0.0276077,0.025765,1202,0.011485,0.025765,long
5320,0.0276077,0.0316979,0.0295822,1202,0.011485,0.0295822,long
5321,0.0316979,0.036394,0.0339649,1202,0.011485,0.0339649,long
5322,0.036394,0.0417859,0.0389969,1202,0.011485,0.0389969,long
5323,0.0417859,0.0479767,0.0447744,1202,0.011485,0.0447744,long
5324,0.0479767,0.0550846,0.0514079,1202,0.011485,0.0514079,long
5325,0.0550846,0.0632456,0.0590242,1202,0.011485,0.0590242,long
5326,0.0632456,0.0726156,0.0677688,1202,0.011485,0.0677688,long
5327,0.0726156,0.0833739,0.077809,1202,0.011485,0.077809,long
5328,0.0833739,0.095726,0.0893367,1202,0.011485,0.0893367,long
5329,0.095726,0.109908,0.102572,1202,0.011485,0.102572,long
5330,0.109908,0.126191,0.117769,1202,0.011485,0.117769,long
5331,0.126191,0.144887,0.135217,1202,0.011485,0.135217,long
5332,0.144887,0.166353,0.155249,1202,0.011485,0.155249,long
5333,0.166353,0.190999,0.17825,1202,0.011485,0.17825,long
5334,0.190999,0.219296,0.204659,1202,0.011485,0.204659,long
5335,0.219296,0.251785,0.23498,1202,0.011485,0.23498,long
5336,0.251785,0.289088,0.269793,1202,0.011485,0.269793,long
5337,0.289088,0.331917,0.309763,1202,0.011485,0.309763,long
5338,0.331917,0.381092,0.355656,1202,0.011485,0.355656,long
5339,0.381092,0.437552,0.408348,1202,0.011485,0.408348,long
5340,0.437552,0.502377,0.468846,1202,0.011485,0.468846,long
5341,0.502377,0.576806,0.538307,1202,0.011485,0.538307,long
5342,0.576806,0.662262,0.618059,1202,0.011485,0.618059,long
5343,0.662262,0.760379,0.709627,1202,0.011485,0.709627,long
5344,0.760379,0.873032,0.814761,1202,0.011485,0.814761,long
5345,0.873032,1.00237,0.93547,1202,0.011485,0.93547,long
5346,1.00237,1.15088,1.07406,1202,0.011485,1.07406,long
5347,1.15088,1.32139,1.23319,1202,0.011485,1.23319,long
5348,1.32139,1.51716,1.41589,1202,0.011485,1.41589,long
5349,1.51716,1.74193,1.62566,1202,0.011485,1.62566,long
5350,1.74193,2,1.86651,1202,0.011485,1.86651,long
5351,0.002,0.00229631,0.00214304,1202,0.0130525,0.00214304,long
5352,0.00229631,0.00263651,0.00246054,1202,0.0130525,0.00246054,long
5353,0.00263651,0.00302712,0.00282508,1202,0.0130525,0.00282508,long
5354,0.00302712,0.0034756,0.00324362,1202,0.0130525,0.00324362,long
5355,0.0034756,0.00399052,0.00372417,1202,0.0130525,0.00372417,long
5356,0.00399052,0.00458174,0.00427592,1202,0.0130525,0.00427592,long
5357,0.00458174,0.00526054,0.00490942,1202,0.0130525,0.00490942,long
5358,0.00526054,0.0060399,0.00563677,1202,0.0130525,0.00563677,long
5359,0.0060399,0.00693474,0.00647187,1202,0.0130525,0.00647187,long
5360,0.00693474,0.00796214,0.0074307,1202,0.0130525,0.0074307,long
5361,0.00796214,0.00914176,0.00853159,1202,0.0130525,0.00853159,long
5362,0.00914176,0.0104961,0.00979558,1202,0.0130525,0.00979558,long
5363,0.0104961,0.0120512,0.0112468,1202,0.0130525,0.0112468,long
5364,0.0120512,0.0138366,0.0129131,1202,0.0130525,0.0129131,long
5365,0.0138366,0.0158866,0.0148262,1202,0.0130525,0.0148262,long
5366,0.0158866,0.0182402,0.0170228,1202,0.0130525,0.0170228,long
5367,0.0182402,0.0209426,0.0195447,1202,0.0130525,0.0195447,long
5368,0.0209426,0.0240453,0.0224404,1202,0.0130525,0.0224404,long
5369,0.0240453,0.0276077,0.025765,1202,0.0130525,0.025765,long
5370,0.0276077,0.0316979,0.0295822,1202,0.0130525,0.0295822,long
5371,0.0316979,0.036394,0.0339649,1202,0.0130525,0.0339649,long
5372,0.036394,0.0417859,0.0389969,1202,0.0130525,0.0389969,long
5373,0.0417859,0.0479767,0.0447744,1202,0.0130525,0.0447744,long
5374,0.0479767,0.0550846,0.0514079,1202,0.0130525,0.0514079,long
5375,0.0550846,0.0632456,0.0590242,1202,0.0130525,0.0590242,long
5376,0.0632456,0.0726156,0.0677688,1202,0.0130525,0.0677688,long
5377,0.0726156,0.0833739,0.077809,1202,0.0130525,0.077809,long
5378,0.0833739,0.095726,0.0893367,1202,0.0130525,0.0893367,long
5379,0.095726,0.109908,0.102572,1202,0.0130525,0.102572,long
5380,0.109908,0.126191,0.117769,1202,0.0130525,0.117769,long
5381,0.126191,0.144887,0.135217,1202,0.0130525,0.135217,long
5382,0.144887,0.166353,0.155249,1202,0.0130525,0.155249,long
5383,0.166353,0.190999,0.17825,1202,0.0130525,0.17825,long
5384,0.190999,0.219296,0.204659,1202,0.0130525,0.204659,long
5385,0.219296,0.251785,0.23498,1202,0.0130525,0.23498,long
5386,0.251785,0.289088,0.269793,1202,0.0130525,0.269793,long
5387,0.289088,0.331917,0.309763,1202,0.0130525,0.309763,long
5388,0.331917,0.381092,0.355656,1202,0.0130525,0.355656,long
5389,0.381092,0.437552,0.408348,1202,0.0130525,0.408348,long
5390,0.437552,0.502377,0.468846,1202,0.0130525,0.468846,long
5391,0.502377,0.576806,0.538307,1202,0.0130525,0.538307,long
5392,0.576806,0.662262,0.618059,1202,0.0130525,0.618059,long
5393,0.662262,0.760379,0.709627,1202,0.0130525,0.709627,long
5394,0.760379,0.873032,0.814761,1202,0.0130525,0.814761,long
5395,0.873032,1.00237,0.93547,1202,0.0130525,0.93547,long
5396,1.00237,1.15088,1.07406,1202,0.0130525,1.07406,long
5397,1.15088,1.32139,1.23319,1202,0.0130525,1.23319,long
5398,1.32139,1.51716,1.41589,1202,0.0130525,1.41589,long
5399,1.51716,1.74193,1.62566,1202,0.0130525,1.62566,long
5400,1.74193,2,1.86651,1202,0.0130525,1.86651,long
5401,0.002,0.00229631,0.00214304,1202,0.0148339,0.00214304,long
5402,0.00229631,0.00263651,0.00246054,1202,0.0148339,0.00246054,long
5403,0.00263651,0.00302712,0.00282508,1202,0.0148339,0.00282508,long
5404,0.00302712,0.0034756,0.00324362,1202,0.0148339,0.00324362,long
5405,0.0034756,0.00399052,0.00372417,1202,0.0148339,0.00372417,long
5406,0.00399052,0.00458174,0.00427592,1202,0.0148339,0.00427592,long
5407,0.00458174,0.00526054,0.00490942,1202,0.0148339,0.00490942,long
5408,0.00526054,0.0060399,0.00563677,1202,0.0148339,0.00563677,long
5409,0.0060399,0.00693474,0.00647187,1202,0.0148339,0.00647187,long
5410,0.00693474,0.00796214,0.0074307,1202,0.0148339,0.0074307,long
5411,0.00796214,0.00914176,0.00853159,1202,0.0148339,0.00853159,long
5412,0.00914176,0.0104961,0.00979558,1202,0.0148339,0.00979558,long
5413,0.0104961,0.0120512,0.0112468,1202,0.0148339,0.0112468,long
5414,0.0120512,0.0138366,0.0129131,1202,0.0148339,0.0129131,long
5415,0.0138366,0.0158866,0.0148262,1202,0.0148339,0.0148262,long
5416,0.0158866,0.0182402,0.0170228,1202,0.0148339,0.0170228,long
5417,0.0182402,0.0209426,0.0195447,1202,0.0148339,0.0195447,long
5418,0.0209426,0.0240453,0.0224404,1202,0.0148339,0.0224404,long
5419,0.0240453,0.0276077,0.025765,1202,0.0148339,0.025765,long
5420,0.0276077,0.0316979,0.0295822,1202,0.0148339,0.0295822,long
5421,0.0316979,0.036394,0.0339649,1202,0.0148339,0.0339649,long
5422,0.036394,0.0417859,0.0389969,1202,0.0148339,0.0389969,long
5423,0.0417859,0.0479767,0.0447744,1202,0.0148339,0.0447744,long
5424,0.0479767,0.0550846,0.0514079,1202,0.0148339,0.0514079,long
5425,0.0550846,0.0632456,0.0590242,1202,0.0148339,0.0590242,long
5426,0.0632456,0.0726156,0.0677688,1202,0.0148339,0.0677688,long
5427,0.0726156,0.0833739,0.077809,1202,0.0148339,0.077809,long
5428,0.0833739,0.095726,0.0893367,1202,0.0148339,0.0893367,long
5429,0.095726,0.109908,0.102572,1202,0.0148339,0.102572,long
5430,0.109908,0.126191,0.117769,1202,0.0148339,0.117769,long
5431,0.126191,0.144887,0.135217,1202,0.0148339,0.135217,long
5432,0.144887,0.166353,0.155249,1202,0.0148339,0.155249,long
5433,0.166353,0.190999,0.17825,1202,0.0148339,0.17825,long
5434,0.190999,0.219296,0.204659,1202,0.0148339,0.204659,long
5435,0.219296,0.251785,0.23498,1202,0.0148339,0.23498,long
5436,0.251785,0.289088,0.269793,1202,0.0148339,0.269793,long
5437,0.289088,0.331917,0.309763,1202,0.0148339,0.309763,long
5438,0.331917,0.381092,0.355656,1202,0.0148339,0.355656,long
5439,0.381092,0.437552,0.408348,1202,0.0148339,0.408348,long
5440,0.437552,0.502377,0.468846,1202,0.0148339,0.468846,long
5441,0.502377,0.576806,0.538307,1202,0.0148339,0.538307,long
5442,0.576806,0.662262,0.618059,1202,0.0148339,0.618059,long
5443,0.662262,0.760379,0.709627,1202,0.0148339,0.709627,long
5444,0.760379,0.873032,0.814761,1202,0.0148339,0.814761,long
5445,0.873032,1.00237,0.93547,1202,0.0148339,0.93547,long
5446,1.00237,1.15088,1.07406,1202,0.0148339,1.07406,long
5447,1.15088,1.32139,1.23319,1202,0.0148339,1.23319,long
5448,1.32139,1.51716,1.41589,1202,0.0148339,1.41589,long
5449,1.51716,1.74193,1.62566,1202,0.0148339,1.62566,long
5450,1.74193,2,1.86651,1202,0.0148339,1.86651,long
5451,0.002,0.00229631,0.00214304,1202,0.0168585,0.00214304,long
5452,0.00229631,0.00263651,0.00246054,1202,0.0168585,0.00246054,long
5453,0.00263651,0.00302712,0.00282508,1202,0.0168585,0.00282508,long
5454,0.00302712,0.0034756,0.00324362,1202,0.0168585,0.00324362,long
5455,0.0034756,0.00399052,0.00372417,1202,0.0168585,0.00372417,long
5456,0.00399052,0.00458174,0.00427592,1202,0.0168585,0.00427592,long
5457,0.00458174,0.00526054,0.00490942,1202,0.0168585,0.00490942,long
5458,0.00526054,0.0060399,0.00563677,1202,0.0168585,0.00563677,long
5459,0.0060399,0.00693474,0.00647187,1202,0.0168585,0.00647187,long
5460,0.00693474,0.00796214,0.0074307,1202,0.0168585,0.0074307,long
5461,0.00796214,0.00914176,0.00853159,1202,0.0168585,0.00853159,long
5462,0.00914176,0.0104961,0.00979558,1202,0.0168585,0.00979558,long
5463,0.0104961,0.0120512,0.0112468,1202,0.0168585,0.0112468,long
5464,0.0120512,0.0138366,0.0129131,1202,0.0168585,0.0129131,long
5465,0.0138366,0.0158866,0.0148262,1202,0.0168585,0.0148262,long
5466,0.0158866,0.0182402,0.0170228,1202,0.0168585,0.0170228,long
5467,0.0182402,0.0209426,0.0195447,1202,0.0168585,0.0195447,long
5468,0.0209426,0.0240453,0.0224404,1202,0.0168585,0.0224404,long
5469,0.0240453,0.0276077,0.025765,1202,0.0168585,0.025765,long
5470,0.0276077,0.0316979,0.0295822,1202,0.0168585,0.0295822,long
5471,0.0316979,0.036394,0.0339649,1202,0.0168585,0.0339649,long
5472,0.036394,0.0417859,0.0389969,1202,0.0168585,0.0389969,long
5473,0.0417859,0.0479767,0.0447744,1202,0.0168585,0.0447744,long
5474,0.0479767,0.0550846,0.0514079,1202,0.0168585,0.0514079,long
5475,0.0550846,0.0632456,0.0590242,1202,0.0168585,0.0590242,long
5476,0.0632456,0.0726156,0.0677688,1202,0.0168585,0.0677688,long
5477,0.0726156,0.0833739,0.077809,1202,0.0168585,0.077809,long
5478,0.0833739,0.095726,0.0893367,1202,0.0168585,0.0893367,long
5479,0.095726,0.109908,0.102572,1202,0.0168585,0.102572,long
5480,0.109908,0.126191,0.117769,1202,0.0168585,0.117769,long
5481,0.126191,0.144887,0.135217,1202,0.0168585,0.135217,long
5482,0.144887,0.166353,0.155249,1202,0.0168585,0.155249,long
5483,0.166353,0.190999,0.17825,1202,0.0168585,0.17825,long
5484,0.190999,0.219296,0.204659,1202,0.0168585,0.204659,long
5485,0.219296,0.251785,0.23498,1202,0.0168585,0.23498,long
5486,0.251785,0.289088,0.269793,1202,0.0168585,0.269793,long
5487,0.289088,0.331917,0.309763,1202,0.0168585,0.309763,long
5488,0.331917,0.381092,0.355656,1202,0.0168585,0.355656,long
5489,0.381092,0.437552,0.408348,1202,0.0168585,0.408348,long
5490,0.437552,0.502377,0.468846,1202,0.0168585,0.468846,long
5491,0.502377,0.576806,0.538307,1202,0.0168585,0.538307,long
5492,0.576806,0.662262,0.618059,1202,0.0168585,0.618059,long
5493,0.662262,0.760379,0.709627,1202,0.0168585,0.709627,long
5494,0.760379,0.873032,0.814761,1202,0.0168585,0.814761,long
5495,0.873032,1.00237,0.93547,1202,0.0168585,0.93547,long
5496,1.00237,1.15088,1.07406,1202,0.0168585,1.07406,long
5497,1.15088,1.32139,1.23319,1202,0.0168585,1.23319,long
5498,1.32139,1.51716,1.41589,1202,0.0168585,1.41589,long
5499,1.51716,1.74193,1.62566,1202,0.0168585,1.62566,long
5500,1.74193,2,1.86651,1202,0.0168585,1.86651,long
5501,0.002,0.00229631,0.00214304,1202,0.0191594,0.00214304,long
5502,0.00229631,0.00263651,0.00246054,1202,0.0191594,0.00246054,long
5503,0.00263651,0.00302712,0.00282508,1202,0.0191594,0.00282508,long
5504,0.00302712,0.0034756,0.00324362,1202,0.0191594,0.00324362,long
5505,0.0034756,0.00399052,0.00372417,1202,0.0191594,0.00372417,long
5506,0.00399052,0.00458174,0.00427592,1202,0.0191594,0.00427592,long
5507,0.00458174,0.00526054,0.00490942,1202,0.0191594,0.00490942,long
5508,0.00526054,0.0060399,0.00563677,1202,0.0191594,0.00563677,long
5509,0.0060399,0.00693474,0.00647187,1202,0.0191594,0.00647187,long
5510,0.00693474,0.00796214,0.0074307,1202,0.0191594,0.0074307,long
5511,0.00796214,0.00914176,0.00853159,1202,0.0191594,0.00853159,long
5512,0.00914176,0.0104961,0.00979558,1202,0.0191594,0.00979558,long
5513,0.0104961,0.0120512,0.0112468,1202,0.0191594,0.0112468,long
5514,0.0120512,0.0138366,0.0129131,1202,0.0191594,0.0129131,long
5515,0.0138366,0.0158866,0.0148262,1202,0.0191594,0.0148262,long
5516,0.0158866,0.0182402,0.0170228,1202,0.0191594,0.0170228,long
5517,0.0182402,0.0209426,0.0195447,1202,0.0191594,0.0195447,long
5518,0.0209426,0.0240453,0.0224404,1202,0.0191594,0.0224404,long
5519,0.0240453,0.0276077,0.025765,1202,0.0191594,0.025765,long
5520,0.0276077,0.0316979,0.0295822,1202,0.0191594,0.0295822,long
5521,0.0316979,0.036394,0.0339649,1202,0.0191594,0.0339649,long
5522,0.036394,0.0417859,0.0389969,1202,0.0191594,0.0389969,long
5523,0.0417859,0.0479767,0.0447744,1202,0.0191594,0.0447744,long
5524,0.0479767,0.0550846,0.0514079,1202,0.0191594,0.0514079,long
5525,0.0550846,0.0632456,0.0590242,1202,0.0191594,0.0590242,long
5526,0.0632456,0.0726156,0.0677688,1202,0.0191594,0.0677688,long
5527,0.0726156,0.0833739,0.077809,1202,0.0191594,0.077809,long
5528,0.0833739,0.095726,0.0893367,1202,0.0191594,0.0893367,long
5529,0.095726,0.109908,0.102572,1202,0.0191594,0.102572,long
5530,0.109908,0.126191,0.117769,1202,0.0191594,0.117769,long
5531,0.126191,0.144887,0.135217,1202,0.0191594,0.135217,long
5532,0.144887,0.166353,0.155249,1202,0.0191594,0.155249,long
5533,0.166353,0.190999,0.17825,1202,0.0191594,0.17825,long
5534,0.190999,0.219296,0.204659,1202,0.0191594,0.204659,long
5535,0.219296,0.251785,0.23498,1202,0.0191594,0.23498,long
5536,0.251785,0.289088,0.269793,1202,0.0191594,0.269793,long
5537,0.289088,0.331917,0.309763,1202,0.0191594,0.309763,long
5538,0.331917,0.381092,0.355656,1202,0.0191594,0.355656,long
5539,0.381092,0.437552,0.408348,1202,0.0191594,0.408348,long
5540,0.437552,0.502377,0.468846,1202,0.0191594,0.468846,long
5541,0.502377,0.576806,0.538307,1202,0.0191594,0.538307,long
5542,0.576806,0.662262,0.618059,1202,0.0191594,0.618059,long
5543,0.662262,0.760379,0.709627,1202,0.0191594,0.709627,long
5544,0.760379,0.873032,0.814761,1202,0.0191594,0.814761,long
5545,0.873032,1.00237,0.93547,1202,0.0191594,0.93547,long
5546,1.00237,1.15088,1.07406,1202,0.0191594,1.07406,long
5547,1.15088,1.32139,1.23319,1202,0.0191594,1.23319,long
5548,1.32139,1.51716,1.41589,1202,0.0191594,1.41589,long
5549,1.51716,1.74193,1.62566,1202,0.0191594,1.62566,long
5550,1.74193,2,1.86651,1202,0.0191594,1.86651,long
5551,0.002,0.00229631,0.00214304,1202,0.0217743,0.00214304,long
5552,0.00229631,0.00263651,0.00246054,1202,0.0217743,0.00246054,long
5553,0.00263651,0.00302712,0.00282508,1202,0.0217743,0.00282508,long
5554,0.00302712,0.0034756,0.00324362,1202,0.0217743,0.00324362,long
5555,0.0034756,0.00399052,0.00372417,1202,0.0217743,0.00372417,long
5556,0.00399052,0.00458174,0.00427592,1202,0.0217743,0.00427592,long
5557,0.00458174,0.00526054,0.00490942,1202,0.0217743,0.00490942,long
5558,0.00526054,0.0060399,0.00563677,1202,0.0217743,0.00563677,long
5559,0.0060399,0.00693474,0.00647187,1202,0.0217743,0.00647187,long
5560,0.00693474,0.00796214,0.0074307,1202,0.0217743,0.0074307,long
5561,0.00796214,0.00914176,0.00853159,1202,0.0217743,0.00853159,long
5562,0.00914176,0.0104961,0.00979558,1202,0.0217743,0.00979558,long
5563,0.0104961,0.0120512,0.0112468,1202,0.0217743,0.0112468,long
5564,0.0120512,0.0138366,0.0129131,1202,0.0217743,0.0129131,long
5565,0.0138366,0.0158866,0.0148262,1202,0.0217743,0.0148262,long
5566,0.0158866,0.0182402,0.0170228,1202,0.0217743,0.0170228,long
5567,0.0182402,0.0209426,0.0195447,1202,0.0217743,0.0195447,long
5568,0.0209426,0.0240453,0.0224404,1202,0.0217743,0.0224404,long
5569,0.0240453,0.0276077,0.025765,1202,0.0217743,0.025765,long
5570,0.0276077,0.0316979,0.0295822,1202,0.0217743,0.0295822,long
5571,0.0316979,0.036394,0.0339649,1202,0.0217743,0.0339649,long
5572,0.036394,0.0417859,0.0389969,1202,0.0217743,0.0389969,long
5573,0.0417859,0.0479767,0.0447744,1202,0.0217743,0.0447744,long
5574,0.0479767,0.0550846,0.0514079,1202,0.0217743,0.0514079,long
5575,0.0550846,0.0632456,0.0590242,1202,0.0217743,0.0590242,long
5576,0.0632456,0.0726156,0.0677688,1202,0.0217743,0.0677688,long
5577,0.0726156,0.0833739,0.077809,1202,0.0217743,0.077809,long
5578,0.0833739,0.095726,0.0893367,1202,0.0217743,0.0893367,long
5579,0.095726,0.109908,0.102572,1202,0.0217743,0.102572,long
5580,0.109908,0.126191,0.117769,1202,0.0217743,0.117769,long
5581,0.126191,0.144887,0.135217,1202,0.0217743,0.135217,long
5582,0.144887,0.166353,0.155249,1202,0.0217743,0.155249,long
5583,0.166353,0.190999,0.17825,1202,0.0217743,0.17825,long
5584,0.190999,0.219296,0.204659,1202,0.0217743,0.204659,long
5585,0.219296,0.251785,0.23498,1202,0.0217743,0.23498,long
5586,0.251785,0.289088,0.269793,1202,0.0217743,0.269793,long
5587,0.289088,0.331917,0.309763,1202,0.0217743,0.309763,long
5588,0.331917,0.381092,0.355656,1202,0.0217743,0.355656,long
5589,0.381092,0.437552,0.408348,1202,0.0217743,0.408348,long
5590,0.437552,0.502377,0.468846,1202,0.0217743,0.468846,long
5591,0.502377,0.576806,0.538307,1202,0.0217743,0.538307,long
5592,0.576806,0.662262,0.618059,1202,0.0217743,0.618059,long
5593,0.662262,0.760379,0.709627,1202,0.0217743,0.709627,long
5594,0.760379,0.873032,0.814761,1202,0.0217743,0.814761,long
5595,0.873032,1.00237,0.93547,1202,0.0217743,0.93547,long
5596,1.00237,1.15088,1.07406,1202,0.0217743,1.07406,long
5597,1.15088,1.32139,1.23319,1202,0.0217743,1.23319,long
5598,1.32139,1.51716,1.41589,1202,0.0217743,1.41589,long
5599,1.51716,1.74193,1.62566,1202,0.0217743,1.62566,long
5600,1.74193,2,1.86651,1202,0.0217743,1.86651,long
5601,0.002,0.00229631,0.00214304,1202,0.0247462,0.00214304,long
5602,0.00229631,0.00263651,0.00246054,1202,0.0247462,0.00246054,long
5603,0.00263651,0.00302712,0.00282508,1202,0.0247462,0.00282508,long
5604,0.00302712,0.0034756,0.00324362,1202,0.0247462,0.00324362,long
5605,0.0034756,0.00399052,0.00372417,1202,0.0247462,0.00372417,long
5606,0.00399052,0.00458174,0.00427592,1202,0.0247462,0.00427592,long
5607,0.00458174,0.00526054,0.00490942,1202,0.0247462,0.00490942,long
5608,0.00526054,0.0060399,0.00563677,1202,0.0247462,0.00563677,long
5609,0.0060399,0.00693474,0.00647187,1202,0.0247462,0.00647187,long
5610,0.00693474,0.00796214,0.0074307,1202,0.0247462,0.0074307,long
5611,0.00796214,0.00914176,0.00853159,1202,0.0247462,0.00853159,long
5612,0.00914176,0.0104961,0.00979558,1202,0.0247462,0.00979558,long
5613,0.0104961,0.0120512,0.0112468,1202,0.0247462,0.0112468,long
5614,0.0120512,0.0138366,0.0129131,1202,0.0247462,0.0129131,long
5615,0.0138366,0.0158866,0.0148262,1202,0.0247462,0.0148262,long
5616,0.0158866,0.0182402,0.0170228,1202,0.0247462,0.0170228,long
5617,0.0182402,0.0209426,0.0195447,1202,0.0247462,0.0195447,long
5618,0.0209426,0.0240453,0.0224404,1202,0.0247462,0.0224404,long
5619,0.0240453,0.0276077,0.025765,1202,0.0247462,0.025765,long
5620,0.0276077,0.0316979,0.0295822,1202,0.0247462,0.0295822,long
5621,0.0316979,0.036394,0.0339649,1202,0.0247462,0.0339649,long
5622,0.036394,0.0417859,0.0389969,1202,0.0247462,0.0389969,long
5623,0.0417859,0.0479767,0.0447744,1202,0.0247462,0.0447744,long
5624,0.0479767,0.0550846,0.0514079,1202,0.0247462,0.0514079,long
5625,0.0550846,0.0632456,0.0590242,1202,0.0247462,0.0590242,long
5626,0.0632456,0.0726156,0.0677688,1202,0.0247462,0.0677688,long
5627,0.0726156,0.0833739,0.077809,1202,0.0247462,0.077809,long
5628,0.0833739,0.095726,0.0893367,1202,0.0247462,0.0893367,long
5629,0.095726,0.109908,0.102572,1202,0.0247462,0.102572,long
5630,0.109908,0.126191,0.117769,1202,0.0247462,0.117769,long
5631,0.126191,0.144887,0.135217,1202,0.0247462,0.135217,long
5632,0.144887,0.166353,0.155249,1202,0.0247462,0.155249,long
5633,0.166353,0.190999,0.17825,1202,0.0247462,0.17825,long
5634,0.190999,0.219296,0.204659,1202,0.0247462,0.204659,long
5635,0.219296,0.251785,0.23498,1202,0.0247462,0.23498,long
5636,0.251785,0.289088,0.269793,1202,0.0247462,0.269793,long
5637,0.289088,0.331917,0.309763,1202,0.0247462,0.309763,long
5638,0.331917,0.381092,0.355656,1202,0.0247462,0.355656,long
5639,0.381092,0.437552,0.408348,1202,0.0247462,0.408348,long
5640,0.437552,0.502377,0.468846,1202,0.0247462,0.468846,long
5641,0.502377,0.576806,0.538307,1202,0.0247462,0.538307,long
5642,0.576806,0.662262,0.618059,1202,0.0247462,0.618059,long
5643,0.662262,0.760379,0.709627,1202,0.0247462,0.709627,long
5644,0.760379,0.873032,0.814761,1202,0.0247462,0.814761,long
5645,0.873032,1.00237,0.93547,1202,0.0247462,0.93547,long
5646,1.00237,1.15088,1.07406,1202,0.0247462,1.07406,long
5647,1.15088,1.32139,1.23319,1202,0.0247462,1.23319,long
5648,1.32139,1.51716,1.41589,1202,0.0247462,1.41589,long
5649,1.51716,1.74193,1.62566,1202,0.0247462,1.62566,long
5650,1.74193,2,1.86651,1202,0.0247462,1.86651,long
5651,0.002,0.00229631,0.00214304,1202,0.0281236,0.00214304,long
5652,0.00229631,0.00263651,0.00246054,1202,0.0281236,0.00246054,long
5653,0.00263651,0.00302712,0.00282508,1202,0.0281236,0.00282508,long
5654,0.00302712,0.0034756,0.00324362,1202,0.0281236,0.00324362,long
5655,0.0034756,0.00399052,0.00372417,1202,0.0281236,0.00372417,long
5656,0.00399052,0.00458174,0.00427592,1202,0.0281236,0.00427592,long
5657,0.00458174,0.00526054,0.00490942,1202,0.0281236,0.00490942,long
5658,0.00526054,0.0060399,0.00563677,1202,0.0281236,0.00563677,long
5659,0.0060399,0.00693474,0.00647187,1202,0.0281236,0.00647187,long
5660,0.00693474,0.00796214,0.0074307,1202,0.0281236,0.0074307,long
5661,0.00796214,0.00914176,0.00853159,1202,0.0281236,0.00853159,long
5662,0.00914176,0.0104961,0.00979558,1202,0.0281236,0.00979558,long
5663,0.0104961,0.0120512,0.0112468,1202,0.0281236,0.0112468,long
5664,0.0120512,0.0138366,0.0129131,1202,0.0281236,0.0129131,long
5665,0.0138366,0.0158866,0.0148262,1202,0.0281236,0.0148262,long
5666,0.0158866,0.0182402,0.0170228,1202,0.0281236,0.0170228,long
5667,0.0182402,0.0209426,0.0195447,1202,0.0281236,0.0195447,long
5668,0.0209426,0.0240453,0.0224404,1202,0.0281236,0.0224404,long
5669,0.0240453,0.0276077,0.025765,1202,0.0281236,0.025765,long
5670,0.0276077,0.0316979,0.0295822,1202,0.0281236,0.0295822,long
5671,0.0316979,0.036394,0.0339649,1202,0.0281236,0.0339649,long
5672,0.036394,0.0417859,0.0389969,1202,0.0281236,0.0389969,long
5673,0.0417859,0.0479767,0.0447744,1202,0.0281236,0.0447744,long
5674,0.0479767,0.0550846,0.0514079,1202,0.0281236,0.0514079,long
5675,0.0550846,0.0632456,0.0590242,1202,0.0281236,0.0590242,long
5676,0.0632456,0.0726156,0.0677688,1202,0.0281236,0.0677688,long
5677,0.0726156,0.0833739,0.077809,1202,0.0281236,0.077809,long
5678,0.0833739,0.095726,0.0893367,1202,0.0281236,0.0893367,long
5679,0.095726,0.109908,0.102572,1202,0.0281236,0.102572,long
5680,0.109908,0.126191,0.117769,1202,0.0281236,0.117769,long
5681,0.126191,0.144887,0.135217,1202,0.0281236,0.135217,long
5682,0.144887,0.166353,0.155249,1202,0.0281236,0.155249,long
5683,0.166353,0.190999,0.17825,1202,0.0281236,0.17825,long
5684,0.190999,0.219296,0.204659,1202,0.0281236,0.204659,long
5685,0.219296,0.251785,0.23498,1202,0.0281236,0.23498,long
5686,0.251785,0.289088,0.269793,1202,0.0281236,0.269793,long
5687,0.289088,0.331917,0.309763,1202,0.0281236,0.309763,long
5688,0.331917,0.381092,0.355656,1202,0.0281236,0.355656,long
5689,0.381092,0.437552,0.408348,1202,0.0281236,0.408348,long
5690,0.437552,0.502377,0.468846,1202,0.0281236,0.468846,long
5691,0.502377,0.576806,0.538307,1202,0.0281236,0.538307,long
5692,0.576806,0.662262,0.618059,1202,0.0281236,0.618059,long
5693,0.662262,0.760379,0.709627,1202,0.0281236,0.709627,long
5694,0.760379,0.873032,0.814761,1202,0.0281236,0.814761,long
5695,0.873032,1.00237,0.93547,1202,0.0281236,0.93547,long
5696,1.00237,1.15088,1.07406,1202,0.0281236,1.07406,long
5697,1.15088,1.32139,1.23319,1202,0.0281236,1.23319,long
5698,1.32139,1.51716,1.41589,1202,0.0281236,1.41589,long
5699,1.51716,1.74193,1.62566,1202,0.0281236,1.62566,long
5700,1.74193,2,1.86651,1202,0.0281236,1.86651,long
5701,0.002,0.00229631,0.00214304,1202,0.031962,0.00214304,long
5702,0.00229631,0.00263651,0.00246054,1202,0.031962,0.00246054,long
5703,0.00263651,0.00302712,0.00282508,1202,0.031962,0.00282508,long
5704,0.00302712,0.0034756,0.00324362,1202,0.031962,0.00324362,long
5705,0.0034756,0.00399052,0.00372417,1202,0.031962,0.00372417,long
5706,0.00399052,0.00458174,0.00427592,1202,0.031962,0.00427592,long
5707,0.00458174,0.00526054,0.00490942,1202,0.031962,0.00490942,long
5708,0.00526054,0.0060399,0.00563677,1202,0.031962,0.00563677,long
5709,0.0060399,0.00693474,0.00647187,1202,0.031962,0.00647187,long
5710,0.00693474,0.00796214,0.0074307,1202,0.031962,0.0074307,long
5711,0.00796214,0.00914176,0.00853159,1202,0.031962,0.00853159,long
5712,0.00914176,0.0104961,0.00979558,1202,0.031962,0.00979558,long
5713,0.0104961,0.0120512,0.0112468,1202,0.031962,0.0112468,long
5714,0.0120512,0.0138366,0.0129131,1202,0.031962,0.0129131,long
5715,0.0138366,0.0158866,0.0148262,1202,0.031962,0.0148262,long
5716,0.0158866,0.0182402,0.0170228,1202,0.031962,0.0170228,long
5717,0.0182402,0.0209426,0.0195447,1202,0.031962,0.0195447,long
5718,0.0209426,0.0240453,0.0224404,1202,0.031962,0.0224404,long
5719,0.0240453,0.0276077,0.025765,1202,0.031962,0.025765,long
5720,0.0276077,0.0316979,0.0295822,1202,0.031962,0.0295822,long
5721,0.0316979,0.036394,0.0339649,1202,0.031962,0.0339649,long
5722,0.036394,0.0417859,0.0389969,1202,0.031962,0.0389969,long
5723,0.0417859,0.0479767,0.0447744,1202,0.031962,0.0447744,long
5724,0.0479767,0.0550846,0.0514079,1202,0.031962,0.0514079,long
5725,0.0550846,0.0632456,0.0590242,1202,0.031962,0.0590242,long
5726,0.0632456,0.0726156,0.0677688,1202,0.031962,0.0677688,long
5727,0.0726156,0.0833739,0.077809,1202,0.031962,0.077809,long
5728,0.0833739,0.095726,0.0893367,1202,0.031962,0.0893367,long
5729,0.095726,0.109908,0.102572,1202,0.031962,0.102572,long
5730,0.109908,0.126191,0.117769,1202,0.031962,0.117769,long
5731,0.126191,0.144887,0.135217,1202,0.031962,0.135217,long
5732,0.144887,0.166353,0.155249,1202,0.031962,0.155249,long
5733,0.166353,0.190999,0.17825,1202,0.031962,0.17825,long
5734,0.190999,0.219296,0.204659,1202,0.031962,0.204659,long
5735,0.219296,0.251785,0.23498,1202,0.031962,0.23498,long
5736,0.251785,0.289088,0.269793,1202,0.031962,0.269793,long
5737,0.289088,0.331917,0.309763,1202,0.031962,0.309763,long
5738,0.331917,0.381092,0.355656,1202,0.031962,0.355656,long
5739,0.381092,0.437552,0.408348,1202,0.031962,0.408348,long
5740,0.437552,0.502377,0.468846,1202,0.031962,0.468846,long
5741,0.502377,0.576806,0.538307,1202,0.031962,0.538307,long
5742,0.576806,0.662262,0.618059,1202,0.031962,0.618059,long
5743,0.662262,0.760379,0.709627,1202,0.031962,0.709627,long
5744,0.760379,0.873032,0.814761,1202,0.031962,0.814761,long
5745,0.873032,1.00237,0.93547,1202,0.031962,0.93547,long
5746,1.00237,1.15088,1.07406,1202,0.031962,1.07406,long
5747,1.15088,1.32139,1.23319,1202,0.031962,1.23319,long
5748,1.32139,1.51716,1.41589,1202,0.031962,1.41589,long
5749,1.51716,1.74193,1.62566,1202,0.031962,1.62566,long
5750,1.74193,2,1.86651,1202,0.031962,1.86651,long
5751,0.002,0.00229631,0.00214304,1202,0.0363243,0.00214304,long
5752,0.00229631,0.00263651,0.00246054,1202,0.0363243,0.00246054,long
5753,0.00263651,0.00302712,0.00282508,1202,0.0363243,0.00282508,long
5754,0.00302712,0.0034756,0.00324362,1202,0.0363243,0.00324362,long
5755,0.0034756,0.00399052,0.00372417,1202,0.0363243,0.00372417,long
5756,0.00399052,0.00458174,0.00427592,1202,0.0363243,0.00427592,long
5757,0.00458174,0.00526054,0.00490942,1202,0.0363243,0.00490942,long
5758,0.00526054,0.0060399,0.00563677,1202,0.0363243,0.00563677,long
5759,0.0060399,0.00693474,0.00647187,1202,0.0363243,0.00647187,long
5760,0.00693474,0.00796214,0.0074307,1202,0.0363243,0.0074307,long
5761,0.00796214,0.00914176,0.00853159,1202,0.0363243,0.00853159,long
5762,0.00914176,0.0104961,0.00979558,1202,0.0363243,0.00979558,long
5763,0.0104961,0.0120512,0.0112468,1202,0.0363243,0.0112468,long
5764,0.0120512,0.0138366,0.0129131,1202,0.0363243,0.0129131,long
5765,0.0138366,0.0158866,0.0148262,1202,0.0363243,0.0148262,long
5766,0.0158866,0.0182402,0.0170228,1202,0.0363243,0.0170228,long
5767,0.0182402,0.0209426,0.0195447,1202,0.0363243,0.0195447,long
5768,0.0209426,0.0240453,0.0224404,1202,0.0363243,0.0224404,long
5769,0.0240453,0.0276077,0.025765,1202,0.0363243,0.025765,long
5770,0.0276077,0.0316979,0.0295822,1202,0.0363243,0.0295822,long
5771,0.0316979,0.036394,0.0339649,1202,0.0363243,0.0339649,long
5772,0.036394,0.0417859,0.0389969,1202,0.0363243,0.0389969,long
5773,0.0417859,0.0479767,0.0447744,1202,0.0363243,0.0447744,long
5774,0.0479767,0.0550846,0.0514079,1202,0.0363243,0.0514079,long
5775,0.0550846,0.0632456,0.0590242,1202,0.0363243,0.0590242,long
5776,0.0632456,0.0726156,0.0677688,1202,0.0363243,0.0677688,long
5777,0.0726156,0.0833739,0.077809,1202,0.0363243,0.077809,long
5778,0.0833739,0.095726,0.0893367,1202,0.0363243,0.0893367,long
5779,0.095726,0.109908,0.102572,1202,0.0363243,0.102572,long
5780,0.109908,0.126191,0.117769,1202,0.0363243,0.117769,long
5781,0.126191,0.144887,0.135217,1202,0.0363243,0.135217,long
5782,0.144887,0.166353,0.155249,1202,0.0363243,0.155249,long
5783,0.166353,0.190999,0.17825,1202,0.0363243,0.17825,long
5784,0.190999,0.219296,0.204659,1202,0.0363243,0.204659,long
5785,0.219296,0.251785,0.23498,1202,0.0363243,0.23498,long
5786,0.251785,0.289088,0.269793,1202,0.0363243,0.269793,long
5787,0.289088,0.331917,0.309763,1202,0.0363243,0.309763,long
5788,0.331917,0.381092,0.355656,1202,0.0363243,0.355656,long
5789,0.381092,0.437552,0.408348,1202,0.0363243,0.408348,long
5790,0.437552,0.502377,0.468846,1202,0.0363243,0.468846,long
5791,0.502377,0.576806,0.538307,1202,0.0363243,0.538307,long
5792,0.576806,0.662262,0.618059,1202,0.0363243,0.618059,long
5793,0.662262,0.760379,0.709627,1202,0.0363243,0.709627,long
5794,0.760379,0.873032,0.814761,1202,0.0363243,0.814761,long
5795,0.873032,1.00237,0.93547,1202,0.0363243,0.93547,long
5796,1.00237,1.15088,1.07406,1202,0.0363243,1.07406,long
5797,1.15088,1.32139,1.23319,1202,0.0363243,1.23319,long
5798,1.32139,1.51716,1.41589,1202,0.0363243,1.41589,long
5799,1.51716,1.74193,1.62566,1202,0.0363243,1.62566,long
5800,1.74193,2,1.86651,1202,0.0363243,1.86651,long
5801,0.002,0.00229631,0.00214304,1202,0.0412819,0.00214304,long
5802,0.00229631,0.00263651,0.00246054,1202,0.0412819,0.00246054,long
5803,0.00263651,0.00302712,0.00282508,1202,0.0412819,0.00282508,long
5804,0.00302712,0.0034756,0.00324362,1202,0.0412819,0.00324362,long
5805,0.0034756,0.00399052,0.00372417,1202,0.0412819,0.00372417,long
5806,0.00399052,0.00458174,0.00427592,1202,0.0412819,0.00427592,long
5807,0.00458174,0.00526054,0.00490942,1202,0.0412819,0.00490942,long
5808,0.00526054,0.0060399,0.00563677,1202,0.0412819,0.00563677,long
5809,0.0060399,0.00693474,0.00647187,1202,0.0412819,0.00647187,long
5810,0.00693474,0.00796214,0.0074307,1202,0.0412819,0.0074307,long
5811,0.00796214,0.00914176,0.00853159,1202,0.0412819,0.00853159,long
5812,0.00914176,0.0104961,0.00979558,1202,0.0412819,0.00979558,long
5813,0.0104961,0.0120512,0.0112468,1202,0.0412819,0.0112468,long
5814,0.0120512,0.0138366,0.0129131,1202,0.0412819,0.0129131,long
5815,0.0138366,0.0158866,0.0148262,1202,0.0412819,0.0148262,long
5816,0.0158866,0.0182402,0.0170228,1202,0.0412819,0.0170228,long
5817,0.0182402,0.0209426,0.0195447,1202,0.0412819,0.0195447,long
5818,0.0209426,0.0240453,0.0224404,1202,0.0412819,0.0224404,long
5819,0.0240453,0.0276077,0.025765,1202,0.0412819,0.025765,long
5820,0.0276077,0.0316979,0.0295822,1202,0.0412819,0.0295822,long
5821,0.0316979,0.036394,0.0339649,1202,0.0412819,0.0339649,long
5822,0.036394,0.0417859,0.0389969,1202,0.0412819,0.0389969,long
5823,0.0417859,0.0479767,0.0447744,1202,0.0412819,0.0447744,long
5824,0.0479767,0.0550846,0.0514079,1202,0.0412819,0.0514079,long
5825,0.0550846,0.0632456,0.0590242,1202,0.0412819,0.0590242,long
5826,0.0632456,0.0726156,0.0677688,1202,0.0412819,0.0677688,long
5827,0.0726156,0.0833739,0.077809,1202,0.0412819,0.077809,long
5828,0.0833739,0.095726,0.0893367,1202,0.0412819,0.0893367,long
5829,0.095726,0.109908,0.102572,1202,0.0412819,0.102572,long
5830,0.109908,0.126191,0.117769,1202,0.0412819,0.117769,long
5831,0.126191,0.144887,0.135217,1202,0.0412819,0.135217,long
5832,0.144887,0.166353,0.155249,1202,0.0412819,0.155249,long
5833,0.166353,0.190999,0.17825,1202,0.0412819,0.17825,long
5834,0.190999,0.219296,0.204659,1202,0.0412819,0.204659,long
5835,0.219296,0.251785,0.23498,1202,0.0412819,0.23498,long
5836,0.251785,0.289088,0.269793,1202,0.0412819,0.269793,long
5837,0.289088,0.331917,0.309763,1202,0.0412819,0.309763,long
5838,0.331917,0.381092,0.355656,1202,0.0412819,0.355656,long
5839,0.381092,0.437552,0.408348,1202,0.0412819,0.408348,long
5840,0.437552,0.502377,0.468846,1202,0.0412819,0.468846,long
5841,0.502377,0.576806,0.538307,1202,0.0412819,0.538307,long
5842,0.576806,0.662262,0.618059,1202,0.0412819,0.618059,long
5843,0.662262,0.760379,0.709627,1202,0.0412819,0.709627,long
5844,0.760379,0.873032,0.814761,1202,0.0412819,0.814761,long
5845,0.873032,1.00237,0.93547,1202,0.0412819,0.93547,long
5846,1.00237,1.15088,1.07406,1202,0.0412819,1.07406,long
5847,1.15088,1.32139,1.23319,1202,0.0412819,1.23319,long
5848,1.32139,1.51716,1.41589,1202,0.0412819,1.41589,long
5849,1.51716,1.74193,1.62566,1202,0.0412819,1.62566,long
5850,1.74193,2,1.86651,1202,0.0412819,1.86651,long
5851,0.002,0.00229631,0.00214304,1202,0.0469162,0.00214304,long
5852,0.00229631,0.00263651,0.00246054,1202,0.0469162,0.00246054,long
5853,0.00263651,0.00302712,0.00282508,1202,0.0469162,0.00282508,long
5854,0.00302712,0.0034756,0.00324362,1202,0.0469162,0.00324362,long
5855,0.0034756,0.00399052,0.00372417,1202,0.0469162,0.00372417,long
5856,0.00399052,0.00458174,0.00427592,1202,0.0469162,0.00427592,long
5857,0.00458174,0.00526054,0.00490942,1202,0.0469162,0.00490942,long
5858,0.00526054,0.0060399,0.00563677,1202,0.0469162,0.00563677,long
5859,0.0060399,0.00693474,0.00647187,1202,0.0469162,0.00647187,long
5860,0.00693474,0.00796214,0.0074307,1202,0.0469162,0.0074307,long
5861,0.00796214,0.00914176,0.00853159,1202,0.0469162,0.00853159,long
5862,0.00914176,0.0104961,0.00979558,1202,0.0469162,0.00979558,long
5863,0.0104961,0.0120512,0.0112468,1202,0.0469162,0.0112468,long
5864,0.0120512,0.0138366,0.0129131,1202,0.0469162,0.0129131,long
5865,0.0138366,0.0158866,0.0148262,1202,0.0469162,0.0148262,long
5866,0.0158866,0.0182402,0.0170228,1202,0.0469162,0.0170228,long
5867,0.0182402,0.0209426,0.0195447,1202,0.0469162,0.0195447,long
5868,0.0209426,0.0240453,0.0224404,1202,0.0469162,0.0224404,long
5869,0.0240453,0.0276077,0.025765,1202,0.0469162,0.025765,long
5870,0.0276077,0.0316979,0.0295822,1202,0.0469162,0.0295822,long
5871,0.0316979,0.036394,0.0339649,1202,0.0469162,0.0339649,long
5872,0.036394,0.0417859,0.0389969,1202,0.0469162,0.0389969,long
5873,0.0417859,0.0479767,0.0447744,1202,0.0469162,0.0447744,long
5874,0.0479767,0.0550846,0.0514079,1202,0.0469162,0.0514079,long
5875,0.0550846,0.0632456,0.0590242,1202,0.0469162,0.0590242,long
5876,0.0632456,0.0726156,0.0677688,1202,0.0469162,0.0677688,long
5877,0.0726156,0.0833739,0.077809,1202,0.0469162,0.077809,long
5878,0.0833739,0.095726,0.0893367,1202,0.0469162,0.0893367,long
5879,0.095726,0.109908,0.102572,1202,0.0469162,0.102572,long
5880,0.109908,0.126191,0.117769,1202,0.0469162,0.117769,long
5881,0.126191,0.144887,0.135217,1202,0.0469162,0.135217,long
5882,0.144887,0.166353,0.155249,1202,0.0469162,0.155249,long
5883,0.166353,0.190999,0.17825,1202,0.0469162,0.17825,long
5884,0.190999,0.219296,0.204659,1202,0.0469162,0.204659,long
5885,0.219296,0.251785,0.23498,1202,0.0469162,0.23498,long
5886,0.251785,0.289088,0.269793,1202,0.0469162,0.269793,long
5887,0.289088,0.331917,0.309763,1202,0.0469162,0.309763,long
5888,0.331917,0.381092,0.355656,1202,0.0469162,0.355656,long
5889,0.381092,0.437552,0.408348,1202,0.0469162,0.408348,long
5890,0.437552,0.502377,0.468846,1202,0.0469162,0.468846,long
5891,0.502377,0.576806,0.538307,1202,0.0469162,0.538307,long
5892,0.576806,0.662262,0.618059,1202,0.0469162,0.618059,long
5893,0.662262,0.760379,0.709627,1202,0.0469162,0.709627,long
5894,0.760379,0.873032,0.814761,1202,0.0469162,0.814761,long
5895,0.873032,1.00237,0.93547,1202,0.0469162,0.93547,long
5896,1.00237,1.15088,1.07406,1202,0.0469162,1.07406,long
5897,1.15088,1.32139,1.23319,1202,0.0469162,1.23319,long
5898,1.32139,1.51716,1.41589,1202,0.0469162,1.41589,long
5899,1.51716,1.74193,1.62566,1202,0.0469162,1.62566,long
5900,1.74193,2,1.86651,1202,0.0469162,1.86651,long
5901,0.002,0.00229631,0.00214304,1202,0.0533195,0.00214304,long
5902,0.00229631,0.00263651,0.00246054,1202,0.0533195,0.00246054,long
5903,0.00263651,0.00302712,0.00282508,1202,0.0533195,0.00282508,long
5904,0.00302712,0.0034756,0.00324362,1202,0.0533195,0.00324362,long
5905,0.0034756,0.00399052,0.00372417,1202,0.0533195,0.00372417,long
5906,0.00399052,0.00458174,0.00427592,1202,0.0533195,0.00427592,long
5907,0.00458174,0.00526054,0.00490942,1202,0.0533195,0.00490942,long
5908,0.00526054,0.0060399,0.00563677,1202,0.0533195,0.00563677,long
5909,0.0060399,0.00693474,0.00647187,1202,0.0533195,0.00647187,long
5910,0.00693474,0.00796214,0.0074307,1202,0.0533195,0.0074307,long
5911,0.00796214,0.00914176,0.00853159,1202,0.0533195,0.00853159,long
5912,0.00914176,0.0104961,0.00979558,1202,0.0533195,0.00979558,long
5913,0.0104961,0.0120512,0.0112468,1202,0.0533195,0.0112468,long
5914,0.0120512,0.0138366,0.0129131,1202,0.0533195,0.0129131,long
5915,0.0138366,0.0158866,0.0148262,1202,0.0533195,0.0148262,long
5916,0.0158866,0.0182402,0.0170228,1202,0.0533195,0.0170228,long
5917,0.0182402,0.0209426,0.0195447,1202,0.0533195,0.0195447,long
5918,0.0209426,0.0240453,0.0224404,1202,0.0533195,0.0224404,long
5919,0.0240453,0.0276077,0.025765,1202,0.0533195,0.025765,long
5920,0.0276077,0.0316979,0.0295822,1202,0.0533195,0.0295822,long
5921,0.0316979,0.036394,0.0339649,1202,0.0533195,0.0339649,long
5922,0.036394,0.0417859,0.0389969,1202,0.0533195,0.0389969,long
5923,0.0417859,0.0479767,0.0447744,1202,0.0533195,0.0447744,long
5924,0.0479767,0.0550846,0.0514079,1202,0.0533195,0.0514079,long
5925,0.0550846,0.0632456,0.0590242,1202,0.0533195,0.0590242,long
5926,0.0632456,0.0726156,0.0677688,1202,0.0533195,0.0677688,long
5927,0.0726156,0.0833739,0.077809,1202,0.0533195,0.077809,long
5928,0.0833739,0.095726,0.0893367,1202,0.0533195,0.0893367,long
5929,0.095726,0.109908,0.102572,1202,0.0533195,0.102572,long
5930,0.109908,0.126191,0.117769,1202,0.0533195,0.117769,long
5931,0.126191,0.144887,0.135217,1202,0.0533195,0.135217,long
5932,0.144887,0.166353,0.155249,1202,0.0533195,0.155249,long
5933,0.166353,0.190999,0.17825,1202,0.0533195,0.17825,long
5934,0.190999,0.219296,0.204659,1202,0.0533195,0.204659,long
5935,0.219296,0.251785,0.23498,1202,0.0533195,0.23498,long
5936,0.251785,0.289088,0.269793,1202,0.0533195,0.269793,long
5937,0.289088,0.331917,0.309763,1202,0.0533195,0.309763,long
5938,0.331917,0.381092,0.355656,1202,0.0533195,0.355656,long
5939,0.381092,0.437552,0.408348,1202,0.0533195,0.408348,long
5940,0.437552,0.502377,0.468846,1202,0.0533195,0.468846,long
5941,0.502377,0.576806,0.538307,1202,0.0533195,0.538307,long
5942,0.576806,0.662262,0.618059,1202,0.0533195,0.618059,long
5943,0.662262,0.760379,0.709627,1202,0.0533195,0.709627,long
5944,0.760379,0.873032,0.814761,1202,0.0533195,0.814761,long
5945,0.873032,1.00237,0.93547,1202,0.0533195,0.93547,long
5946,1.00237,1.15088,1.07406,1202,0.0533195,1.07406,long
5947,1.15088,1.32139,1.23319,1202,0.0533195,1.23319,long
5948,1.32139,1.51716,1.41589,1202,0.0533195,1.41589,long
5949,1.51716,1.74193,1.62566,1202,0.0533195,1.62566,long
5950,1.74193,2,1.86651,1202,0.0533195,1.86651,long
5951,0.002,0.00229631,0.00214304,1202,0.0605967,0.00214304,long
5952,0.00229631,0.00263651,0.00246054,1202,0.0605967,0.00246054,long
5953,0.00263651,0.00302712,0.00282508,1202,0.0605967,0.00282508,long
5954,0.00302712,0.0034756,0.00324362,1202,0.0605967,0.00324362,long
5955,0.0034756,0.00399052,0.00372417,1202,0.0605967,0.00372417,long
5956,0.00399052,0.00458174,0.00427592,1202,0.0605967,0.00427592,long
5957,0.00458174,0.00526054,0.00490942,1202,0.0605967,0.00490942,long
5958,0.00526054,0.0060399,0.00563677,1202,0.0605967,0.00563677,long
5959,0.0060399,0.00693474,0.00647187,1202,0.0605967,0.00647187,long
5960,0.00693474,0.00796214,0.0074307,1202,0.0605967,0.0074307,long
5961,0.00796214,0.00914176,0.00853159,1202,0.0605967,0.00853159,long
5962,0.00914176,0.0104961,0.00979558,1202,0.0605967,0.00979558,long
5963,0.0104961,0.0120512,0.0112468,1202,0.0605967,0.0112468,long
5964,0.0120512,0.0138366,0.0129131,1202,0.0605967,0.0129131,long
5965,0.0138366,0.0158866,0.0148262,1202,0.0605967,0.0148262,long
5966,0.0158866,0.0182402,0.0170228,1202,0.0605967,0.0170228,long
5967,0.0182402,0.0209426,0.0195447,1202,0.0605967,0.0195447,long
5968,0.0209426,0.0240453,0.0224404,1202,0.0605967,0.0224404,long
5969,0.0240453,0.0276077,0.025765,1202,0.0605967,0.025765,long
5970,0.0276077,0.0316979,0.0295822,1202,0.0605967,0.0295822,long
5971,0.0316979,0.036394,0.0339649,1202,0.0605967,0.0339649,long
5972,0.036394,0.0417859,0.0389969,1202,0.0605967,0.0389969,long
5973,0.0417859,0.0479767,0.0447744,1202,0.0605967,0.0447744,long
5974,0.0479767,0.0550846,0.0514079,1202,0.0605967,0.0514079,long
5975,0.0550846,0.0632456,0.0590242,1202,0.0605967,0.0590242,long
5976,0.0632456,0.0726156,0.0677688,1202,0.0605967,0.0677688,long
5977,0.0726156,0.0833739,0.077809,1202,0.0605967,0.077809,long
5978,0.0833739,0.095726,0.0893367,1202,0.0605967,0.0893367,long
5979,0.095726,0.109908,0.102572,1202,0.0605967,0.102572,long
5980,0.109908,0.126191,0.117769,1202,0.0605967,0.117769,long
5981,0.126191,0.144887,0.135217,1202,0.0605967,0.135217,long
5982,0.144887,0.166353,0.155249,1202,0.0605967,0.155249,long
5983,0.166353,0.190999,0.17825,1202,0.0605967,0.17825,long
5984,0.190999,0.219296,0.204659,1202,0.0605967,0.204659,long
5985,0.219296,0.251785,0.23498,1202,0.0605967,0.23498,long
5986,0.251785,0.289088,0.269793,1202,0.0605967,0.269793,long
5987,0.289088,0.331917,0.309763,1202,0.0605967,0.309763,long
5988,0.331917,0.381092,0.355656,1202,0.0605967,0.355656,long
5989,0.381092,0.437552,0.408348,1202,0.0605967,0.408348,long
5990,0.437552,0.502377,0.468846,1202,0.0605967,0.468846,long
5991,0.502377,0.576806,0.538307,1202,0.0605967,0.538307,long
5992,0.576806,0.662262,0.618059,1202,0.0605967,0.618059,long
5993,0.662262,0.760379,0.709627,1202,0.0605967,0.709627,long
5994,0.760379,0.873032,0.814761,1202,0.0605967,0.814761,long
5995,0.873032,1.00237,0.93547,1202,0.0605967,0.93547,long
5996,1.00237,1.15088,1.07406,1202,0.0605967,1.07406,long
5997,1.15088,1.32139,1.23319,1202,0.0605967,1.23319,long
5998,1.32139,1.51716,1.41589,1202,0.0605967,1.41589,long
5999,1.51716,1.74193,1.62566,1202,0.0605967,1.62566,long
6000,1.74193,2,1.86651,1202,0.0605967,1.86651,long
6001,0.002,0.00229631,0.00214304,1202,0.0688671,0.00214304,long
6002,0.00229631,0.00263651,0.00246054,1202,0.0688671,0.00246054,long
6003,0.00263651,0.00302712,0.00282508,1202,0.0688671,0.00282508,long
6004,0.00302712,0.0034756,0.00324362,1202,0.0688671,0.00324362,long
6005,0.0034756,0.00399052,0.00372417,1202,0.0688671,0.00372417,long
6006,0.00399052,0.00458174,0.00427592,1202,0.0688671,0.00427592,long
6007,0.00458174,0.00526054,0.00490942,1202,0.0688671,0.00490942,long
6008,0.00526054,0.0060399,0.00563677,1202,0.0688671,0.00563677,long
6009,0.0060399,0.00693474,0.00647187,1202,0.0688671,0.00647187,long
6010,0.00693474,0.00796214,0.0074307,1202,0.0688671,0.0074307,long
6011,0.00796214,0.00914176,0.00853159,1202,0.0688671,0.00853159,long
6012,0.00914176,0.0104961,0.00979558,1202,0.0688671,0.00979558,long
6013,0.0104961,0.0120512,0.0112468,1202,0.0688671,0.0112468,long
6014,0.0120512,0.0138366,0.0129131,1202,0.0688671,0.0129131,long
6015,0.0138366,0.0158866,0.0148262,1202,0.0688671,0.0148262,long
6016,0.0158866,0.0182402,0.0170228,1202,0.0688671,0.0170228,long
6017,0.0182402,0.0209426,0.0195447,1202,0.0688671,0.0195447,long
6018,0.0209426,0.0240453,0.0224404,1202,0.0688671,0.0224404,long
6019,0.0240453,0.0276077,0.025765,1202,0.0688671,0.025765,long
6020,0.0276077,0.0316979,0.0295822,1202,0.0688671,0.0295822,long
6021,0.0316979,0.036394,0.0339649,1202,0.0688671,0.0339649,long
6022,0.036394,0.0417859,0.0389969,1202,0.0688671,0.0389969,long
6023,0.0417859,0.0479767,0.0447744,1202,0.0688671,0.0447744,long
6024,0.0479767,0.0550846,0.0514079,1202,0.0688671,0.0514079,long
6025,0.0550846,0.0632456,0.0590242,1202,0.0688671,0.0590242,long
6026,0.0632456,0.0726156,0.0677688,1202,0.0688671,0.0677688,long
6027,0.0726156,0.0833739,0.077809,1202,0.0688671,0.077809,long
6028,0.0833739,0.095726,0.0893367,1202,0.0688671,0.0893367,long
6029,0.095726,0.109908,0.102572,1202,0.0688671,0.102572,long
6030,0.109908,0.126191,0.117769,1202,0.0688671,0.117769,long
6031,0.126191,0.144887,0.135217,1202,0.0688671,0.135217,long
6032,0.144887,0.166353,0.155249,1202,0.0688671,0.155249,long
6033,0.166353,0.190999,0.17825,1202,0.0688671,0.17825,long
6034,0.190999,0.219296,0.204659,1202,0.0688671,0.204659,long
6035,0.219296,0.251785,0.23498,1202,0.0688671,0.23498,long
6036,0.251785,0.289088,0.269793,1202,0.0688671,0.269793,long
6037,0.289088,0.331917,0.309763,1202,0.0688671,0.309763,long
6038,0.331917,0.381092,0.355656,1202,0.0688671,0.355656,long
6039,0.381092,0.437552,0.408348,1202,0.0688671,0.408348,long
6040,0.437552,0.502377,0.468846,1202,0.0688671,0.468846,long
6041,0.502377,0.576806,0.538307,1202,0.0688671,0.538307,long
6042,0.576806,0.662262,0.618059,1202,0.0688671,0.618059,long
6043,0.662262,0.760379,0.709627,1202,0.0688671,0.709627,long
6044,0.760379,0.873032,0.814761,1202,0.0688671,0.814761,long
6045,0.873032,1.00237,0.93547,1202,0.0688671,0.93547,long
6046,1.00237,1.15088,1.07406,1202,0.0688671,1.07406,long
6047,1.15088,1.32139,1.23319,1202,0.0688671,1.23319,long
6048,1.32139,1.51716,1.41589,1202,0.0688671,1.41589,long
6049,1.51716,1.74193,1.62566,1202,0.0688671,1.62566,long
6050,1.74193,2,1.86651,1202,0.0688671,1.86651,long
6051,0.002,0.00229631,0.00214304,1202,0.0782663,0.00214304,long
6052,0.00229631,0.00263651,0.00246054,1202,0.0782663,0.00246054,long
6053,0.00263651,0.00302712,0.00282508,1202,0.0782663,0.00282508,long
6054,0.00302712,0.0034756,0.00324362,1202,0.0782663,0.00324362,long
6055,0.0034756,0.00399052,0.00372417,1202,0.0782663,0.00372417,long
6056,0.00399052,0.00458174,0.00427592,1202,0.0782663,0.00427592,long
6057,0.00458174,0.00526054,0.00490942,1202,0.0782663,0.00490942,long
6058,0.00526054,0.0060399,0.00563677,1202,0.0782663,0.00563677,long
6059,0.0060399,0.00693474,0.00647187,1202,0.0782663,0.00647187,long
6060,0.00693474,0.00796214,0.0074307,1202,0.0782663,0.0074307,long
6061,0.00796214,0.00914176,0.00853159,1202,0.0782663,0.00853159,long
6062,0.00914176,0.0104961,0.00979558,1202,0.0782663,0.00979558,long
6063,0.0104961,0.0120512,0.0112468,1202,0.0782663,0.0112468,long
6064,0.0120512,0.0138366,0.0129131,1202,0.0782663,0.0129131,long
6065,0.0138366,0.0158866,0.0148262,1202,0.0782663,0.0148262,long
6066,0.0158866,0.0182402,0.0170228,1202,0.0782663,0.0170228,long
6067,0.0182402,0.0209426,0.0195447,1202,0.0782663,0.0195447,long
6068,0.0209426,0.0240453,0.0224404,1202,0.0782663,0.0224404,long
6069,0.0240453,0.0276077,0.025765,1202,0.0782663,0.025765,long
6070,0.0276077,0.0316979,0.0295822,1202,0.0782663,0.0295822,long
6071,0.0316979,0.036394,0.0339649,1202,0.0782663,0.0339649,long
6072,0.036394,0.0417859,0.0389969,1202,0.0782663,0.0389969,long
6073,0.0417859,0.0479767,0.0447744,1202,0.0782663,0.0447744,long
6074,0.0479767,0.0550846,0.0514079,1202,0.0782663,0.0514079,long
6075,0.0550846,0.0632456,0.0590242,1202,0.0782663,0.0590242,long
6076,0.0632456,0.0726156,0.0677688,1202,0.0782663,0.0677688,long
6077,0.0726156,0.0833739,0.077809,1202,0.0782663,0.077809,long
6078,0.0833739,0.095726,0.0893367,1202,0.0782663,0.0893367,long
6079,0.095726,0.109908,0.102572,1202,0.0782663,0.102572,long
6080,0.109908,0.126191,0.117769,1202,0.0782663,0.117769,long
6081,0.126191,0.144887,0.135217,1202,0.0782663,0.135217,long
6082,0.144887,0.166353,0.155249,1202,0.0782663,0.155249,long
6083,0.166353,0.190999,0.17825,1202,0.0782663,0.17825,long
6084,0.190999,0.219296,0.204659,1202,0.0782663,0.204659,long
6085,0.219296,0.251785,0.23498,1202,0.0782663,0.23498,long
6086,0.251785,0.289088,0.269793,1202,0.0782663,0.269793,long
6087,0.289088,0.331917,0.309763,1202,0.0782663,0.309763,long
6088,0.331917,0.381092,0.355656,1202,0.0782663,0.355656,long
6089,0.381092,0.437552,0.408348,1202,0.0782663,0.408348,long
6090,0.437552,0.502377,0.468846,1202,0.0782663,0.468846,long
6091,0.502377,0.576806,0.538307,1202,0.0782663,0.538307,long
6092,0.576806,0.662262,0.618059,1202,0.0782663,0.618059,long
6093,0.662262,0.760379,0.709627,1202,0.0782663,0.709627,long
6094,0.760379,0.873032,0.814761,1202,0.0782663,0.814761,long
6095,0.873032,1.00237,0.93547,1202,0.0782663,0.93547,long
6096,1.00237,1.15088,1.07406,1202,0.0782663,1.07406,long
6097,1.15088,1.32139,1.23319,1202,0.0782663,1.23319,long
6098,1.32139,1.51716,1.41589,1202,0.0782663,1.41589,long
6099,1.51716,1.74193,1.62566,1202,0.0782663,1.62566,long
6100,1.74193,2,1.86651,1202,0.0782663,1.86651,long
6101,0.002,0.00229631,0.00214304,1202,0.0889484,0.00214304,long
6102,0.00229631,0.00263651,0.00246054,1202,0.0889484,0.00246054,long
6103,0.00263651,0.00302712,0.00282508,1202,0.0889484,0.00282508,long
6104,0.00302712,0.0034756,0.00324362,1202,0.0889484,0.00324362,long
6105,0.0034756,0.00399052,0.00372417,1202,0.0889484,0.00372417,long
6106,0.00399052,0.00458174,0.00427592,1202,0.0889484,0.00427592,long
6107,0.00458174,0.00526054,0.00490942,1202,0.0889484,0.00490942,long
6108,0.00526054,0.0060399,0.00563677,1202,0.0889484,0.00563677,long
6109,0.0060399,0.00693474,0.00647187,1202,0.0889484,0.00647187,long
6110,0.00693474,0.00796214,0.0074307,1202,0.0889484,0.0074307,long
6111,0.00796214,0.00914176,0.00853159,1202,0.0889484,0.00853159,long
6112,0.00914176,0.0104961,0.00979558,1202,0.0889484,0.00979558,long
6113,0.0104961,0.0120512,0.0112468,1202,0.0889484,0.0112468,long
6114,0.0120512,0.0138366,0.0129131,1202,0.0889484,0.0129131,long
6115,0.0138366,0.0158866,0.0148262,1202,0.0889484,0.0148262,long
6116,0.0158866,0.0182402,0.0170228,1202,0.0889484,0.0170228,long
6117,0.0182402,0.0209426,0.0195447,1202,0.0889484,0.0195447,long
6118,0.0209426,0.0240453,0.0224404,1202,0.0889484,0.0224404,long
6119,0.0240453,0.0276077,0.025765,1202,0.0889484,0.025765,long
6120,0.0276077,0.0316979,0.0295822,1202,0.0889484,0.0295822,long
6121,0.0316979,0.036394,0.0339649,1202,0.0889484,0.0339649,long
6122,0.036394,0.0417859,0.0389969,1202,0.0889484,0.0389969,long
6123,0.0417859,0.0479767,0.0447744,1202,0.0889484,0.0447744,long
6124,0.0479767,0.0550846,0.0514079,1202,0.0889484,0.0514079,long
6125,0.0550846,0.0632456,0.0590242,1202,0.0889484,0.0590242,long
6126,0.0632456,0.0726156,0.0677688,1202,0.0889484,0.0677688,long
6127,0.0726156,0.0833739,0.077809,1202,0.0889484,0.077809,long
6128,0.0833739,0.095726,0.0893367,1202,0.0889484,0.0893367,long
6129,0.095726,0.109908,0.102572,1202,0.0889484,0.102572,long
6130,0.109908,0.126191,0.117769,1202,0.0889484,0.117769,long
6131,0.126191,0.144887,0.135217,1202,0.0889484,0.135217,long
6132,0.144887,0.166353,0.155249,1202,0.0889484,0.155249,long
6133,0.166353,0.190999,0.17825,1202,0.0889484,0.17825,long
6134,0.190999,0.219296,0.204659,1202,0.0889484,0.204659,long
6135,0.219296,0.251785,0.23498,1202,0.0889484,0.23498,long
6136,0.251785,0.289088,0.269793,1202,0.0889484,0.269793,long
6137,0.289088,0.331917,0.309763,1202,0.0889484,0.309763,long
6138,0.331917,0.381092,0.355656,1202,0.0889484,0.355656,long
6139,0.381092,0.437552,0.408348,1202,0.0889484,0.408348,long
6140,0.437552,0.502377,0.468846,1202,0.0889484,0.468846,long
6141,0.502377,0.576806,0.538307,1202,0.0889484,0.538307,long
6142,0.576806,0.662262,0.618059,1202,0.0889484,0.618059,long
6143,0.662262,0.760379,0.709627,1202,0.0889484,0.709627,long
6144,0.760379,0.873032,0.814761,1202,0.0889484,0.814761,long
6145,0.873032,1.00237,0.93547,1202,0.0889484,0.93547,long
6146,1.00237,1.15088,1.07406,1202,0.0889484,1.07406,long
6147,1.15088,1.32139,1.23319,1202,0.0889484,1.23319,long
6148,1.32139,1.51716,1.41589,1202,0.0889484,1.41589,long
6149,1.51716,1.74193,1.62566,1202,0.0889484,1.62566,long
6150,1.74193,2,1.86651,1202,0.0889484,1.86651,long
6151,0.002,0.00229631,0.00214304,1202,0.101088,0.00214304,long
6152,0.00229631,0.00263651,0.00246054,1202,0.101088,0.00246054,long
6153,0.00263651,0.00302712,0.00282508,1202,0.101088,0.00282508,long
6154,0.00302712,0.0034756,0.00324362,1202,0.101088,0.00324362,long
6155,0.0034756,0.00399052,0.00372417,1202,0.101088,0.00372417,long
6156,0.00399052,0.00458174,0.00427592,1202,0.101088,0.00427592,long
6157,0.00458174,0.00526054,0.00490942,1202,0.101088,0.00490942,long
6158,0.00526054,0.0060399,0.00563677,1202,0.101088,0.00563677,long
6159,0.0060399,0.00693474,0.00647187,1202,0.101088,0.00647187,long
6160,0.00693474,0.00796214,0.0074307,1202,0.101088,0.0074307,long
6161,0.00796214,0.00914176,0.00853159,1202,0.101088,0.00853159,long
6162,0.00914176,0.0104961,0.00979558,1202,0.101088,0.00979558,long
6163,0.0104961,0.0120512,0.0112468,1202,0.101088,0.0112468,long
6164,0.0120512,0.0138366,0.0129131,1202,0.101088,0.0129131,long
6165,0.0138366,0.0158866,0.0148262,1202,0.101088,0.0148262,long
6166,0.0158866,0.0182402,0.0170228,1202,0.101088,0.0170228,long
6167,0.0182402,0.0209426,0.0195447,1202,0.101088,0.0195447,long
6168,0.0209426,0.0240453,0.0224404,1202,0.101088,0.0224404,long
6169,0.0240453,0.0276077,0.025765,1202,0.101088,0.025765,long
6170,0.0276077,0.0316979,0.0295822,1202,0.101088,0.0295822,long
6171,0.0316979,0.036394,0.0339649,1202,0.101088,0.0339649,long
6172,0.036394,0.0417859,0.0389969,1202,0.101088,0.0389969,long
6173,0.0417859,0.0479767,0.0447744,1202,0.101088,0.0447744,long
6174,0.0479767,0.0550846,0.0514079,1202,0.101088,0.0514079,long
6175,0.0550846,0.0632456,0.0590242,1202,0.101088,0.0590242,long
6176,0.0632456,0.0726156,0.0677688,1202,0.101088,0.0677688,long
6177,0.0726156,0.0833739,0.077809,1202,0.101088,0.077809,long
6178,0.0833739,0.095726,0.0893367,1202,0.101088,0.0893367,long
6179,0.095726,0.109908,0.102572,1202,0.101088,0.102572,long
6180,0.109908,0.126191,0.117769,1202,0.101088,0.117769,long
6181,0.126191,0.144887,0.135217,1202,0.101088,0.135217,long
6182,0.144887,0.166353,0.155249,1202,0.101088,0.155249,long
6183,0.166353,0.190999,0.17825,1202,0.101088,0.17825,long
6184,0.190999,0.219296,0.204659,1202,0.101088,0.204659,long
6185,0.219296,0.251785,0.23498,1202,0.101088,0.23498,long
6186,0.251785,0.289088,0.269793,1202,0.101088,0.269793,long
6187,0.289088,0.331917,0.309763,1202,0.101088,0.309763,long
6188,0.331917,0.381092,0.355656,1202,0.101088,0.355656,long
6189,0.381092,0.437552,0.408348,1202,0.101088,0.408348,long
6190,0.437552,0.502377,0.468846,1202,0.101088,0.468846,long
6191,0.502377,0.576806,0.538307,1202,0.101088,0.538307,long
6192,0.576806,0.662262,0.618059,1202,0.101088,0.618059,long
6193,0.662262,0.760379,0.709627,1202,0.101088,0.709627,long
6194,0.760379,0.873032,0.814761,1202,0.101088,0.814761,long
6195,0.873032,1.00237,0.93547,1202,0.101088,0.93547,long
6196,1.00237,1.15088,1.07406,1202,0.101088,1.07406,long
6197,1.15088,1.32139,1.23319,1202,0.101088,1.23319,long
6198,1.32139,1.51716,1.41589,1202,0.101088,1.41589,long
6199,1.51716,1.74193,1.62566,1202,0.101088,1.62566,long
6200,1.74193,2,1.86651,1202,0.101088,1.86651,long
6201,0.002,0.00229631,0.00214304,1202,0.114885,0.00214304,long
6202,0.00229631,0.00263651,0.00246054,1202,0.114885,0.00246054,long
6203,0.00263651,0.00302712,0.00282508,1202,0.114885,0.00282508,long
6204,0.00302712,0.0034756,0.00324362,1202,0.114885,0.00324362,long
6205,0.0034756,0.00399052,0.00372417,1202,0.114885,0.00372417,long
6206,0.00399052,0.00458174,0.00427592,1202,0.114885,0.00427592,long
6207,0.00458174,0.00526054,0.00490942,1202,0.114885,0.00490942,long
6208,0.00526054,0.0060399,0.00563677,1202,0.114885,0.00563677,long
6209,0.0060399,0.00693474,0.00647187,1202,0.114885,0.00647187,long
6210,0.00693474,0.00796214,0.0074307,1202,0.114885,0.0074307,long
6211,0.00796214,0.00914176,0.00853159,1202,0.114885,0.00853159,long
6212,0.00914176,0.0104961,0.00979558,1202,0.114885,0.00979558,long
6213,0.0104961,0.0120512,0.0112468,1202,0.114885,0.0112468,long
6214,0.0120512,0.0138366,0.0129131,1202,0.114885,0.0129131,long
6215,0.0138366,0.0158866,0.0148262,1202,0.114885,0.0148262,long
6216,0.0158866,0.0182402,0.0170228,1202,0.114885,0.0170228,long
6217,0.0182402,0.0209426,0.0195447,1202,0.114885,0.0195447,long
6218,0.0209426,0.0240453,0.0224404,1202,0.114885,0.0224404,long
6219,0.0240453,0.0276077,0.025765,1202,0.114885,0.025765,long
6220,0.0276077,0.0316979,0.0295822,1202,0.114885,0.0295822,long
6221,0.0316979,0.036394,0.0339649,1202,0.114885,0.0339649,long
6222,0.036394,0.0417859,0.0389969,1202,0.114885,0.0389969,long
6223,0.0417859,0.0479767,0.0447744,1202,0.114885,0.0447744,long
6224,0.0479767,0.0550846,0.0514079,1202,0.114885,0.0514079,long
6225,0.0550846,0.0632456,0.0590242,1202,0.114885,0.0590242,long
6226,0.0632456,0.0726156,0.0677688,1202,0.114885,0.0677688,long
6227,0.0726156,0.0833739,0.077809,1202,0.114885,0.077809,long
6228,0.0833739,0.095726,0.0893367,1202,0.114885,0.0893367,long
6229,0.095726,0.109908,0.102572,1202,0.114885,0.102572,long
6230,0.109908,0.126191,0.117769,1202,0.114885,0.117769,long
6231,0.126191,0.144887,0.135217,1202,0.114885,0.135217,long
6232,0.144887,0.166353,0.155249,1202,0.114885,0.155249,long
6233,0.166353,0.190999,0.17825,1202,0.114885,0.17825,long
6234,0.190999,0.219296,0.204659,1202,0.114885,0.204659,long
6235,0.219296,0.251785,0.23498,1202,0.114885,0.23498,long
6236,0.251785,0.289088,0.269793,1202,0.114885,0.269793,long
6237,0.289088,0.331917,0.309763,1202,0.114885,0.309763,long
6238,0.331917,0.381092,0.355656,1202,0.114885,0.355656,long
6239,0.381092,0.437552,0.408348,1202,0.114885,0.408348,long
6240,0.437552,0.502377,0.468846,1202,0.114885,0.468846,long
6241,0.502377,0.576806,0.538307,1202,0.114885,0.538307,long
6242,0.576806,0.662262,0.618059,1202,0.114885,0.618059,long
6243,0.662262,0.760379,0.709627,1202,0.114885,0.709627,long
6244,0.760379,0.873032,0.814761,1202,0.114885,0.814761,long
6245,0.873032,1.00237,0.93547,1202,0.114885,0.93547,long
6246,1.00237,1.15088,1.07406,1202,0.114885,1.07406,long
6247,1.15088,1.32139,1.23319,1202,0.114885,1.23319,long
6248,1.32139,1.51716,1.41589,1202,0.114885,1.41589,long
6249,1.51716,1.74193,1.62566,1202,0.114885,1.62566,long
6250,1.74193,2,1.86651,1202,0.114885,1.86651,long
6251,0.002,0.00229631,0.00214304,1202,0.130565,0.00214304,long
6252,0.00229631,0.00263651,0.00246054,1202,0.130565,0.00246054,long
6253,0.00263651,0.00302712,0.00282508,1202,0.130565,0.00282508,long
6254,0.00302712,0.0034756,0.00324362,1202,0.130565,0.00324362,long
6255,0.0034756,0.00399052,0.00372417,1202,0.130565,0.00372417,long
6256,0.00399052,0.00458174,0.00427592,1202,0.130565,0.00427592,long
6257,0.00458174,0.00526054,0.00490942,1202,0.130565,0.00490942,long
6258,0.00526054,0.0060399,0.00563677,1202,0.130565,0.00563677,long
6259,0.0060399,0.00693474,0.00647187,1202,0.130565,0.00647187,long
6260,0.00693474,0.00796214,0.0074307,1202,0.130565,0.0074307,long
6261,0.00796214,0.00914176,0.00853159,1202,0.130565,0.00853159,long
6262,0.00914176,0.0104961,0.00979558,1202,0.130565,0.00979558,long
6263,0.0104961,0.0120512,0.0112468,1202,0.130565,0.0112468,long
6264,0.0120512,0.0138366,0.0129131,1202,0.130565,0.0129131,long
6265,0.0138366,0.0158866,0.0148262,1202,0.130565,0.0148262,long
6266,0.0158866,0.0182402,0.0170228,1202,0.130565,0.0170228,long
6267,0.0182402,0.0209426,0.0195447,1202,0.130565,0.0195447,long
6268,0.0209426,0.0240453,0.0224404,1202,0.130565,0.0224404,long
6269,0.0240453,0.0276077,0.025765,1202,0.130565,0.025765,long
6270,0.0276077,0.0316979,0.0295822,1202,0.130565,0.0295822,long
6271,0.0316979,0.036394,0.0339649,1202,0.130565,0.0339649,long
6272,0.036394,0.0417859,0.0389969,1202,0.130565,0.0389969,long
6273,0.0417859,0.0479767,0.0447744,1202,0.130565,0.0447744,long
6274,0.0479767,0.0550846,0.0514079,1202,0.130565,0.0514079,long
6275,0.0550846,0.0632456,0.0590242,1202,0.130565,0.0590242,long
6276,0.0632456,0.0726156,0.0677688,1202,0.130565,0.0677688,long
6277,0.0726156,0.0833739,0.077809,1202,0.130565,0.077809,long
6278,0.0833739,0.095726,0.0893367,1202,0.130565,0.0893367,long
6279,0.095726,0.109908,0.102572,1202,0.130565,0.102572,long
6280,0.109908,0.126191,0.117769,1202,0.130565,0.117769,long
6281,0.126191,0.144887,0.135217,1202,0.130565,0.135217,long
6282,0.144887,0.166353,0.155249,1202,0.130565,0.155249,long
6283,0.166353,0.190999,0.17825,1202,0.130565,0.17825,long
6284,0.190999,0.219296,0.204659,1202,0.130565,0.204659,long
6285,0.219296,0.251785,0.23498,1202,0.130565,0.23498,long
6286,0.251785,0.289088,0.269793,1202,0.130565,0.269793,long
6287,0.289088,0.331917,0.309763,1202,0.130565,0.309763,long
6288,0.331917,0.381092,0.355656,1202,0.130565,0.355656,long
6289,0.381092,0.437552,0.408348,1202,0.130565,0.408348,long
6290,0.437552,0.502377,0.468846,1202,0.130565,0.468846,long
6291,0.502377,0.576806,0.538307,1202,0.130565,0.538307,long
6292,0.576806,0.662262,0.618059,1202,0.130565,0.618059,long
6293,0.662262,0.760379,0.709627,1202,0.130565,0.709627,long
6294,0.760379,0.873032,0.814761,1202,0.130565,0.814761,long
6295,0.873032,1.00237,0.93547,1202,0.130565,0.93547,long
6296,1.00237,1.15088,1.07406,1202,0.130565,1.07406,long
6297,1.15088,1.32139,1.23319,1202,0.130565,1.23319,long
6298,1.32139,1.51716,1.41589,1202,0.130565,1.41589,long
6299,1.51716,1.74193,1.62566,1202,0.130565,1.62566,long
6300,1.74193,2,1.86651,1202,0.130565,1.86651,long
6301,0.002,0.00229631,0.00214304,1202,0.148385,0.00214304,long
6302,0.00229631,0.00263651,0.00246054,1202,0.148385,0.00246054,long
6303,0.00263651,0.00302712,0.00282508,1202,0.148385,0.00282508,long
6304,0.00302712,0.0034756,0.00324362,1202,0.148385,0.00324362,long
6305,0.0034756,0.00399052,0.00372417,1202,0.148385,0.00372417,long
6306,0.00399052,0.00458174,0.00427592,1202,0.148385,0.00427592,long
6307,0.00458174,0.00526054,0.00490942,1202,0.148385,0.00490942,long
6308,0.00526054,0.0060399,0.00563677,1202,0.148385,0.00563677,long
6309,0.0060399,0.00693474,0.00647187,1202,0.148385,0.00647187,long
6310,0.00693474,0.00796214,0.0074307,1202,0.148385,0.0074307,long
6311,0.00796214,0.00914176,0.00853159,1202,0.148385,0.00853159,long
6312,0.00914176,0.0104961,0.00979558,1202,0.148385,0.00979558,long
6313,0.0104961,0.0120512,0.0112468,1202,0.148385,0.0112468,long
6314,0.0120512,0.0138366,0.0129131,1202,0.148385,0.0129131,long
6315,0.0138366,0.0158866,0.0148262,1202,0.148385,0.0148262,long
6316,0.0158866,0.0182402,0.0170228,1202,0.148385,0.0170228,long
6317,0.0182402,0.0209426,0.0195447,1202,0.148385,0.0195447,long
6318,0.0209426,0.0240453,0.0224404,1202,0.148385,0.0224404,long
6319,0.0240453,0.0276077,0.025765,1202,0.148385,0.025765,long
6320,0.0276077,0.0316979,0.0295822,1202,0.148385,0.0295822,long
6321,0.0316979,0.036394,0.0339649,1202,0.148385,0.0339649,long
6322,0.036394,0.0417859,0.0389969,1202,0.148385,0.0389969,long
6323,0.0417859,0.0479767,0.0447744,1202,0.148385,0.0447744,long
6324,0.0479767,0.0550846,0.0514079,1202,0.148385,0.0514079,long
6325,0.0550846,0.0632456,0.0590242,1202,0.148385,0.0590242,long
6326,0.0632456,0.0726156,0.0677688,1202,0.148385,0.0677688,long
6327,0.0726156,0.0833739,0.077809,1202,0.148385,0.077809,long
6328,0.0833739,0.095726,0.0893367,1202,0.148385,0.0893367,long
6329,0.095726,0.109908,0.102572,1202,0.148385,0.102572,long
6330,0.109908,0.126191,0.117769,1202,0.148385,0.117769,long
6331,0.126191,0.144887,0.135217,1202,0.148385,0.135217,long
6332,0.144887,0.166353,0.155249,1202,0.148385,0.155249,long
6333,0.166353,0.190999,0.17825,1202,0.148385,0.17825,long
6334,0.190999,0.219296,0.204659,1202,0.148385,0.204659,long
6335,0.219296,0.251785,0.23498,1202,0.148385,0.23498,long
6336,0.251785,0.289088,0.269793,1202,0.148385,0.269793,long
6337,0.289088,0.331917,0.309763,1202,0.148385,0.309763,long
6338,0.331917,0.381092,0.355656,1202,0.148385,0.355656,long
6339,0.381092,0.437552,0.408348,1202,0.148385,0.408348,long
6340,0.437552,0.502377,0.468846,1202,0.148385,0.468846,long
6341,0.502377,0.576806,0.538307,1202,0.148385,0.538307,long
6342,0.576806,0.662262,0.618059,1202,0.148385,0.618059,long
6343,0.662262,0.760379,0.709627,1202,0.148385,0.709627,long
6344,0.760379,0.873032,0.814761,1202,0.148385,0.814761,long
6345,0.873032,1.00237,0.93547,1202,0.148385,0.93547,long
6346,1.00237,1.15088,1.07406,1202,0.148385,1.07406,long
6347,1.15088,1.32139,1.23319,1202,0.148385,1.23319,long
6348,1.32139,1.51716,1.41589,1202,0.148385,1.41589,long
6349,1.51716,1.74193,1.62566,1202,0.148385,1.62566,long
6350,1.74193,2,1.86651,1202,0.148385,1.86651,long
6351,0.002,0.00229631,0.00214304,1202,0.168637,0.00214304,long
6352,0.00229631,0.00263651,0.00246054,1202,0.168637,0.00246054,long
6353,0.00263651,0.00302712,0.00282508,1202,0.168637,0.00282508,long
6354,0.00302712,0.0034756,0.00324362,1202,0.168637,0.00324362,long
6355,0.0034756,0.00399052,0.00372417,1202,0.168637,0.00372417,long
6356,0.00399052,0.00458174,0.00427592,1202,0.168637,0.00427592,long
6357,0.00458174,0.00526054,0.00490942,1202,0.168637,0.00490942,long
6358,0.00526054,0.0060399,0.00563677,1202,0.168637,0.00563677,long
6359,0.0060399,0.00693474,0.00647187,1202,0.168637,0.00647187,long
6360,0.00693474,0.00796214,0.0074307,1202,0.168637,0.0074307,long
6361,0.00796214,0.00914176,0.00853159,1202,0.168637,0.00853159,long
6362,0.00914176,0.0104961,0.00979558,1202,0.168637,0.00979558,long
6363,0.0104961,0.0120512,0.0112468,1202,0.168637,0.0112468,long
6364,0.0120512,0.0138366,0.0129131,1202,0.168637,0.0129131,long
6365,0.0138366,0.0158866,0.0148262,1202,0.168637,0.0148262,long
6366,0.0158866,0.0182402,0.0170228,1202,0.168637,0.0170228,long
6367,0.0182402,0.0209426,0.0195447,1202,0.168637,0.0195447,long
6368,0.0209426,0.0240453,0.0224404,1202,0.168637,0.0224404,long
6369,0.0240453,0.0276077,0.025765,1202,0.168637,0.025765,long
6370,0.0276077,0.0316979,0.0295822,1202,0.168637,0.0295822,long
6371,0.0316979,0.036394,0.0339649,1202,0.168637,0.0339649,long
6372,0.036394,0.0417859,0.0389969,1202,0.168637,0.0389969,long
6373,0.0417859,0.0479767,0.0447744,1202,0.168637,0.0447744,long
6374,0.0479767,0.0550846,0.0514079,1202,0.168637,0.0514079,long
6375,0.0550846,0.0632456,0.0590242,1202,0.168637,0.0590242,long
6376,0.0632456,0.0726156,0.0677688,1202,0.168637,0.0677688,long
6377,0.0726156,0.0833739,0.077809,1202,0.168637,0.077809,long
6378,0.0833739,0.095726,0.0893367,1202,0.168637,0.0893367,long
6379,0.095726,0.109908,0.102572,1202,0.168637,0.102572,long
6380,0.109908,0.126191,0.117769,1202,0.168637,0.117769,long
6381,0.126191,0.144887,0.135217,1202,0.168637,0.135217,long
6382,0.144887,0.166353,0.155249,1202,0.168637,0.155249,long
6383,0.166353,0.190999,0.17825,1202,0.168637,0.17825,long
6384,0.190999,0.219296,0.204659,1202,0.168637,0.204659,long
6385,0.219296,0.251785,0.23498,1202,0.168637,0.23498,long
6386,0.251785,0.289088,0.269793,1202,0.168637,0.269793,long
6387,0.289088,0.331917,0.309763,1202,0.168637,0.309763,long
6388,0.331917,0.381092,0.355656,1202,0.168637,0.355656,long
6389,0.381092,0.437552,0.408348,1202,0.168637,0.408348,long
6390,0.437552,0.502377,0.468846,1202,0.168637,0.468846,long
6391,0.502377,0.576806,0.538307,1202,0.168637,0.538307,long
6392,0.576806,0.662262,0.618059,1202,0.168637,0.618059,long
6393,0.662262,0.760379,0.709627,1202,0.168637,0.709627,long
6394,0.760379,0.873032,0.814761,1202,0.168637,0.814761,long
6395,0.873032,1.00237,0.93547,1202,0.168637,0.93547,long
6396,1.00237,1.15088,1.07406,1202,0.168637,1.07406,long
6397,1.15088,1.32139,1.23319,1202,0.168637,1.23319,long
6398,1.32139,1.51716,1.41589,1202,0.168637,1.41589,long
6399,1.51716,1.74193,1.62566,1202,0.168637,1.62566,long
6400,1.74193,2,1.86651,1202,0.168637,1.86651,long
6401,0.002,0.00229631,0.00214304,1202,0.191653,0.00214304,long
6402,0.00229631,0.00263651,0.00246054,1202,0.191653,0.00246054,long
6403,0.00263651,0.00302712,0.00282508,1202,0.191653,0.00282508,long
6404,0.00302712,0.0034756,0.00324362,1202,0.191653,0.00324362,long
6405,0.0034756,0.00399052,0.00372417,1202,0.191653,0.00372417,long
6406,0.00399052,0.00458174,0.00427592,1202,0.191653,0.00427592,long
6407,0.00458174,0.00526054,0.00490942,1202,0.191653,0.00490942,long
6408,0.00526054,0.0060399,0.00563677,1202,0.191653,0.00563677,long
6409,0.0060399,0.00693474,0.00647187,1202,0.191653,0.00647187,long
6410,0.00693474,0.00796214,0.0074307,1202,0.191653,0.0074307,long
6411,0.00796214,0.00914176,0.00853159,1202,0.191653,0.00853159,long
6412,0.00914176,0.0104961,0.00979558,1202,0.191653,0.00979558,long
6413,0.0104961,0.0120512,0.0112468,1202,0.191653,0.0112468,long
6414,0.0120512,0.0138366,0.0129131,1202,0.191653,0.0129131,long
6415,0.0138366,0.0158866,0.0148262,1202,0.191653,0.0148262,long
6416,0.0158866,0.0182402,0.0170228,1202,0.191653,0.0170228,long
6417,0.0182402,0.0209426,0.0195447,1202,0.191653,0.0195447,long
6418,0.0209426,0.0240453,0.0224404,1202,0.191653,0.0224404,long
6419,0.0240453,0.0276077,0.025765,1202,0.191653,0.025765,long
6420,0.0276077,0.0316979,0.0295822,1202,0.191653,0.0295822,long
6421,0.0316979,0.036394,0.0339649,1202,0.191653,0.0339649,long
6422,0.036394,0.0417859,0.0389969,1202,0.191653,0.0389969,long
6423,0.0417859,0.0479767,0.0447744,1202,0.191653,0.0447744,long
6424,0.0479767,0.0550846,0.0514079,1202,0.191653,0.0514079,long
6425,0.0550846,0.0632456,0.0590242,1202,0.191653,0.0590242,long
6426,0.0632456,0.0726156,0.0677688,1202,0.191653,0.0677688,long
6427,0.0726156,0.0833739,0.077809,1202,0.191653,0.077809,long
6428,0.0833739,0.095726,0.0893367,1202,0.191653,0.0893367,long
6429,0.095726,0.109908,0.102572,1202,0.191653,0.102572,long
6430,0.109908,0.126191,0.117769,1202,0.191653,0.117769,long
6431,0.126191,0.144887,0.135217,1202,0.191653,0.135217,long
6432,0.144887,0.166353,0.155249,1202,0.191653,0.155249,long
6433,0.166353,0.190999,0.17825,1202,0.191653,0.17825,long
6434,0.190999,0.219296,0.204659,1202,0.191653,0.204659,long
6435,0.219296,0.251785,0.23498,1202,0.191653,0.23498,long
6436,0.251785,0.289088,0.269793,1202,0.191653,0.269793,long
6437,0.289088,0.331917,0.309763,1202,0.191653,0.309763,long
6438,0.331917,0.381092,0.355656,1202,0.191653,0.355656,long
6439,0.381092,0.437552,0.408348,1202,0.191653,0.408348,long
6440,0.437552,0.502377,0.468846,1202,0.191653,0.468846,long
6441,0.502377,0.576806,0.538307,1202,0.191653,0.538307,long
6442,0.576806,0.662262,0.618059,1202,0.191653,0.618059,long
6443,0.662262,0.760379,0.709627,1202,0.191653,0.709627,long
6444,0.760379,0.873032,0.814761,1202,0.191653,0.814761,long
6445,0.873032,1.00237,0.93547,1202,0.191653,0.93547,long
6446,1.00237,1.15088,1.07406,1202,0.191653,1.07406,long
6447,1.15088,1.32139,1.23319,1202,0.191653,1.23319,long
6448,1.32139,1.51716,1.41589,1202,0.191653,1.41589,long
6449,1.51716,1.74193,1.62566,1202,0.191653,1.62566,long
6450,1.74193,2,1.86651,1202,0.191653,1.86651,long
6451,0.002,0.00229631,0.00214304,1202,0.217811,0.00214304,long
6452,0.00229631,0.00263651,0.00246054,1202,0.217811,0.00246054,long
6453,0.00263651,0.00302712,0.00282508,1202,0.217811,0.00282508,long
6454,0.00302712,0.0034756,0.00324362,1202,0.217811,0.00324362,long
6455,0.0034756,0.00399052,0.00372417,1202,0.217811,0.00372417,long
6456,0.00399052,0.00458174,0.00427592,1202,0.217811,0.00427592,long
6457,0.00458174,0.00526054,0.00490942,1202,0.217811,0.00490942,long
6458,0.00526054,0.0060399,0.00563677,1202,0.217811,0.00563677,long
6459,0.0060399,0.00693474,0.00647187,1202,0.217811,0.00647187,long
6460,0.00693474,0.00796214,0.0074307,1202,0.217811,0.0074307,long
6461,0.00796214,0.00914176,0.00853159,1202,0.217811,0.00853159,long
6462,0.00914176,0.0104961,0.00979558,1202,0.217811,0.00979558,long
6463,0.0104961,0.0120512,0.0112468,1202,0.217811,0.0112468,long
6464,0.0120512,0.0138366,0.0129131,1202,0.217811,0.0129131,long
6465,0.0138366,0.0158866,0.0148262,1202,0.217811,0.0148262,long
6466,0.0158866,0.0182402,0.0170228,1202,0.217811,0.0170228,long
6467,0.0182402,0.0209426,0.0195447,1202,0.217811,0.0195447,long
6468,0.0209426,0.0240453,0.0224404,1202,0.217811,0.0224404,long
6469,0.0240453,0.0276077,0.025765,1202,0.217811,0.025765,long
6470,0.0276077,0.0316979,0.0295822,1202,0.217811,0.0295822,long
6471,0.0316979,0.036394,0.0339649,1202,0.217811,0.0339649,long
6472,0.036394,0.0417859,0.0389969,1202,0.217811,0.0389969,long
6473,0.0417859,0.0479767,0.0447744,1202,0.217811,0.0447744,long
6474,0.0479767,0.0550846,0.0514079,1202,0.217811,0.0514079,long
6475,0.0550846,0.0632456,0.0590242,1202,0.217811,0.0590242,long
6476,0.0632456,0.0726156,0.0677688,1202,0.217811,0.0677688,long
6477,0.0726156,0.0833739,0.077809,1202,0.217811,0.077809,long
6478,0.0833739,0.095726,0.0893367,1202,0.217811,0.0893367,long
6479,0.095726,0.109908,0.102572,1202,0.217811,0.102572,long
6480,0.109908,0.126191,0.117769,1202,0.217811,0.117769,long
6481,0.126191,0.144887,0.135217,1202,0.217811,0.135217,long
6482,0.144887,0.166353,0.155249,1202,0.217811,0.155249,long
6483,0.166353,0.190999,0.17825,1202,0.217811,0.17825,long
6484,0.190999,0.219296,0.204659,1202,0.217811,0.204659,long
6485,0.219296,0.251785,0.23498,1202,0.217811,0.23498,long
6486,0.251785,0.289088,0.269793,1202,0.217811,0.269793,long
6487,0.289088,0.331917,0.309763,1202,0.217811,0.309763,long
6488,0.331917,0.381092,0.355656,1202,0.217811,0.355656,long
6489,0.381092,0.437552,0.408348,1202,0.217811,0.408348,long
6490,0.437552,0.502377,0.468846,1202,0.217811,0.468846,long
6491,0.502377,0.576806,0.538307,1202,0.217811,0.538307,long
6492,0.576806,0.662262,0.618059,1202,0.217811,0.618059,long
6493,0.662262,0.760379,0.709627,1202,0.217811,0.709627,long
6494,0.760379,0.873032,0.814761,1202,0.217811,0.814761,long
6495,0.873032,1.00237,0.93547,1202,0.217811,0.93547,long
6496,1.00237,1.15088,1.07406,1202,0.217811,1.07406,long
6497,1.15088,1.32139,1.23319,1202,0.217811,1.23319,long
6498,1.32139,1.51716,1.41589,1202,0.217811,1.41589,long
6499,1.51716,1.74193,1.62566,1202,0.217811,1.62566,long
6500,1.74193,2,1.86651,1202,0.217811,1.86651,long
6501,0.002,0.00229631,0.00214304,1202,0.247538,0.00214304,long
6502,0.00229631,0.00263651,0.00246054,1202,0.247538,0.00246054,long
6503,0.00263651,0.00302712,0.00282508,1202,0.247538,0.00282508,long
6504,0.00302712,0.0034756,0.00324362,1202,0.247538,0.00324362,long
6505,0.0034756,0.00399052,0.00372417,1202,0.247538,0.00372417,long
6506,0.00399052,0.00458174,0.00427592,1202,0.247538,0.00427592,long
6507,0.00458174,0.00526054,0.00490942,1202,0.247538,0.00490942,long
6508,0.00526054,0.0060399,0.00563677,1202,0.247538,0.00563677,long
6509,0.0060399,0.00693474,0.00647187,1202,0.247538,0.00647187,long
6510,0.00693474,0.00796214,0.0074307,1202,0.247538,0.0074307,long
6511,0.00796214,0.00914176,0.00853159,1202,0.247538,0.00853159,long
6512,0.00914176,0.0104961,0.00979558,1202,0.247538,0.00979558,long
6513,0.0104961,0.0120512,0.0112468,1202,0.247538,0.0112468,long
6514,0.0120512,0.0138366,0.0129131,1202,0.247538,0.0129131,long
6515,0.0138366,0.0158866,0.0148262,1202,0.247538,0.0148262,long
6516,0.0158866,0.0182402,0.0170228,1202,0.247538,0.0170228,long
6517,0.0182402,0.0209426,0.0195447,1202,0.247538,0.0195447,long
6518,0.0209426,0.0240453,0.0224404,1202,0.247538,0.0224404,long
6519,0.0240453,0.0276077,0.025765,1202,0.247538,0.025765,long
6520,0.0276077,0.0316979,0.0295822,1202,0.247538,0.0295822,long
6521,0.0316979,0.036394,0.0339649,1202,0.247538,0.0339649,long
6522,0.036394,0.0417859,0.0389969,1202,0.247538,0.0389969,long
6523,0.0417859,0.0479767,0.0447744,1202,0.247538,0.0447744,long
6524,0.0479767,0.0550846,0.0514079,1202,0.247538,0.0514079,long
6525,0.0550846,0.0632456,0.0590242,1202,0.247538,0.0590242,long
6526,0.0632456,0.0726156,0.0677688,1202,0.247538,0.0677688,long
6527,0.0726156,0.0833739,0.077809,1202,0.247538,0.077809,long
6528,0.0833739,0.095726,0.0893367,1202,0.247538,0.0893367,long
6529,0.095726,0.109908,0.102572,1202,0.247538,0.102572,long
6530,0.109908,0.126191,0.117769,1202,0.247538,0.117769,long
6531,0.126191,0.144887,0.135217,1202,0.247538,0.135217,long
6532,0.144887,0.166353,0.155249,1202,0.247538,0.155249,long
6533,0.166353,0.190999,0.17825,1202,0.247538,0.17825,long
6534,0.190999,0.219296,0.204659,1202,0.247538,0.204659,long
6535,0.219296,0.251785,0.23498,1202,0.247538,0.23498,long
6536,0.251785,0.289088,0.269793,1202,0.247538,0.269793,long
6537,0.289088,0.331917,0.309763,1202,0.247538,0.309763,long
6538,0.331917,0.381092,0.355656,1202,0.247538,0.355656,long
6539,0.381092,0.437552,0.408348,1202,0.247538,0.408348,long
6540,0.437552,0.502377,0.468846,1202,0.247538,0.468846,long
6541,0.502377,0.576806,0.538307,1202,0.247538,0.538307,long
6542,0.576806,0.662262,0.618059,1202,0.247538,0.618059,long
6543,0.662262,0.760379,0.709627,1202,0.247538,0.709627,long
6544,0.760379,0.873032,0.814761,1202,0.247538,0.814761,long
6545,0.873032,1.00237,0.93547,1202,0.247538,0.93547,long
6546,1.00237,1.15088,1.07406,1202,0.247538,1.07406,long
6547,1.15088,1.32139,1.23319,1202,0.247538,1.23319,long
6548,1.32139,1.51716,1.41589,1202,0.247538,1.41589,long
6549,1.51716,1.74193,1.62566,1202,0.247538,1.62566,long
6550,1.74193,2,1.86651,1202,0.247538,1.86651,long
6551,0.002,0.00229631,0.00214304,1202,0.281323,0.00214304,long
6552,0.00229631,0.00263651,0.00246054,1202,0.281323,0.00246054,long
6553,0.00263651,0.00302712,0.00282508,1202,0.281323,0.00282508,long
6554,0.00302712,0.0034756,0.00324362,1202,0.281323,0.00324362,long
6555,0.0034756,0.00399052,0.00372417,1202,0.281323,0.00372417,long
6556,0.00399052,0.00458174,0.00427592,1202,0.281323,0.00427592,long
6557,0.00458174,0.00526054,0.00490942,1202,0.281323,0.00490942,long
6558,0.00526054,0.0060399,0.00563677,1202,0.281323,0.00563677,long
6559,0.0060399,0.00693474,0.00647187,1202,0.281323,0.00647187,long
6560,0.00693474,0.00796214,0.0074307,1202,0.281323,0.0074307,long
6561,0.00796214,0.00914176,0.00853159,1202,0.281323,0.00853159,long
6562,0.00914176,0.0104961,0.00979558,1202,0.281323,0.00979558,long
6563,0.0104961,0.0120512,0.0112468,1202,0.281323,0.0112468,long
6564,0.0120512,0.0138366,0.0129131,1202,0.281323,0.0129131,long
6565,0.0138366,0.0158866,0.0148262,1202,0.281323,0.0148262,long
6566,0.0158866,0.0182402,0.0170228,1202,0.281323,0.0170228,long
6567,0.0182402,0.0209426,0.0195447,1202,0.281323,0.0195447,long
6568,0.0209426,0.0240453,0.0224404,1202,0.281323,0.0224404,long
6569,0.0240453,0.0276077,0.025765,1202,0.281323,0.025765,long
6570,0.0276077,0.0316979,0.0295822,1202,0.281323,0.0295822,long
6571,0.0316979,0.036394,0.0339649,1202,0.281323,0.0339649,long
6572,0.036394,0.0417859,0.0389969,1202,0.281323,0.0389969,long
6573,0.0417859,0.0479767,0.0447744,1202,0.281323,0.0447744,long
6574,0.0479767,0.0550846,0.0514079,1202,0.281323,0.0514079,long
6575,0.0550846,0.0632456,0.0590242,1202,0.281323,0.0590242,long
6576,0.0632456,0.0726156,0.0677688,1202,0.281323,0.0677688,long
6577,0.0726156,0.0833739,0.077809,1202,0.281323,0.077809,long
6578,0.0833739,0.095726,0.0893367,1202,0.281323,0.0893367,long
6579,0.095726,0.109908,0.102572,1202,0.281323,0.102572,long
6580,0.109908,0.126191,0.117769,1202,0.281323,0.117769,long
6581,0.126191,0.144887,0.135217,1202,0.281323,0.135217,long
6582,0.144887,0.166353,0.155249,1202,0.281323,0.155249,long
6583,0.166353,0.190999,0.17825,1202,0.281323,0.17825,long
6584,0.190999,0.219296,0.204659,1202,0.281323,0.204659,long
6585,0.219296,0.251785,0.23498,1202,0.281323,0.23498,long
6586,0.251785,0.289088,0.269793,1202,0.281323,0.269793,long
6587,0.289088,0.331917,0.309763,1202,0.281323,0.309763,long
6588,0.331917,0.381092,0.355656,1202,0.281323,0.355656,long
6589,0.381092,0.437552,0.408348,1202,0.281323,0.408348,long
6590,0.437552,0.502377,0.468846,1202,0.281323,0.468846,long
6591,0.502377,0.576806,0.538307,1202,0.281323,0.538307,long
6592,0.576806,0.662262,0.618059,1202,0.281323,0.618059,long
6593,0.662262,0.760379,0.709627,1202,0.281323,0.709627,long
6594,0.760379,0.873032,0.814761,1202,0.281323,0.814761,long
6595,0.873032,1.00237,0.93547,1202,0.281323,0.93547,long
6596,1.00237,1.15088,1.07406,1202,0.281323,1.07406,long
6597,1.15088,1.32139,1.23319,1202,0.281323,1.23319,long
6598,1.32139,1.51716,1.41589,1202,0.281323,1.41589,long
6599,1.51716,1.74193,1.62566,1202,0.281323,1.62566,long
6600,1.74193,2,1.86651,1202,0.281323,1.86651,long
6601,0.002,0.00229631,0.00214304,1202,0.319719,0.00214304,long
6602,0.00229631,0.00263651,0.00246054,1202,0.319719,0.00246054,long
6603,0.00263651,0.00302712,0.00282508,1202,0.319719,0.00282508,long
6604,0.00302712,0.0034756,0.00324362,1202,0.319719,0.00324362,long
6605,0.0034756,0.00399052,0.00372417,1202,0.319719,0.00372417,long
6606,0.00399052,0.00458174,0.00427592,1202,0.319719,0.00427592,long
6607,0.00458174,0.00526054,0.00490942,1202,0.319719,0.00490942,long
6608,0.00526054,0.0060399,0.00563677,1202,0.319719,0.00563677,long
6609,0.0060399,0.00693474,0.00647187,1202,0.319719,0.00647187,long
6610,0.00693474,0.00796214,0.0074307,1202,0.319719,0.0074307,long
6611,0.00796214,0.00914176,0.00853159,1202,0.319719,0.00853159,long
6612,0.00914176,0.0104961,0.00979558,1202,0.319719,0.00979558,long
6613,0.0104961,0.0120512,0.0112468,1202,0.319719,0.0112468,long
6614,0.0120512,0.0138366,0.0129131,1202,0.319719,0.0129131,long
6615,0.0138366,0.0158866,0.0148262,1202,0.319719,0.0148262,long
6616,0.0158866,0.0182402,0.0170228,1202,0.319719,0.0170228,long
6617,0.0182402,0.0209426,0.0195447,1202,0.319719,0.0195447,long
6618,0.0209426,0.0240453,0.0224404,1202,0.319719,0.0224404,long
6619,0.0240453,0.0276077,0.025765,1202,0.319719,0.025765,long
6620,0.0276077,0.0316979,0.0295822,1202,0.319719,0.0295822,long
6621,0.0316979,0.036394,0.0339649,1202,0.319719,0.0339649,long
6622,0.036394,0.0417859,0.0389969,1202,0.319719,0.0389969,long
6623,0.0417859,0.0479767,0.0447744,1202,0.319719,0.0447744,long
6624,0.0479767,0.0550846,0.0514079,1202,0.319719,0.0514079,long
6625,0.0550846,0.0632456,0.0590242,1202,0.319719,0.0590242,long
6626,0.0632456,0.0726156,0.0677688,1202,0.319719,0.0677688,long
6627,0.0726156,0.0833739,0.077809,1202,0.319719,0.077809,long
6628,0.0833739,0.095726,0.0893367,1202,0.319719,0.0893367,long
6629,0.095726,0.109908,0.102572,1202,0.319719,0.102572,long
6630,0.109908,0.126191,0.117769,1202,0.319719,0.117769,long
6631,0.126191,0.144887,0.135217,1202,0.319719,0.135217,long
6632,0.144887,0.166353,0.155249,1202,0.319719,0.155249,long
6633,0.166353,0.190999,0.17825,1202,0.319719,0.17825,long
6634,0.190999,0.219296,0.204659,1202,0.319719,0.204659,long
6635,0.219296,0.251785,0.23498,1202,0.319719,0.23498,long
6636,0.251785,0.289088,0.269793,1202,0.319719,0.269793,long
6637,0.289088,0.331917,0.309763,1202,0.319719,0.309763,long
6638,0.331917,0.381092,0.355656,1202,0.319719,0.355656,long
6639,0.381092,0.437552,0.408348,1202,0.319719,0.408348,long
6640,0.437552,0.502377,0.468846,1202,0.319719,0.468846,long
6641,0.502377,0.576806,0.538307,1202,0.319719,0.538307,long
6642,0.576806,0.662262,0.618059,1202,0.319719,0.618059,long
6643,0.662262,0.760379,0.709627,1202,0.319719,0.709627,long
6644,0.760379,0.873032,0.814761,1202,0.319719,0.814761,long
6645,0.873032,1.00237,0.93547,1202,0.319719,0.93547,long
6646,1.00237,1.15088,1.07406,1202,0.319719,1.07406,long
6647,1.15088,1.32139,1.23319,1202,0.319719,1.23319,long
6648,1.32139,1.51716,1.41589,1202,0.319719,1.41589,long
6649,1.51716,1.74193,1.62566,1202,0.319719,1.62566,long
6650,1.74193,2,1.86651,1202,0.319719,1.86651,long
6651,0.002,0.00229631,0.00214304,1202,0.363355,0.00214304,long
6652,0.00229631,0.00263651,0.00246054,1202,0.363355,0.00246054,long
6653,0.00263651,0.00302712,0.00282508,1202,0.363355,0.00282508,long
6654,0.00302712,0.0034756,0.00324362,1202,0.363355,0.00324362,long
6655,0.0034756,0.00399052,0.00372417,1202,0.363355,0.00372417,long
6656,0.00399052,0.00458174,0.00427592,1202,0.363355,0.00427592,long
6657,0.00458174,0.00526054,0.00490942,1202,0.363355,0.00490942,long
6658,0.00526054,0.0060399,0.00563677,1202,0.363355,0.00563677,long
6659,0.0060399,0.00693474,0.00647187,1202,0.363355,0.00647187,long
6660,0.00693474,0.00796214,0.0074307,1202,0.363355,0.0074307,long
6661,0.00796214,0.00914176,0.00853159,1202,0.363355,0.00853159,long
6662,0.00914176,0.0104961,0.00979558,1202,0.363355,0.00979558,long
6663,0.0104961,0.0120512,0.0112468,1202,0.363355,0.0112468,long
6664,0.0120512,0.0138366,0.0129131,1202,0.363355,0.0129131,long
6665,0.0138366,0.0158866,0.0148262,1202,0.363355,0.0148262,long
6666,0.0158866,0.0182402,0.0170228,1202,0.363355,0.0170228,long
6667,0.0182402,0.0209426,0.0195447,1202,0.363355,0.0195447,long
6668,0.0209426,0.0240453,0.0224404,1202,0.363355,0.0224404,long
6669,0.0240453,0.0276077,0.025765,1202,0.363355,0.025765,long
6670,0.0276077,0.0316979,0.0295822,1202,0.363355,0.0295822,long
6671,0.0316979,0.036394,0.0339649,1202,0.363355,0.0339649,long
6672,0.036394,0.0417859,0.0389969,1202,0.363355,0.0389969,long
6673,0.0417859,0.0479767,0.0447744,1202,0.363355,0.0447744,long
6674,0.0479767,0.0550846,0.0514079,1202,0.363355,0.0514079,long
6675,0.0550846,0.0632456,0.0590242,1202,0.363355,0.0590242,long
6676,0.0632456,0.0726156,0.0677688,1202,0.363355,0.0677688,long
6677,0.0726156,0.0833739,0.077809,1202,0.363355,0.077809,long
6678,0.0833739,0.095726,0.0893367,1202,0.363355,0.0893367,long
6679,0.095726,0.109908,0.102572,1202,0.363355,0.102572,long
6680,0.109908,0.126191,0.117769,1202,0.363355,0.117769,long
6681,0.126191,0.144887,0.135217,1202,0.363355,0.135217,long
6682,0.144887,0.166353,0.155249,1202,0.363355,0.155249,long
6683,0.166353,0.190999,0.17825,1202,0.363355,0.17825,long
6684,0.190999,0.219296,0.204659,1202,0.363355,0.204659,long
6685,0.219296,0.251785,0.23498,1202,0.363355,0.23498,long
6686,0.251785,0.289088,0.269793,1202,0.363355,0.269793,long
6687,0.289088,0.331917,0.309763,1202,0.363355,0.309763,long
6688,0.331917,0.381092,0.355656,1202,0.363355,0.355656,long
6689,0.381092,0.437552,0.408348,1202,0.363355,0.408348,long
6690,0.437552,0.502377,0.468846,1202,0.363355,0.468846,long
6691,0.502377,0.576806,0.538307,1202,0.363355,0.538307,long
6692,0.576806,0.662262,0.618059,1202,0.363355,0.618059,long
6693,0.662262,0.760379,0.709627,1202,0.363355,0.709627,long
6694,0.760379,0.873032,0.814761,1202,0.363355,0.814761,long
6695,0.873032,1.00237,0.93547,1202,0.363355,0.93547,long
6696,1.00237,1.15088,1.07406,1202,0.363355,1.07406,long
6697,1.15088,1.32139,1.23319,1202,0.363355,1.23319,long
6698,1.32139,1.51716,1.41589,1202,0.363355,1.41589,long
6699,1.51716,1.74193,1.62566,1202,0.363355,1.62566,long
6700,1.74193,2,1.86651,1202,0.363355,1.86651,long
6701,0.002,0.00229631,0.00214304,1202,0.412947,0.00214304,long
6702,0.00229631,0.00263651,0.00246054,1202,0.412947,0.00246054,long
6703,0.00263651,0.00302712,0.00282508,1202,0.412947,0.00282508,long
6704,0.00302712,0.0034756,0.00324362,1202,0.412947,0.00324362,long
6705,0.0034756,0.00399052,0.00372417,1202,0.412947,0.00372417,long
6706,0.00399052,0.00458174,0.00427592,1202,0.412947,0.00427592,long
6707,0.00458174,0.00526054,0.00490942,1202,0.412947,0.00490942,long
6708,0.00526054,0.0060399,0.00563677,1202,0.412947,0.00563677,long
6709,0.0060399,0.00693474,0.00647187,1202,0.412947,0.00647187,long
6710,0.00693474,0.00796214,0.0074307,1202,0.412947,0.0074307,long
6711,0.00796214,0.00914176,0.00853159,1202,0.412947,0.00853159,long
6712,0.00914176,0.0104961,0.00979558,1202,0.412947,0.00979558,long
6713,0.0104961,0.0120512,0.0112468,1202,0.412947,0.0112468,long
6714,0.0120512,0.0138366,0.0129131,1202,0.412947,0.0129131,long
6715,0.0138366,0.0158866,0.0148262,1202,0.412947,0.0148262,long
6716,0.0158866,0.0182402,0.0170228,1202,0.412947,0.0170228,long
6717,0.0182402,0.0209426,0.0195447,1202,0.412947,0.0195447,long
6718,0.0209426,0.0240453,0.0224404,1202,0.412947,0.0224404,long
6719,0.0240453,0.0276077,0.025765,1202,0.412947,0.025765,long
6720,0.0276077,0.0316979,0.0295822,1202,0.412947,0.0295822,long
6721,0.0316979,0.036394,0.0339649,1202,0.412947,0.0339649,long
6722,0.036394,0.0417859,0.0389969,1202,0.412947,0.0389969,long
6723,0.0417859,0.0479767,0.0447744,1202,0.412947,0.0447744,long
6724,0.0479767,0.0550846,0.0514079,1202,0.412947,0.0514079,long
6725,0.0550846,0.0632456,0.0590242,1202,0.412947,0.0590242,long
6726,0.0632456,0.0726156,0.0677688,1202,0.412947,0.0677688,long
6727,0.0726156,0.0833739,0.077809,1202,0.412947,0.077809,long
6728,0.0833739,0.095726,0.0893367,1202,0.412947,0.0893367,long
6729,0.095726,0.109908,0.102572,1202,0.412947,0.102572,long
6730,0.109908,0.126191,0.117769,1202,0.412947,0.117769,long
6731,0.126191,0.144887,0.135217,1202,0.412947,0.135217,long
6732,0.144887,0.166353,0.155249,1202,0.412947,0.155249,long
6733,0.166353,0.190999,0.17825,1202,0.412947,0.17825,long
6734,0.190999,0.219296,0.204659,1202,0.412947,0.204659,long
6735,0.219296,0.251785,0.23498,1202,0.412947,0.23498,long
6736,0.251785,0.289088,0.269793,1202,0.412947,0.269793,long
6737,0.289088,0.331917,0.309763,1202,0.412947,0.309763,long
6738,0.331917,0.381092,0.355656,1202,0.412947,0.355656,long
6739,0.381092,0.437552,0.408348,1202,0.412947,0.408348,long
6740,0.437552,0.502377,0.468846,1202,0.412947,0.468846,long
6741,0.502377,0.576806,0.538307,1202,0.412947,0.538307,long
6742,0.576806,0.662262,0.618059,1202,0.412947,0.618059,long
6743,0.662262,0.760379,0.709627,1202,0.412947,0.709627,long
6744,0.760379,0.873032,0.814761,1202,0.412947,0.814761,long
6745,0.873032,1.00237,0.93547,1202,0.412947,0.93547,long
6746,1.00237,1.15088,1.07406,1202,0.412947,1.07406,long
6747,1.15088,1.32139,1.23319,1202,0.412947,1.23319,long
6748,1.32139,1.51716,1.41589,1202,0.412947,1.41589,long
6749,1.51716,1.74193,1.62566,1202,0.412947,1.62566,long
6750,1.74193,2,1.86651,1202,0.412947,1.86651,long
6751,0.002,0.00229631,0.00214304,1202,0.469307,0.00214304,long
6752,0.00229631,0.00263651,0.00246054,1202,0.469307,0.00246054,long
6753,0.00263651,0.00302712,0.00282508,1202,0.469307,0.00282508,long
6754,0.00302712,0.0034756,0.00324362,1202,0.469307,0.00324362,long
6755,0.0034756,0.00399052,0.00372417,1202,0.469307,0.00372417,long
6756,0.00399052,0.00458174,0.00427592,1202,0.469307,0.00427592,long
6757,0.00458174,0.00526054,0.00490942,1202,0.469307,0.00490942,long
6758,0.00526054,0.0060399,0.00563677,1202,0.469307,0.00563677,long
6759,0.0060399,0.00693474,0.00647187,1202,0.469307,0.00647187,long
6760,0.00693474,0.00796214,0.0074307,1202,0.469307,0.0074307,long
6761,0.00796214,0.00914176,0.00853159,1202,0.469307,0.00853159,long
6762,0.00914176,0.0104961,0.00979558,1202,0.469307,0.00979558,long
6763,0.0104961,0.0120512,0.0112468,1202,0.469307,0.0112468,long
6764,0.0120512,0.0138366,0.0129131,1202,0.469307,0.0129131,long
6765,0.0138366,0.0158866,0.0148262,1202,0.469307,0.0148262,long
6766,0.0158866,0.0182402,0.0170228,1202,0.469307,0.0170228,long
6767,0.0182402,0.0209426,0.0195447,1202,0.469307,0.0195447,long
6768,0.0209426,0.0240453,0.0224404,1202,0.469307,0.0224404,long
6769,0.0240453,0.0276077,0.025765,1202,0.469307,0.025765,long
6770,0.0276077,0.0316979,0.0295822,1202,0.469307,0.0295822,long
6771,0.0316979,0.036394,0.0339649,1202,0.469307,0.0339649,long
6772,0.036394,0.0417859,0.0389969,1202,0.469307,0.0389969,long
6773,0.0417859,0.0479767,0.0447744,1202,0.469307,0.0447744,long
6774,0.0479767,0.0550846,0.0514079,1202,0.469307,0.0514079,long
6775,0.0550846,0.0632456,0.0590242,1202,0.469307,0.0590242,long
6776,0.0632456,0.0726156,0.0677688,1202,0.469307,0.0677688,long
6777,0.0726156,0.0833739,0.077809,1202,0.469307,0.077809,long
6778,0.0833739,0.095726,0.0893367,1202,0.469307,0.0893367,long
6779,0.095726,0.109908,0.102572,1202,0.469307,0.102572,long
6780,0.109908,0.126191,0.117769,1202,0.469307,0.117769,long
6781,0.126191,0.144887,0.135217,1202,0.469307,0.135217,long
6782,0.144887,0.166353,0.155249,1202,0.469307,0.155249,long
6783,0.166353,0.190999,0.17825,1202,0.469307,0.17825,long
6784,0.190999,0.219296,0.204659,1202,0.469307,0.204659,long
6785,0.219296,0.251785,0.23498,1202,0.469307,0.23498,long
6786,0.251785,0.289088,0.269793,1202,0.469307,0.269793,long
6787,0.289088,0.331917,0.309763,1202,0.469307,0.309763,long
6788,0.331917,0.381092,0.355656,1202,0.469307,0.355656,long
6789,0.381092,0.437552,0.408348,1202,0.469307,0.408348,long
6790,0.437552,0.502377,0.468846,1202,0.469307,0.468846,long
6791,0.502377,0.576806,0.538307,1202,0.469307,0.538307,long
6792,0.576806,0.662262,0.618059,1202,0.469307,0.618059,long
6793,0.662262,0.760379,0.709627,1202,0.469307,0.709627,long
6794,0.760379,0.873032,0.814761,1202,0.469307,0.814761,long
6795,0.873032,1.00237,0.93547,1202,0.469307,0.93547,long
6796,1.00237,1.15088,1.07406,1202,0.469307,1.07406,long
6797,1.15088,1.32139,1.23319,1202,0.469307,1.23319,long
6798,1.32139,1.51716,1.41589,1202,0.469307,1.41589,long
6799,1.51716,1.74193,1.62566,1202,0.469307,1.62566,long
6800,1.74193,2,1.86651,1202,0.469307,1.86651,long
6801,0.002,0.00229631,0.00214304,1202,0.53336,0.00214304,long
6802,0.00229631,0.00263651,0.00246054,1202,0.53336,0.00246054,long
6803,0.00263651,0.00302712,0.00282508,1202,0.53336,0.00282508,long
6804,0.00302712,0.0034756,0.00324362,1202,0.53336,0.00324362,long
6805,0.0034756,0.00399052,0.00372417,1202,0.53336,0.00372417,long
6806,0.00399052,0.00458174,0.00427592,1202,0.53336,0.00427592,long
6807,0.00458174,0.00526054,0.00490942,1202,0.53336,0.00490942,long
6808,0.00526054,0.0060399,0.00563677,1202,0.53336,0.00563677,long
6809,0.0060399,0.00693474,0.00647187,1202,0.53336,0.00647187,long
6810,0.00693474,0.00796214,0.0074307,1202,0.53336,0.0074307,long
6811,0.00796214,0.00914176,0.00853159,1202,0.53336,0.00853159,long
6812,0.00914176,0.0104961,0.00979558,1202,0.53336,0.00979558,long
6813,0.0104961,0.0120512,0.0112468,1202,0.53336,0.0112468,long
6814,0.0120512,0.0138366,0.0129131,1202,0.53336,0.0129131,long
6815,0.0138366,0.0158866,0.0148262,1202,0.53336,0.0148262,long
6816,0.0158866,0.0182402,0.0170228,1202,0.53336,0.0170228,long
6817,0.0182402,0.0209426,0.0195447,1202,0.53336,0.0195447,long
6818,0.0209426,0.0240453,0.0224404,1202,0.53336,0.0224404,long
6819,0.0240453,0.0276077,0.025765,1202,0.53336,0.025765,long
6820,0.0276077,0.0316979,0.0295822,1202,0.53336,0.0295822,long
6821,0.0316979,0.036394,0.0339649,1202,0.53336,0.0339649,long
6822,0.036394,0.0417859,0.0389969,1202,0.53336,0.0389969,long
6823,0.0417859,0.0479767,0.0447744,1202,0.53336,0.0447744,long
6824,0.0479767,0.0550846,0.0514079,1202,0.53336,0.0514079,long
6825,0.0550846,0.0632456,0.0590242,1202,0.53336,0.0590242,long
6826,0.0632456,0.0726156,0.0677688,1202,0.53336,0.0677688,long
6827,0.0726156,0.0833739,0.077809,1202,0.53336,0.077809,long
6828,0.0833739,0.095726,0.0893367,1202,0.53336,0.0893367,long
6829,0.095726,0.109908,0.102572,1202,0.53336,0.102572,long
6830,0.109908,0.126191,0.117769,1202,0.53336,0.117769,long
6831,0.126191,0.144887,0.135217,1202,0.53336,0.135217,long
6832,0.144887,0.166353,0.155249,1202,0.53336,0.155249,long
6833,0.166353,0.190999,0.17825,1202,0.53336,0.17825,long
6834,0.190999,0.219296,0.204659,1202,0.53336,0.204659,long
6835,0.219296,0.251785,0.23498,1202,0.53336,0.23498,long
6836,0.251785,0.289088,0.269793,1202,0.53336,0.269793,long
6837,0.289088,0.331917,0.309763,1202,0.53336,0.309763,long
6838,0.331917,0.381092,0.355656,1202,0.53336,0.355656,long
6839,0.381092,0.437552,0.408348,1202,0.53336,0.408348,long
6840,0.437552,0.502377,0.468846,1202,0.53336,0.468846,long
6841,0.502377,0.576806,0.538307,1202,0.53336,0.538307,long
6842,0.576806,0.662262,0.618059,1202,0.53336,0.618059,long
6843,0.662262,0.760379,0.709627,1202,0.53336,0.709627,long
6844,0.760379,0.873032,0.814761,1202,0.53336,0.814761,long
6845,0.873032,1.00237,0.93547,1202,0.53336,0.93547,long
6846,1.00237,1.15088,1.07406,1202,0.53336,1.07406,long
6847,1.15088,1.32139,1.23319,1202,0.53336,1.23319,long
6848,1.32139,1.51716,1.41589,1202,0.53336,1.41589,long
6849,1.51716,1.74193,1.62566,1202,0.53336,1.62566,long
6850,1.74193,2,1.86651,1202,0.53336,1.86651,long
6851,0.002,0.00229631,0.00214304,1202,0.606155,0.00214304,long
6852,0.00229631,0.00263651,0.00246054,1202,0.606155,0.00246054,long
6853,0.00263651,0.00302712,0.00282508,1202,0.606155,0.00282508,long
6854,0.00302712,0.0034756,0.00324362,1202,0.606155,0.00324362,long
6855,0.0034756,0.00399052,0.00372417,1202,0.606155,0.00372417,long
6856,0.00399052,0.00458174,0.00427592,1202,0.606155,0.00427592,long
6857,0.00458174,0.00526054,0.00490942,1202,0.606155,0.00490942,long
6858,0.00526054,0.0060399,0.00563677,1202,0.606155,0.00563677,long
6859,0.0060399,0.00693474,0.00647187,1202,0.606155,0.00647187,long
6860,0.00693474,0.00796214,0.0074307,1202,0.606155,0.0074307,long
6861,0.00796214,0.00914176,0.00853159,1202,0.606155,0.00853159,long
6862,0.00914176,0.0104961,0.00979558,1202,0.606155,0.00979558,long
6863,0.0104961,0.0120512,0.0112468,1202,0.606155,0.0112468,long
6864,0.0120512,0.0138366,0.0129131,1202,0.606155,0.0129131,long
6865,0.0138366,0.0158866,0.0148262,1202,0.606155,0.0148262,long
6866,0.0158866,0.0182402,0.0170228,1202,0.606155,0.0170228,long
6867,0.0182402,0.0209426,0.0195447,1202,0.606155,0.0195447,long
6868,0.0209426,0.0240453,0.0224404,1202,0.606155,0.0224404,long
6869,0.0240453,0.0276077,0.025765,1202,0.606155,0.025765,long
6870,0.0276077,0.0316979,0.0295822,1202,0.606155,0.0295822,long
6871,0.0316979,0.036394,0.0339649,1202,0.606155,0.0339649,long
6872,0.036394,0.0417859,0.0389969,1202,0.606155,0.0389969,long
6873,0.0417859,0.0479767,0.0447744,1202,0.606155,0.0447744,long
6874,0.0479767,0.0550846,0.0514079,1202,0.606155,0.0514079,long
6875,0.0550846,0.0632456,0.0590242,1202,0.606155,0.0590242,long
6876,0.0632456,0.0726156,0.0677688,1202,0.606155,0.0677688,long
6877,0.0726156,0.0833739,0.077809,1202,0.606155,0.077809,long
6878,0.0833739,0.095726,0.0893367,1202,0.606155,0.0893367,long
6879,0.095726,0.109908,0.102572,1202,0.606155,0.102572,long
6880,0.109908,0.126191,0.117769,1202,0.606155,0.117769,long
6881,0.126191,0.144887,0.135217,1202,0.606155,0.135217,long
6882,0.144887,0.166353,0.155249,1202,0.606155,0.155249,long
6883,0.166353,0.190999,0.17825,1202,0.606155,0.17825,long
6884,0.190999,0.219296,0.204659,1202,0.606155,0.204659,long
6885,0.219296,0.251785,0.23498,1202,0.606155,0.23498,long
6886,0.251785,0.289088,0.269793,1202,0.606155,0.269793,long
6887,0.289088,0.331917,0.309763,1202,0.606155,0.309763,long
6888,0.331917,0.381092,0.355656,1202,0.606155,0.355656,long
6889,0.381092,0.437552,0.408348,1202,0.606155,0.408348,long
6890,0.437552,0.502377,0.468846,1202,0.606155,0.468846,long
6891,0.502377,0.576806,0.538307,1202,0.606155,0.538307,long
6892,0.576806,0.662262,0.618059,1202,0.606155,0.618059,long
6893,0.662262,0.760379,0.709627,1202,0.606155,0.709627,long
6894,0.760379,0.873032,0.814761,1202,0.606155,0.814761,long
6895,0.873032,1.00237,0.93547,1202,0.606155,0.93547,long
6896,1.00237,1.15088,1.07406,1202,0.606155,1.07406,long
6897,1.15088,1.32139,1.23319,1202,0.606155,1.23319,long
6898,1.32139,1.51716,1.41589,1202,0.606155,1.41589,long
6899,1.51716,1.74193,1.62566,1202,0.606155,1.62566,long
6900,1.74193,2,1.86651,1202,0.606155,1.86651,long
6901,0.002,0.00229631,0.00214304,1202,0.688885,0.00214304,long
6902,0.00229631,0.00263651,0.00246054,1202,0.688885,0.00246054,long
6903,0.00263651,0.00302712,0.00282508,1202,0.688885,0.00282508,long
6904,0.00302712,0.0034756,0.00324362,1202,0.688885,0.00324362,long
6905,0.0034756,0.00399052,0.00372417,1202,0.688885,0.00372417,long
6906,0.00399052,0.00458174,0.00427592,1202,0.688885,0.00427592,long
6907,0.00458174,0.00526054,0.00490942,1202,0.688885,0.00490942,long
6908,0.00526054,0.0060399,0.00563677,1202,0.688885,0.00563677,long
6909,0.0060399,0.00693474,0.00647187,1202,0.688885,0.00647187,long
6910,0.00693474,0.00796214,0.0074307,1202,0.688885,0.0074307,long
6911,0.00796214,0.00914176,0.00853159,1202,0.688885,0.00853159,long
6912,0.00914176,0.0104961,0.00979558,1202,0.688885,0.00979558,long
6913,0.0104961,0.0120512,0.0112468,1202,0.688885,0.0112468,long
6914,0.0120512,0.0138366,0.0129131,1202,0.688885,0.0129131,long
6915,0.0138366,0.0158866,0.0148262,1202,0.688885,0.0148262,long
6916,0.0158866,0.0182402,0.0170228,1202,0.688885,0.0170228,long
6917,0.0182402,0.0209426,0.0195447,1202,0.688885,0.0195447,long
6918,0.0209426,0.0240453,0.0224404,1202,0.688885,0.0224404,long
6919,0.0240453,0.0276077,0.025765,1202,0.688885,0.025765,long
6920,0.0276077,0.0316979,0.0295822,1202,0.688885,0.0295822,long
6921,0.0316979,0.036394,0.0339649,1202,0.688885,0.0339649,long
6922,0.036394,0.0417859,0.0389969,1202,0.688885,0.0389969,long
6923,0.0417859,0.0479767,0.0447744,1202,0.688885,0.0447744,long
6924,0.0479767,0.0550846,0.0514079,1202,0.688885,0.0514079,long
6925,0.0550846,0.0632456,0.0590242,1202,0.688885,0.0590242,long
6926,0.0632456,0.0726156,0.0677688,1202,0.688885,0.0677688,long
6927,0.0726156,0.0833739,0.077809,1202,0.688885,0.077809,long
6928,0.0833739,0.095726,0.0893367,1202,0.688885,0.0893367,long
6929,0.095726,0.109908,0.102572,1202,0.688885,0.102572,long
6930,0.109908,0.126191,0.117769,1202,0.688885,0.117769,long
6931,0.126191,0.144887,0.135217,1202,0.688885,0.135217,long
6932,0.144887,0.166353,0.155249,1202,0.688885,0.155249,long
6933,0.166353,0.190999,0.17825,1202,0.688885,0.17825,long
6934,0.190999,0.219296,0.204659,1202,0.688885,0.204659,long
6935,0.219296,0.251785,0.23498,1202,0.688885,0.23498,long
6936,0.251785,0.289088,0.269793,1202,0.688885,0.269793,long
6937,0.289088,0.331917,0.309763,1202,0.688885,0.309763,long
6938,0.331917,0.381092,0.355656,1202,0.688885,0.355656,long
6939,0.381092,0.437552,0.408348,1202,0.688885,0.408348,long
6940,0.437552,0.502377,0.468846,1202,0.688885,0.468846,long
6941,0.502377,0.576806,0.538307,1202,0.688885,0.538307,long
6942,0.576806,0.662262,0.618059,1202,0.688885,0.618059,long
6943,0.662262,0.760379,0.709627,1202,0.688885,0.709627,long
6944,0.760379,0.873032,0.814761,1202,0.688885,0.814761,long
6945,0.873032,1.00237,0.93547,1202,0.688885,0.93547,long
6946,1.00237,1.15088,1.07406,1202,0.688885,1.07406,long
6947,1.15088,1.32139,1.23319,1202,0.688885,1.23319,long
6948,1.32139,1.51716,1.41589,1202,0.688885,1.41589,long
6949,1.51716,1.74193,1.62566,1202,0.688885,1.62566,long
6950,1.74193,2,1.86651,1202,0.688885,1.86651,long
6951,0.002,0.00229631,0.00214304,1202,0.782906,0.00214304,long
6952,0.00229631,0.00263651,0.00246054,1202,0.782906,0.00246054,long
6953,0.00263651,0.00302712,0.00282508,1202,0.782906,0.00282508,long
6954,0.00302712,0.0034756,0.00324362,1202,0.782906,0.00324362,long
6955,0.0034756,0.00399052,0.00372417,1202,0.782906,0.00372417,long
6956,0.00399052,0.00458174,0.00427592,1202,0.782906,0.00427592,long
6957,0.00458174,0.00526054,0.00490942,1202,0.782906,0.00490942,long
6958,0.00526054,0.0060399,0.00563677,1202,0.782906,0.00563677,long
6959,0.0060399,0.00693474,0.00647187,1202,0.782906,0.00647187,long
6960,0.00693474,0.00796214,0.0074307,1202,0.782906,0.0074307,long
6961,0.00796214,0.00914176,0.00853159,1202,0.782906,0.00853159,long
6962,0.00914176,0.0104961,0.00979558,1202,0.782906,0.00979558,long
6963,0.0104961,0.0120512,0.0112468,1202,0.782906,0.0112468,long
6964,0.0120512,0.0138366,0.0129131,1202,0.782906,0.0129131,long
6965,0.0138366,0.0158866,0.0148262,1202,0.782906,0.0148262,long
6966,0.0158866,0.0182402,0.0170228,1202,0.782906,0.0170228,long
6967,0.0182402,0.0209426,0.0195447,1202,0.782906,0.0195447,long
6968,0.0209426,0.0240453,0.0224404,1202,0.782906,0.0224404,long
6969,0.0240453,0.0276077,0.025765,1202,0.782906,0.025765,long
6970,0.0276077,0.0316979,0.0295822,1202,0.782906,0.0295822,long
6971,0.0316979,0.036394,0.0339649,1202,0.782906,0.0339649,long
6972,0.036394,0.0417859,0.0389969,1202,0.782906,0.0389969,long
6973,0.0417859,0.0479767,0.0447744,1202,0.782906,0.0447744,long
6974,0.0479767,0.0550846,0.0514079,1202,0.782906,0.0514079,long
6975,0.0550846,0.0632456,0.0590242,1202,0.782906,0.0590242,long
6976,0.0632456,0.0726156,0.0677688,1202,0.782906,0.0677688,long
6977,0.0726156,0.0833739,0.077809,1202,0.782906,0.077809,long
6978,0.0833739,0.095726,0.0893367,1202,0.782906,0.0893367,long
6979,0.095726,0.109908,0.102572,1202,0.782906,0.102572,long
6980,0.109908,0.126191,0.117769,1202,0.782906,0.117769,long
6981,0.126191,0.144887,0.135217,1202,0.782906,0.135217,long
6982,0.144887,0.166353,0.155249,1202,0.782906,0.155249,long
6983,0.166353,0.190999,0.17825,1202,0.782906,0.17825,long
6984,0.190999,0.219296,0.204659,1202,0.782906,0.204659,long
6985,0.219296,0.251785,0.23498,1202,0.782906,0.23498,long
6986,0.251785,0.289088,0.269793,1202,0.782906,0.269793,long
6987,0.289088,0.331917,0.309763,1202,0.782906,0.309763,long
6988,0.331917,0.381092,0.355656,1202,0.782906,0.355656,long
6989,0.381092,0.437552,0.408348,1202,0.782906,0.408348,long
6990,0.437552,0.502377,0.468846,1202,0.782906,0.468846,long
6991,0.502377,0.576806,0.538307,1202,0.782906,0.538307,long
6992,0.576806,0.662262,0.618059,1202,0.782906,0.618059,long
6993,0.662262,0.760379,0.709627,1202,0.782906,0.709627,long
6994,0.760379,0.873032,0.814761,1202,0.782906,0.814761,long
6995,0.873032,1.00237,0.93547,1202,0.782906,0.93547,long
6996,1.00237,1.15088,1.07406,1202,0.782906,1.07406,long
6997,1.15088,1.32139,1.23319,1202,0.782906,1.23319,long
6998,1.32139,1.51716,1.41589,1202,0.782906,1.41589,long
6999,1.51716,1.74193,1.62566,1202,0.782906,1.62566,long
7000,1.74193,2,1.86651,1202,0.782906,1.86651,long
7001,0.002,0.00229631,0.00214304,1202,0.889759,0.00214304,long
7002,0.00229631,0.00263651,0.00246054,1202,0.889759,0.00246054,long
7003,0.00263651,0.00302712,0.00282508,1202,0.889759,0.00282508,long
7004,0.00302712,0.0034756,0.00324362,1202,0.889759,0.00324362,long
7005,0.0034756,0.00399052,0.00372417,1202,0.889759,0.00372417,long
7006,0.00399052,0.00458174,0.00427592,1202,0.889759,0.00427592,long
7007,0.00458174,0.00526054,0.00490942,1202,0.889759,0.00490942,long
7008,0.00526054,0.0060399,0.00563677,1202,0.889759,0.00563677,long
7009,0.0060399,0.00693474,0.00647187,1202,0.889759,0.00647187,long
7010,0.00693474,0.00796214,0.0074307,1202,0.889759,0.0074307,long
7011,0.00796214,0.00914176,0.00853159,1202,0.889759,0.00853159,long
7012,0.00914176,0.0104961,0.00979558,1202,0.889759,0.00979558,long
7013,0.0104961,0.0120512,0.0112468,1202,0.889759,0.0112468,long
7014,0.0120512,0.0138366,0.0129131,1202,0.889759,0.0129131,long
7015,0.0138366,0.0158866,0.0148262,1202,0.889759,0.0148262,long
7016,0.0158866,0.0182402,0.0170228,1202,0.889759,0.0170228,long
7017,0.0182402,0.0209426,0.0195447,1202,0.889759,0.0195447,long
7018,0.0209426,0.0240453,0.0224404,1202,0.889759,0.0224404,long
7019,0.0240453,0.0276077,0.025765,1202,0.889759,0.025765,long
7020,0.0276077,0.0316979,0.0295822,1202,0.889759,0.0295822,long
7021,0.0316979,0.036394,0.0339649,1202,0.889759,0.0339649,long
7022,0.036394,0.0417859,0.0389969,1202,0.889759,0.0389969,long
7023,0.0417859,0.0479767,0.0447744,1202,0.889759,0.0447744,long
7024,0.0479767,0.0550846,0.0514079,1202,0.889759,0.0514079,long
7025,0.0550846,0.0632456,0.0590242,1202,0.889759,0.0590242,long
7026,0.0632456,0.0726156,0.0677688,1202,0.889759,0.0677688,long
7027,0.0726156,0.0833739,0.077809,1202,0.889759,0.077809,long
7028,0.0833739,0.095726,0.0893367,1202,0.889759,0.0893367,long
7029,0.095726,0.109908,0.102572,1202,0.889759,0.102572,long
7030,0.109908,0.126191,0.117769,1202,0.889759,0.117769,long
7031,0.126191,0.144887,0.135217,1202,0.889759,0.135217,long
7032,0.144887,0.166353,0.155249,1202,0.889759,0.155249,long
7033,0.166353,0.190999,0.17825,1202,0.889759,0.17825,long
7034,0.190999,0.219296,0.204659,1202,0.889759,0.204659,long
7035,0.219296,0.251785,0.23498,1202,0.889759,0.23498,long
7036,0.251785,0.289088,0.269793,1202,0.889759,0.269793,long
7037,0.289088,0.331917,0.309763,1202,0.889759,0.309763,long
7038,0.331917,0.381092,0.355656,1202,0.889759,0.355656,long
7039,0.381092,0.437552,0.408348,1202,0.889759,0.408348,long
7040,0.437552,0.502377,0.468846,1202,0.889759,0.468846,long
7041,0.502377,0.576806,0.538307,1202,0.889759,0.538307,long
7042,0.576806,0.662262,0.618059,1202,0.889759,0.618059,long
7043,0.662262,0.760379,0.709627,1202,0.889759,0.709627,long
7044,0.760379,0.873032,0.814761,1202,0.889759,0.814761,long
7045,0.873032,1.00237,0.93547,1202,0.889759,0.93547,long
7046,1.00237,1.15088,1.07406,1202,0.889759,1.07406,long
7047,1.15088,1.32139,1.23319,1202,0.889759,1.23319,long
7048,1.32139,1.51716,1.41589,1202,0.889759,1.41589,long
7049,1.51716,1.74193,1.62566,1202,0.889759,1.62566,long
7050,1.74193,2,1.86651,1202,0.889759,1.86651,long
7051,0.002,0.00229631,0.00214304,1202,1.0112,0.00214304,long
7052,0.00229631,0.00263651,0.00246054,1202,1.0112,0.00246054,long
7053,0.00263651,0.00302712,0.00282508,1202,1.0112,0.00282508,long
7054,0.00302712,0.0034756,0.00324362,1202,1.0112,0.00324362,long
7055,0.0034756,0.00399052,0.00372417,1202,1.0112,0.00372417,long
7056,0.00399052,0.00458174,0.00427592,1202,1.0112,0.00427592,long
7057,0.00458174,0.00526054,0.00490942,1202,1.0112,0.00490942,long
7058,0.00526054,0.0060399,0.00563677,1202,1.0112,0.00563677,long
7059,0.0060399,0.00693474,0.00647187,1202,1.0112,0.00647187,long
7060,0.00693474,0.00796214,0.0074307,1202,1.0112,0.0074307,long
7061,0.00796214,0.00914176,0.00853159,1202,1.0112,0.00853159,long
7062,0.00914176,0.0104961,0.00979558,1202,1.0112,0.00979558,long
7063,0.0104961,0.0120512,0.0112468,1202,1.0112,0.0112468,long
7064,0.0120512,0.0138366,0.0129131,1202,1.0112,0.0129131,long
7065,0.0138366,0.0158866,0.0148262,1202,1.0112,0.0148262,long
7066,0.0158866,0.0182402,0.0170228,1202,1.0112,0.0170228,long
7067,0.0182402,0.0209426,0.0195447,1202,1.0112,0.0195447,long
7068,0.0209426,0.0240453,0.0224404,1202,1.0112,0.0224404,long
7069,0.0240453,0.0276077,0.025765,1202,1.0112,0.025765,long
7070,0.0276077,0.0316979,0.0295822,1202,1.0112,0.0295822,long
7071,0.0316979,0.036394,0.0339649,1202,1.0112,0.0339649,long
7072,0.036394,0.0417859,0.0389969,1202,1.0112,0.0389969,long
7073,0.0417859,0.0479767,0.0447744,1202,1.0112,0.0447744,long
7074,0.0479767,0.0550846,0.0514079,1202,1.0112,0.0514079,long
7075,0.0550846,0.0632456,0.0590242,1202,1.0112,0.0590242,long
7076,0.0632456,0.0726156,0.0677688,1202,1.0112,0.0677688,long
7077,0.0726156,0.0833739,0.077809,1202,1.0112,0.077809,long
7078,0.0833739,0.095726,0.0893367,1202,1.0112,0.0893367,long
7079,0.095726,0.109908,0.102572,1202,1.0112,0.102572,long
7080,0.109908,0.126191,0.117769,1202,1.0112,0.117769,long
7081,0.126191,0.144887,0.135217,1202,1.0112,0.135217,long
7082,0.144887,0.166353,0.155249,1202,1.0112,0.155249,long
7083,0.166353,0.190999,0.17825,1202,1.0112,0.17825,long
7084,0.190999,0.219296,0.204659,1202,1.0112,0.204659,long
7085,0.219296,0.251785,0.23498,1202,1.0112,0.23498,long
7086,0.251785,0.289088,0.269793,1202,1.0112,0.269793,long
7087,0.289088,0.331917,0.309763,1202,1.0112,0.309763,long
7088,0.331917,0.381092,0.355656,1202,1.0112,0.355656,long
7089,0.381092,0.437552,0.408348,1202,1.0112,0.408348,long
7090,0.437552,0.502377,0.468846,1202,1.0112,0.468846,long
7091,0.502377,0.576806,0.538307,1202,1.0112,0.538307,long
7092,0.576806,0.662262,0.618059,1202,1.0112,0.618059,long
7093,0.662262,0.760379,0.709627,1202,1.0112,0.709627,long
7094,0.760379,0.873032,0.814761,1202,1.0112,0.814761,long
7095,0.873032,1.00237,0.93547,1202,1.0112,0.93547,long
7096,1.00237,1.15088,1.07406,1202,1.0112,1.07406,long
7097,1.15088,1.32139,1.23319,1202,1.0112,1.23319,long
7098,1.32139,1.51716,1.41589,1202,1.0112,1.41589,long
7099,1.51716,1.74193,1.62566,1202,1.0112,1.62566,long
7100,1.74193,2,1.86651,1202,1.0112,1.86651,long
7101,0.002,0.00229631,0.00214304,1202,1.14921,0.00214304,long
7102,0.00229631,0.00263651,0.00246054,1202,1.14921,0.00246054,long
7103,0.00263651,0.00302712,0.00282508,1202,1.14921,0.00282508,long
7104,0.00302712,0.0034756,0.00324362,1202,1.14921,0.00324362,long
7105,0.0034756,0.00399052,0.00372417,1202,1.14921,0.00372417,long
7106,0.00399052,0.00458174,0.00427592,1202,1.14921,0.00427592,long
7107,0.00458174,0.00526054,0.00490942,1202,1.14921,0.00490942,long
7108,0.00526054,0.0060399,0.00563677,1202,1.14921,0.00563677,long
7109,0.0060399,0.00693474,0.00647187,1202,1.14921,0.00647187,long
7110,0.00693474,0.00796214,0.0074307,1202,1.14921,0.0074307,long
7111,0.00796214,0.00914176,0.00853159,1202,1.14921,0.00853159,long
7112,0.00914176,0.0104961,0.00979558,1202,1.14921,0.00979558,long
7113,0.0104961,0.0120512,0.0112468,1202,1.14921,0.0112468,long
7114,0.0120512,0.0138366,0.0129131,1202,1.14921,0.0129131,long
7115,0.0138366,0.0158866,0.0148262,1202,1.14921,0.0148262,long
7116,0.0158866,0.0182402,0.0170228,1202,1.14921,0.0170228,long
7117,0.0182402,0.0209426,0.0195447,1202,1.14921,0.0195447,long
7118,0.0209426,0.0240453,0.0224404,1202,1.14921,0.0224404,long
7119,0.0240453,0.0276077,0.025765,1202,1.14921,0.025765,long
7120,0.0276077,0.0316979,0.0295822,1202,1.14921,0.0295822,long
7121,0.0316979,0.036394,0.0339649,1202,1.14921,0.0339649,long
7122,0.036394,0.0417859,0.0389969,1202,1.14921,0.0389969,long
7123,0.0417859,0.0479767,0.0447744,1202,1.14921,0.0447744,long
7124,0.0479767,0.0550846,0.0514079,1202,1.14921,0.0514079,long
7125,0.0550846,0.0632456,0.0590242,1202,1.14921,0.0590242,long
7126,0.0632456,0.0726156,0.0677688,1202,1.14921,0.0677688,long
7127,0.0726156,0.0833739,0.077809,1202,1.14921,0.077809,long
7128,0.0833739,0.095726,0.0893367,1202,1.14921,0.0893367,long
7129,0.095726,0.109908,0.102572,1202,1.14921,0.102572,long
7130,0.109908,0.126191,0.117769,1202,1.14921,0.117769,long
7131,0.126191,0.144887,0.135217,1202,1.14921,0.135217,long
7132,0.144887,0.166353,0.155249,1202,1.14921,0.155249,long
7133,0.166353,0.190999,0.17825,1202,1.14921,0.17825,long
7134,0.190999,0.219296,0.204659,1202,1.14921,0.204659,long
7135,0.219296,0.251785,0.23498,1202,1.14921,0.23498,long
7136,0.251785,0.289088,0.269793,1202,1.14921,0.269793,long
7137,0.289088,0.331917,0.309763,1202,1.14921,0.309763,long
7138,0.331917,0.381092,0.355656,1202,1.14921,0.355656,long
7139,0.381092,0.437552,0.408348,1202,1.14921,0.408348,long
7140,0.437552,0.502377,0.468846,1202,1.14921,0.468846,long
7141,0.502377,0.576806,0.538307,1202,1.14921,0.538307,long
7142,0.576806,0.662262,0.618059,1202,1.14921,0.618059,long
7143,0.662262,0.760379,0.709627,1202,1.14921,0.709627,long
7144,0.760379,0.873032,0.814761,1202,1.14921,0.814761,long
7145,0.873032,1.00237,0.93547,1202,1.14921,0.93547,long
7146,1.00237,1.15088,1.07406,1202,1.14921,1.07406,long
7147,1.15088,1.32139,1.23319,1202,1.14921,1.23319,long
7148,1.32139,1.51716,1.41589,1202,1.14921,1.41589,long
7149,1.51716,1.74193,1.62566,1202,1.14921,1.62566,long
7150,1.74193,2,1.86651,1202,1.14921,1.86651,long
7151,0.002,0.00229631,0.00214304,1202,1.30606,0.00214304,long
7152,0.00229631,0.00263651,0.00246054,1202,1.30606,0.00246054,long
7153,0.00263651,0.00302712,0.00282508,1202,1.30606,0.00282508,long
7154,0.00302712,0.0034756,0.00324362,1202,1.30606,0.00324362,long
7155,0.0034756,0.00399052,0.00372417,1202,1.30606,0.00372417,long
7156,0.00399052,0.00458174,0.00427592,1202,1.30606,0.00427592,long
7157,0.00458174,0.00526054,0.00490942,1202,1.30606,0.00490942,long
7158,0.00526054,0.0060399,0.00563677,1202,1.30606,0.00563677,long
7159,0.0060399,0.00693474,0.00647187,1202,1.30606,0.00647187,long
7160,0.00693474,0.00796214,0.0074307,1202,1.30606,0.0074307,long
7161,0.00796214,0.00914176,0.00853159,1202,1.30606,0.00853159,long
7162,0.00914176,0.0104961,0.00979558,1202,1.30606,0.00979558,long
7163,0.0104961,0.0120512,0.0112468,1202,1.30606,0.0112468,long
7164,0.0120512,0.0138366,0.0129131,1202,1.30606,0.0129131,long
7165,0.0138366,0.0158866,0.0148262,1202,1.30606,0.0148262,long
7166,0.0158866,0.0182402,0.0170228,1202,1.30606,0.0170228,long
7167,0.0182402,0.0209426,0.0195447,1202,1.30606,0.0195447,long
7168,0.0209426,0.0240453,0.0224404,1202,1.30606,0.0224404,long
7169,0.0240453,0.0276077,0.025765,1202,1.30606,0.025765,long
7170,0.0276077,0.0316979,0.0295822,1202,1.30606,0.0295822,long
7171,0.0316979,0.036394,0.0339649,1202,1.30606,0.0339649,long
7172,0.036394,0.0417859,0.0389969,1202,1.30606,0.0389969,long
7173,0.0417859,0.0479767,0.0447744,1202,1.30606,0.0447744,long
7174,0.0479767,0.0550846,0.0514079,1202,1.30606,0.0514079,long
7175,0.0550846,0.0632456,0.0590242,1202,1.30606,0.0590242,long
7176,0.0632456,0.0726156,0.0677688,1202,1.30606,0.0677688,long
7177,0.0726156,0.0833739,0.077809,1202,1.30606,0.077809,long
7178,0.0833739,0.095726,0.0893367,1202,1.30606,0.0893367,long
7179,0.095726,0.109908,0.102572,1202,1.30606,0.102572,long
7180,0.109908,0.126191,0.117769,1202,1.30606,0.117769,long
7181,0.126191,0.144887,0.135217,1202,1.30606,0.135217,long
7182,0.144887,0.166353,0.155249,1202,1.30606,0.155249,long
7183,0.166353,0.190999,0.17825,1202,1.30606,0.17825,long
7184,0.190999,0.219296,0.204659,1202,1.30606,0.204659,long
7185,0.219296,0.251785,0.23498,1202,1.30606,0.23498,long
7186,0.251785,0.289088,0.269793,1202,1.30606,0.269793,long
7187,0.289088,0.331917,0.309763,1202,1.30606,0.309763,long
7188,0.331917,0.381092,0.355656,1202,1.30606,0.355656,long
7189,0.381092,0.437552,0.408348,1202,1.30606,0.408348,long
7190,0.437552,0.502377,0.468846,1202,1.30606,0.468846,long
7191,0.502377,0.576806,0.538307,1202,1.30606,0.538307,long
7192,0.576806,0.662262,0.618059,1202,1.30606,0.618059,long
7193,0.662262,0.760379,0.709627,1202,1.30606,0.709627,long
7194,0.760379,0.873032,0.814761,1202,1.30606,0.814761,long
7195,0.873032,1.00237,0.93547,1202,1.30606,0.93547,long
7196,1.00237,1.15088,1.07406,1202,1.30606,1.07406,long
7197,1.15088,1.32139,1.23319,1202,1.30606,1.23319,long
7198,1.32139,1.51716,1.41589,1202,1.30606,1.41589,long
7199,1.51716,1.74193,1.62566,1202,1.30606,1.62566,long
7200,1.74193,2,1.86651,1202,1.30606,1.86651,long
7201,0.002,0.00229631,0.00214304,1202,1.48431,0.00214304,long
7202,0.00229631,0.00263651,0.00246054,1202,1.48431,0.00246054,long
7203,0.00263651,0.00302712,0.00282508,1202,1.48431,0.00282508,long
7204,0.00302712,0.0034756,0.00324362,1202,1.48431,0.00324362,long
7205,0.0034756,0.00399052,0.00372417,1202,1.48431,0.00372417,long
7206,0.00399052,0.00458174,0.00427592,1202,1.48431,0.00427592,long
7207,0.00458174,0.00526054,0.00490942,1202,1.48431,0.00490942,long
7208,0.00526054,0.0060399,0.00563677,1202,1.48431,0.00563677,long
7209,0.0060399,0.00693474,0.00647187,1202,1.48431,0.00647187,long
7210,0.00693474,0.00796214,0.0074307,1202,1.48431,0.0074307,long
7211,0.00796214,0.00914176,0.00853159,1202,1.48431,0.00853159,long
7212,0.00914176,0.0104961,0.00979558,1202,1.48431,0.00979558,long
7213,0.0104961,0.0120512,0.0112468,1202,1.48431,0.0112468,long
7214,0.0120512,0.0138366,0.0129131,1202,1.48431,0.0129131,long
7215,0.0138366,0.0158866,0.0148262,1202,1.48431,0.0148262,long
7216,0.0158866,0.0182402,0.0170228,1202,1.48431,0.0170228,long
7217,0.0182402,0.0209426,0.0195447,1202,1.48431,0.0195447,long
7218,0.0209426,0.0240453,0.0224404,1202,1.48431,0.0224404,long
7219,0.0240453,0.0276077,0.025765,1202,1.48431,0.025765,long
7220,0.0276077,0.0316979,0.0295822,1202,1.48431,0.0295822,long
7221,0.0316979,0.036394,0.0339649,1202,1.48431,0.0339649,long
7222,0.036394,0.0417859,0.0389969,1202,1.48431,0.0389969,long
7223,0.0417859,0.0479767,0.0447744,1202,1.48431,0.0447744,long
7224,0.0479767,0.0550846,0.0514079,1202,1.48431,0.0514079,long
7225,0.0550846,0.0632456,0.0590242,1202,1.48431,0.0590242,long
7226,0.0632456,0.0726156,0.0677688,1202,1.48431,0.0677688,long
7227,0.0726156,0.0833739,0.077809,1202,1.48431,0.077809,long
7228,0.0833739,0.095726,0.0893367,1202,1.48431,0.0893367,long
7229,0.095726,0.109908,0.102572,1202,1.48431,0.102572,long
7230,0.109908,0.126191,0.117769,1202,1.48431,0.117769,long
7231,0.126191,0.144887,0.135217,1202,1.48431,0.135217,long
7232,0.144887,0.166353,0.155249,1202,1.48431,0.155249,long
7233,0.166353,0.190999,0.17825,1202,1.48431,0.17825,long
7234,0.190999,0.219296,0.204659,1202,1.48431,0.204659,long
7235,0.219296,0.251785,0.23498,1202,1.48431,0.23498,long
7236,0.251785,0.289088,0.269793,1202,1.48431,0.269793,long
7237,0.289088,0.331917,0.309763,1202,1.48431,0.309763,long
7238,0.331917,0.381092,0.355656,1202,1.48431,0.355656,long
7239,0.381092,0.437552,0.408348,1202,1.48431,0.408348,long
7240,0.437552,0.502377,0.468846,1202,1.48431,0.468846,long
7241,0.502377,0.576806,0.538307,1202,1.48431,0.538307,long
7242,0.576806,0.662262,0.618059,1202,1.48431,0.618059,long
7243,0.662262,0.760379,0.709627,1202,1.48431,0.709627,long
7244,0.760379,0.873032,0.814761,1202,1.48431,0.814761,long
7245,0.873032,1.00237,0.93547,1202,1.48431,0.93547,long
7246,1.00237,1.15088,1.07406,1202,1.48431,1.07406,long
7247,1.15088,1.32139,1.23319,1202,1.48431,1.23319,long
7248,1.32139,1.51716,1.41589,1202,1.48431,1.41589,long
7249,1.51716,1.74193,1.62566,1202,1.48431,1.62566,long
7250,1.74193,2,1.86651,1202,1.48431,1.86651,long
7251,0.002,0.00229631,0.00214304,1202,1.68689,0.00214304,long
7252,0.00229631,0.00263651,0.00246054,1202,1.68689,0.00246054,long
7253,0.00263651,0.00302712,0.00282508,1202,1.68689,0.00282508,long
7254,0.00302712,0.0034756,0.00324362,1202,1.68689,0.00324362,long
7255,0.0034756,0.00399052,0.00372417,1202,1.68689,0.00372417,long
7256,0.00399052,0.00458174,0.00427592,1202,1.68689,0.00427592,long
7257,0.00458174,0.00526054,0.00490942,1202,1.68689,0.00490942,long
7258,0.00526054,0.0060399,0.00563677,1202,1.68689,0.00563677,long
7259,0.0060399,0.00693474,0.00647187,1202,1.68689,0.00647187,long
7260,0.00693474,0.00796214,0.0074307,1202,1.68689,0.0074307,long
7261,0.00796214,0.00914176,0.00853159,1202,1.68689,0.00853159,long
7262,0.00914176,0.0104961,0.00979558,1202,1.68689,0.00979558,long
7263,0.0104961,0.0120512,0.0112468,1202,1.68689,0.0112468,long
7264,0.0120512,0.0138366,0.0129131,1202,1.68689,0.0129131,long
7265,0.0138366,0.0158866,0.0148262,1202,1.68689,0.0148262,long
7266,0.0158866,0.0182402,0.0170228,1202,1.68689,0.0170228,long
7267,0.0182402,0.0209426,0.0195447,1202,1.68689,0.0195447,long
7268,0.0209426,0.0240453,0.0224404,1202,1.68689,0.0224404,long
7269,0.0240453,0.0276077,0.025765,1202,1.68689,0.025765,long
7270,0.0276077,0.0316979,0.0295822,1202,1.68689,0.0295822,long
7271,0.0316979,0.036394,0.0339649,1202,1.68689,0.0339649,long
7272,0.036394,0.0417859,0.0389969,1202,1.68689,0.0389969,long
7273,0.0417859,0.0479767,0.0447744,1202,1.68689,0.0447744,long
7274,0.0479767,0.0550846,0.0514079,1202,1.68689,0.0514079,long
7275,0.0550846,0.0632456,0.0590242,1202,1.68689,0.0590242,long
7276,0.0632456,0.0726156,0.0677688,1202,1.68689,0.0677688,long
7277,0.0726156,0.0833739,0.077809,1202,1.68689,0.077809,long
7278,0.0833739,0.095726,0.0893367,1202,1.68689,0.0893367,long
7279,0.095726,0.109908,0.102572,1202,1.68689,0.102572,long
7280,0.109908,0.126191,0.117769,1202,1.68689,0.117769,long
7281,0.126191,0.144887,0.135217,1202,1.68689,0.135217,long
7282,0.144887,0.166353,0.155249,1202,1.68689,0.155249,long
7283,0.166353,0.190999,0.17825,1202,1.68689,0.17825,long
7284,0.190999,0.219296,0.204659,1202,1.68689,0.204659,long
7285,0.219296,0.251785,0.23498,1202,1.68689,0.23498,long
7286,0.251785,0.289088,0.269793,1202,1.68689,0.269793,long
7287,0.289088,0.331917,0.309763,1202,1.68689,0.309763,long
7288,0.331917,0.381092,0.355656,1202,1.68689,0.355656,long
7289,0.381092,0.437552,0.408348,1202,1.68689,0.408348,long
7290,0.437552,0.502377,0.468846,1202,1.68689,0.468846,long
7291,0.502377,0.576806,0.538307,1202,1.68689,0.538307,long
7292,0.576806,0.662262,0.618059,1202,1.68689,0.618059,long
7293,0.662262,0.760379,0.709627,1202,1.68689,0.709627,long
7294,0.760379,0.873032,0.814761,1202,1.68689,0.814761,long
7295,0.873032,1.00237,0.93547,1202,1.68689,0.93547,long
7296,1.00237,1.15088,1.07406,1202,1.68689,1.07406,long
7297,1.15088,1.32139,1.23319,1202,1.68689,1.23319,long
7298,1.32139,1.51716,1.41589,1202,1.68689,1.41589,long
7299,1.51716,1.74193,1.62566,1202,1.68689,1.62566,long
7300,1.74193,2,1.86651,1202,1.68689,1.86651,long
7301,0.002,0.00229631,0.00214304,1202,1.91713,0.00214304,long
7302,0.00229631,0.00263651,0.00246054,1202,1.91713,0.00246054,long
7303,0.00263651,0.00302712,0.00282508,1202,1.91713,0.00282508,long
7304,0.00302712,0.0034756,0.00324362,1202,1.91713,0.00324362,long
7305,0.0034756,0.00399052,0.00372417,1202,1.91713,0.00372417,long
7306,0.00399052,0.00458174,0.00427592,1202,1.91713,0.00427592,long
7307,0.00458174,0.00526054,0.00490942,1202,1.91713,0.00490942,long
7308,0.00526054,0.0060399,0.00563677,1202,1.91713,0.00563677,long
7309,0.0060399,0.00693474,0.00647187,1202,1.91713,0.00647187,long
7310,0.00693474,0.00796214,0.0074307,1202,1.91713,0.0074307,long
7311,0.00796214,0.00914176,0.00853159,1202,1.91713,0.00853159,long
7312,0.00914176,0.0104961,0.00979558,1202,1.91713,0.00979558,long
7313,0.0104961,0.0120512,0.0112468,1202,1.91713,0.0112468,long
7314,0.0120512,0.0138366,0.0129131,1202,1.91713,0.0129131,long
7315,0.0138366,0.0158866,0.0148262,1202,1.91713,0.0148262,long
7316,0.0158866,0.0182402,0.0170228,1202,1.91713,0.0170228,long
7317,0.0182402,0.0209426,0.0195447,1202,1.91713,0.0195447,long
7318,0.0209426,0.0240453,0.0224404,1202,1.91713,0.0224404,long
7319,0.0240453,0.0276077,0.025765,1202,1.91713,0.025765,long
7320,0.0276077,0.0316979,0.0295822,1202,1.91713,0.0295822,long
7321,0.0316979,0.036394,0.0339649,1202,1.91713,0.0339649,long
7322,0.036394,0.0417859,0.0389969,1202,1.91713,0.0389969,long
7323,0.0417859,0.0479767,0.0447744,1202,1.91713,0.0447744,long
7324,0.0479767,0.0550846,0.0514079,1202,1.91713,0.0514079,long
7325,0.0550846,0.0632456,0.0590242,1202,1.91713,0.0590242,long
7326,0.0632456,0.0726156,0.0677688,1202,1.91713,0.0677688,long
7327,0.0726156,0.0833739,0.077809,1202,1.91713,0.077809,long
7328,0.0833739,0.095726,0.0893367,1202,1.91713,0.0893367,long
7329,0.095726,0.109908,0.102572,1202,1.91713,0.102572,long
7330,0.109908,0.126191,0.117769,1202,1.91713,0.117769,long
7331,0.126191,0.144887,0.135217,1202,1.91713,0.135217,long
7332,0.144887,0.166353,0.155249,1202,1.91713,0.155249,long
7333,0.166353,0.190999,0.17825,1202,1.91713,0.17825,long
7334,0.190999,0.219296,0.204659,1202,1.91713,0.204659,long
7335,0.219296,0.251785,0.23498,1202,1.91713,0.23498,long
7336,0.251785,0.289088,0.269793,1202,1.91713,0.269793,long
7337,0.289088,0.331917,0.309763,1202,1.91713,0.309763,long
7338,0.331917,0.381092,0.355656,1202,1.91713,0.355656,long
7339,0.381092,0.437552,0.408348,1202,1.91713,0.408348,long
7340,0.437552,0.502377,0.468846,1202,1.91713,0.468846,long
7341,0.502377,0.576806,0.538307,1202,1.91713,0.538307,long
7342,0.576806,0.662262,0.618059,1202,1.91713,0.618059,long
7343,0.662262,0.760379,0.709627,1202,1.91713,0.709627,long
7344,0.760379,0.873032,0.814761,1202,1.91713,0.814761,long
7345,0.873032,1.00237,0.93547,1202,1.91713,0.93547,long
7346,1.00237,1.15088,1.07406,1202,1.91713,1.07406,long
7347,1.15088,1.32139,1.23319,1202,1.91713,1.23319,long
7348,1.32139,1.51716,1.41589,1202,1.91713,1.41589,long
7349,1.51716,1.74193,1.62566,1202,1.91713,1.62566,long
7350,1.74193,2,1.86651,1202,1.91713,1.86651,long
7351,0.002,0.00229631,0.00214304,1202,2.17878,0.00214304,long
7352,0.00229631,0.00263651,0.00246054,1202,2.17878,0.00246054,long
7353,0.00263651,0.00302712,0.00282508,1202,2.17878,0.00282508,long
7354,0.00302712,0.0034756,0.00324362,1202,2.17878,0.00324362,long
7355,0.0034756,0.00399052,0.00372417,1202,2.17878,0.00372417,long
7356,0.00399052,0.00458174,0.00427592,1202,2.17878,0.00427592,long
7357,0.00458174,0.00526054,0.00490942,1202,2.17878,0.00490942,long
7358,0.00526054,0.0060399,0.00563677,1202,2.17878,0.00563677,long
7359,0.0060399,0.00693474,0.00647187,1202,2.17878,0.00647187,long
7360,0.00693474,0.00796214,0.0074307,1202,2.17878,0.0074307,long
7361,0.00796214,0.00914176,0.00853159,1202,2.17878,0.00853159,long
7362,0.00914176,0.0104961,0.00979558,1202,2.17878,0.00979558,long
7363,0.0104961,0.0120512,0.0112468,1202,2.17878,0.0112468,long
7364,0.0120512,0.0138366,0.0129131,1202,2.17878,0.0129131,long
7365,0.0138366,0.0158866,0.0148262,1202,2.17878,0.0148262,long
7366,0.0158866,0.0182402,0.0170228,1202,2.17878,0.0170228,long
7367,0.0182402,0.0209426,0.0195447,1202,2.17878,0.0195447,long
7368,0.0209426,0.0240453,0.0224404,1202,2.17878,0.0224404,long
7369,0.0240453,0.0276077,0.025765,1202,2.17878,0.025765,long
7370,0.0276077,0.0316979,0.0295822,1202,2.17878,0.0295822,long
7371,0.0316979,0.036394,0.0339649,1202,2.17878,0.0339649,long
7372,0.036394,0.0417859,0.0389969,1202,2.17878,0.0389969,long
7373,0.0417859,0.0479767,0.0447744,1202,2.17878,0.0447744,long
7374,0.0479767,0.0550846,0.0514079,1202,2.17878,0.0514079,long
7375,0.0550846,0.0632456,0.0590242,1202,2.17878,0.0590242,long
7376,0.0632456,0.0726156,0.0677688,1202,2.17878,0.0677688,long
7377,0.0726156,0.0833739,0.077809,1202,2.17878,0.077809,long
7378,0.0833739,0.095726,0.0893367,1202,2.17878,0.0893367,long
7379,0.095726,0.109908,0.102572,1202,2.17878,0.102572,long
7380,0.109908,0.126191,0.117769,1202,2.17878,0.117769,long
7381,0.126191,0.144887,0.135217,1202,2.17878,0.135217,long
7382,0.144887,0.166353,0.155249,1202,2.17878,0.155249,long
7383,0.166353,0.190999,0.17825,1202,2.17878,0.17825,long
7384,0.190999,0.219296,0.204659,1202,2.17878,0.204659,long
7385,0.219296,0.251785,0.23498,1202,2.17878,0.23498,long
7386,0.251785,0.289088,0.269793,1202,2.17878,0.269793,long
7387,0.289088,0.331917,0.309763,1202,2.17878,0.309763,long
7388,0.331917,0.381092,0.355656,1202,2.17878,0.355656,long
7389,0.381092,0.437552,0.408348,1202,2.17878,0.408348,long
7390,0.437552,0.502377,0.468846,1202,2.17878,0.468846,long
7391,0.502377,0.576806,0.538307,1202,2.17878,0.538307,long
7392,0.576806,0.662262,0.618059,1202,2.17878,0.618059,long
7393,0.662262,0.760379,0.709627,1202,2.17878,0.709627,long
7394,0.760379,0.873032,0.814761,1202,2.17878,0.814761,long
7395,0.873032,1.00237,0.93547,1202,2.17878,0.93547,long
7396,1.00237,1.15088,1.07406,1202,2.17878,1.07406,long
7397,1.15088,1.32139,1.23319,1202,2.17878,1.23319,long
7398,1.32139,1.51716,1.41589,1202,2.17878,1.41589,long
7399,1.51716,1.74193,1.62566,1202,2.17878,1.62566,long
7400,1.74193,2,1.86651,1202,2.17878,1.86651,long
7401,0.002,0.00229631,0.00214304,1202,2.47615,0.00214304,long
7402,0.00229631,0.00263651,0.00246054,1202,2.47615,0.00246054,long
7403,0.00263651,0.00302712,0.00282508,1202,2.47615,0.00282508,long
7404,0.00302712,0.0034756,0.00324362,1202,2.47615,0.00324362,long
7405,0.0034756,0.00399052,0.00372417,1202,2.47615,0.00372417,long
7406,0.00399052,0.00458174,0.00427592,1202,2.47615,0.00427592,long
7407,0.00458174,0.00526054,0.00490942,1202,2.47615,0.00490942,long
7408,0.00526054,0.0060399,0.00563677,1202,2.47615,0.00563677,long
7409,0.0060399,0.00693474,0.00647187,1202,2.47615,0.00647187,long
7410,0.00693474,0.00796214,0.0074307,1202,2.47615,0.0074307,long
7411,0.00796214,0.00914176,0.00853159,1202,2.47615,0.00853159,long
7412,0.00914176,0.0104961,0.00979558,1202,2.47615,0.00979558,long
7413,0.0104961,0.0120512,0.0112468,1202,2.47615,0.0112468,long
7414,0.0120512,0.0138366,0.0129131,1202,2.47615,0.0129131,long
7415,0.0138366,0.0158866,0.0148262,1202,2.47615,0.0148262,long
7416,0.0158866,0.0182402,0.0170228,1202,2.47615,0.0170228,long
7417,0.0182402,0.0209426,0.0195447,1202,2.47615,0.0195447,long
7418,0.0209426,0.0240453,0.0224404,1202,2.47615,0.0224404,long
7419,0.0240453,0.0276077,0.025765,1202,2.47615,0.025765,long
7420,0.0276077,0.0316979,0.0295822,1202,2.47615,0.0295822,long
7421,0.0316979,0.036394,0.0339649,1202,2.47615,0.0339649,long
7422,0.036394,0.0417859,0.0389969,1202,2.47615,0.0389969,long
7423,0.0417859,0.0479767,0.0447744,1202,2.47615,0.0447744,long
7424,0.0479767,0.0550846,0.0514079,1202,2.47615,0.0514079,long
7425,0.0550846,0.0632456,0.0590242,1202,2.47615,0.0590242,long
7426,0.0632456,0.0726156,0.0677688,1202,2.47615,0.0677688,long
7427,0.0726156,0.0833739,0.077809,1202,2.47615,0.077809,long
7428,0.0833739,0.095726,0.0893367,1202,2.47615,0.0893367,long
7429,0.095726,0.109908,0.102572,1202,2.47615,0.102572,long
7430,0.109908,0.126191,0.117769,1202,2.47615,0.117769,long
7431,0.126191,0.144887,0.135217,1202,2.47615,0.135217,long
7432,0.144887,0.166353,0.155249,1202,2.47615,0.155249,long
7433,0.166353,0.190999,0.17825,1202,2.47615,0.17825,long
7434,0.190999,0.219296,0.204659,1202,2.47615,0.204659,long
7435,0.219296,0.251785,0.23498,1202,2.47615,0.23498,long
7436,0.251785,0.289088,0.269793,1202,2.47615,0.269793,long
7437,0.289088,0.331917,0.309763,1202,2.47615,0.309763,long
7438,0.331917,0.381092,0.355656,1202,2.47615,0.355656,long
7439,0.381092,0.437552,0.408348,1202,2.47615,0.408348,long
7440,0.437552,0.502377,0.468846,1202,2.47615,0.468846,long
7441,0.502377,0.576806,0.538307,1202,2.47615,0.538307,long
7442,0.576806,0.662262,0.618059,1202,2.47615,0.618059,long
7443,0.662262,0.760379,0.709627,1202,2.47615,0.709627,long
7444,0.760379,0.873032,0.814761,1202,2.47615,0.814761,long
7445,0.873032,1.00237,0.93547,1202,2.47615,0.93547,long
7446,1.00237,1.15088,1.07406,1202,2.47615,1.07406,long
7447,1.15088,1.32139,1.23319,1202,2.47615,1.23319,long
7448,1.32139,1.51716,1.41589,1202,2.47615,1.41589,long
7449,1.51716,1.74193,1.62566,1202,2.47615,1.62566,long
7450,1.74193,2,1.86651,1202,2.47615,1.86651,long
7451,0.002,0.00229631,0.00214304,1202,2.8141,0.00214304,long
7452,0.00229631,0.00263651,0.00246054,1202,2.8141,0.00246054,long
7453,0.00263651,0.00302712,0.00282508,1202,2.8141,0.00282508,long
7454,0.00302712,0.0034756,0.00324362,1202,2.8141,0.00324362,long
7455,0.0034756,0.00399052,0.00372417,1202,2.8141,0.00372417,long
7456,0.00399052,0.00458174,0.00427592,1202,2.8141,0.00427592,long
7457,0.00458174,0.00526054,0.00490942,1202,2.8141,0.00490942,long
7458,0.00526054,0.0060399,0.00563677,1202,2.8141,0.00563677,long
7459,0.0060399,0.00693474,0.00647187,1202,2.8141,0.00647187,long
7460,0.00693474,0.00796214,0.0074307,1202,2.8141,0.0074307,long
7461,0.00796214,0.00914176,0.00853159,1202,2.8141,0.00853159,long
7462,0.00914176,0.0104961,0.00979558,1202,2.8141,0.00979558,long
7463,0.0104961,0.0120512,0.0112468,1202,2.8141,0.0112468,long
7464,0.0120512,0.0138366,0.0129131,1202,2.8141,0.0129131,long
7465,0.0138366,0.0158866,0.0148262,1202,2.8141,0.0148262,long
7466,0.0158866,0.0182402,0.0170228,1202,2.8141,0.0170228,long
7467,0.0182402,0.0209426,0.0195447,1202,2.8141,0.0195447,long
7468,0.0209426,0.0240453,0.0224404,1202,2.8141,0.0224404,long
7469,0.0240453,0.0276077,0.025765,1202,2.8141,0.025765,long
7470,0.0276077,0.0316979,0.0295822,1202,2.8141,0.0295822,long
7471,0.0316979,0.036394,0.0339649,1202,2.8141,0.0339649,long
7472,0.036394,0.0417859,0.0389969,1202,2.8141,0.0389969,long
7473,0.0417859,0.0479767,0.0447744,1202,2.8141,0.0447744,long
7474,0.0479767,0.0550846,0.0514079,1202,2.8141,0.0514079,long
7475,0.0550846,0.0632456,0.0590242,1202,2.8141,0.0590242,long
7476,0.0632456,0.0726156,0.0677688,1202,2.8141,0.0677688,long
7477,0.0726156,0.0833739,0.077809,1202,2.8141,0.077809,long
7478,0.0833739,0.095726,0.0893367,1202,2.8141,0.0893367,long
7479,0.095726,0.109908,0.102572,1202,2.8141,0.102572,long
7480,0.109908,0.126191,0.117769,1202,2.8141,0.117769,long
7481,0.126191,0.144887,0.135217,1202,2.8141,0.135217,long
7482,0.144887,0.166353,0.155249,1202,2.8141,0.155249,long
7483,0.166353,0.190999,0.17825,1202,2.8141,0.17825,long
7484,0.190999,0.219296,0.204659,1202,2.8141,0.204659,long
7485,0.219296,0.251785,0.23498,1202,2.8141,0.23498,long
7486,0.251785,0.289088,0.269793,1202,2.8141,0.269793,long
7487,0.289088,0.331917,0.309763,1202,2.8141,0.309763,long
7488,0.331917,0.381092,0.355656,1202,2.8141,0.355656,long
7489,0.381092,0.437552,0.408348,1202,2.8141,0.408348,long
7490,0.437552,0.502377,0.468846,1202,2.8141,0.468846,long
7491,0.502377,0.576806,0.538307,1202,2.8141,0.538307,long
7492,0.576806,0.662262,0.618059,1202,2.8141,0.618059,long
7493,0.662262,0.760379,0.709627,1202,2.8141,0.709627,long
7494,0.760379,0.873032,0.814761,1202,2.8141,0.814761,long
7495,0.873032,1.00237,0.93547,1202,2.8141,0.93547,long
7496,1.00237,1.15088,1.07406,1202,2.8141,1.07406,long
7497,1.15088,1.32139,1.23319,1202,2.8141,1.23319,long
7498,1.32139,1.51716,1.41589,1202,2.8141,1.41589,long
7499,1.51716,1.74193,1.62566,1202,2.8141,1.62566,long
7500,1.74193,2,1.86651,1202,2.8141,1.86651,long
