event_id,period_no,occ_year,occ_month,occ_day
2,6,6,9,11
1,17,17,10,5
1,19,19,2,14
1,26,26,6,18
1,56,56,6,21
2,58,58,7,19
1,65,65,12,12
1,72,72,1,23
2,74,74,8,23
1,76,76,9,7
2,81,81,2,22
1,94,94,12,12
2,95,95,5,20
1,106,106,1,15
3,107,107,2,7
7,114,114,9,26
1,122,122,11,22
1,125,125,12,11
1,126,126,11,12
1,134,134,9,25
1,137,137,4,25
1,142,142,10,12
1,147,147,12,21
1,154,154,11,18
2,157,157,10,27
8,158,158,12,28
1,168,168,11,17
2,180,180,10,10
1,181,181,8,14
2,185,185,3,12
1,189,189,5,10
2,195,195,4,21
2,196,196,10,22
3,203,203,12,17
2,217,217,2,27
1,220,220,11,19
4,220,220,10,8
2,254,254,9,26
2,258,258,10,13
2,264,264,11,2
1,275,275,9,10
1,275,275,10,27
2,287,287,6,7
7,287,287,12,17
1,294,294,9,27
1,297,297,3,13
3,299,299,8,7
1,300,300,7,23
1,302,302,5,10
3,307,307,8,15
2,309,309,9,19
2,317,317,1,15
1,319,319,3,10
1,320,320,12,20
2,339,339,1,15
1,344,344,10,1
1,344,344,12,18
1,345,345,8,5
1,348,348,8,9
4,358,358,6,28
1,366,366,12,4
3,366,366,7,24
1,368,368,11,21
1,371,371,2,9
1,377,377,1,23
1,389,389,8,28
1,397,397,12,12
4,403,403,5,13
4,405,405,7,25
2,409,409,7,9
5,415,415,1,23
8,441,441,2,26
2,443,443,4,25
1,445,445,4,22
1,449,449,1,12
2,473,473,2,14
2,479,479,9,7
2,482,482,10,17
1,487,487,4,14
1,499,499,9,18
2,512,512,11,11
1,514,514,7,17
1,529,529,6,12
2,532,532,11,9
1,536,536,9,6
1,541,541,3,1
3,544,544,6,2
1,546,546,11,7
1,561,561,2,3
4,566,566,6,18
1,574,574,3,3
1,600,600,8,2
2,609,609,7,2
1,617,617,5,3
2,622,622,8,27
2,630,630,4,27
1,638,638,4,28
1,644,644,5,25
2,646,646,3,16
6,650,650,3,4
1,669,669,9,28
1,678,678,9,28
1,686,686,11,15
2,686,686,6,18
1,715,715,1,1
1,721,721,8,13
1,725,725,10,11
4,729,729,6,18
1,731,731,10,2
1,732,732,7,21
1,739,739,1,9
1,744,744,1,2
1,746,746,6,17
4,746,746,8,5
2,747,747,10,13
1,748,748,4,13
2,749,749,1,4
3,749,749,2,22
5,749,749,4,13
2,755,755,12,6
2,757,757,3,10
3,757,757,3,19
8,760,760,10,27
1,785,785,2,1
1,788,788,4,14
1,790,790,3,14
1,790,790,1,23
2,802,802,10,17
1,804,804,1,18
1,809,809,11,17
7,811,811,1,8
2,814,814,2,9
1,831,831,4,5
2,839,839,8,18
1,845,845,3,5
3,853,853,11,8
1,859,859,9,24
1,862,862,2,8
1,867,867,1,25
1,881,881,2,24
1,895,895,11,2
2,900,900,3,27
1,904,904,2,28
1,914,914,2,8
1,914,914,6,20
1,917,917,4,2
1,928,928,7,28
3,937,937,5,4
2,943,943,2,11
2,950,950,7,19
1,952,952,11,13
1,954,954,9,24
1,977,977,5,28
7,987,987,8,22
8,988,988,12,21
1,989,989,8,25
1,992,992,7,14
1,994,994,9,5
1,1004,1004,6,2
1,1008,1008,3,16
4,1013,1013,5,4
2,1022,1022,10,14
1,1027,1027,10,7
1,1042,1042,8,2
1,1060,1060,2,23
1,1068,1068,2,5
1,1078,1078,5,13
2,1083,1083,8,17
1,1088,1088,3,13
1,1092,1092,3,7
1,1099,1099,12,5
1,1106,1106,12,8
1,1109,1109,1,5
1,1112,1112,11,8
2,1120,1120,12,27
1,1121,1121,7,16
1,1123,1123,5,27
1,1124,1124,7,3
1,1128,1128,6,18
3,1129,1129,3,24
1,1148,1148,9,20
6,1150,1150,6,8
1,1152,1152,4,15
1,1156,1156,4,2
1,1162,1162,8,14
8,1168,1168,10,24
2,1169,1169,7,26
8,1172,1172,3,2
1,1183,1183,6,25
1,1184,1184,2,17
2,1187,1187,12,25
1,1213,1213,2,17
2,1229,1229,3,23
1,1250,1250,5,19
1,1261,1261,6,14
1,1263,1263,8,12
1,1268,1268,4,2
2,1277,1277,8,27
2,1279,1279,4,10
1,1287,1287,3,20
2,1296,1296,4,11
2,1299,1299,5,9
2,1299,1299,9,3
1,1307,1307,3,3
1,1311,1311,1,28
1,1322,1322,4,5
1,1324,1324,1,19
1,1325,1325,9,19
1,1333,1333,2,22
1,1334,1334,12,13
1,1339,1339,7,18
2,1341,1341,1,28
1,1352,1352,8,26
1,1359,1359,4,7
2,1374,1374,9,6
2,1375,1375,2,3
1,1379,1379,9,16
1,1383,1383,7,9
2,1387,1387,2,20
3,1389,1389,6,13
1,1394,1394,7,24
7,1401,1401,1,27
1,1404,1404,9,21
2,1408,1408,1,7
2,1414,1414,5,27
3,1416,1416,9,8
3,1420,1420,9,16
2,1426,1426,12,1
2,1439,1439,4,2
1,1446,1446,4,10
1,1447,1447,9,15
2,1478,1478,4,26
2,1487,1487,10,4
2,1504,1504,3,12
3,1515,1515,5,28
1,1519,1519,1,1
2,1528,1528,1,13
2,1529,1529,8,23
1,1533,1533,3,17
1,1538,1538,4,3
1,1556,1556,6,16
8,1556,1556,9,13
3,1579,1579,9,1
3,1580,1580,7,18
6,1588,1588,4,18
1,1593,1593,9,28
2,1595,1595,12,16
1,1598,1598,8,6
1,1603,1603,1,10
7,1607,1607,2,2
2,1609,1609,5,13
1,1610,1610,3,19
1,1616,1616,5,5
1,1629,1629,8,11
1,1632,1632,7,9
5,1635,1635,2,3
8,1637,1637,2,7
3,1638,1638,4,28
1,1639,1639,10,27
1,1643,1643,4,17
1,1645,1645,10,10
1,1649,1649,9,11
4,1652,1652,12,28
1,1666,1666,7,21
1,1668,1668,1,10
1,1674,1674,9,12
1,1675,1675,3,5
5,1681,1681,9,21
1,1683,1683,8,17
1,1704,1704,6,27
1,1704,1704,5,6
1,1705,1705,9,25
2,1713,1713,9,25
1,1741,1741,4,3
2,1744,1744,11,8
6,1744,1744,4,20
1,1746,1746,7,14
1,1749,1749,9,22
1,1757,1757,3,3
2,1761,1761,12,9
3,1782,1782,12,4
1,1783,1783,10,22
1,1809,1809,7,24
1,1816,1816,3,22
1,1825,1825,2,18
2,1826,1826,6,1
7,1835,1835,11,14
1,1837,1837,8,13
2,1838,1838,10,1
1,1851,1851,8,19
3,1852,1852,5,12
1,1866,1866,6,27
1,1874,1874,12,27
2,1878,1878,11,28
2,1879,1879,4,15
1,1914,1914,6,16
1,1916,1916,3,4
7,1920,1920,5,7
1,1936,1936,11,17
2,1943,1943,6,5
8,1952,1952,9,6
7,1961,1961,4,17
2,1962,1962,6,23
2,1963,1963,2,3
1,1977,1977,10,20
2,1981,1981,7,16
1,1982,1982,6,1
1,1988,1988,7,7
1,1994,1994,1,26
1,1995,1995,8,22
1,2004,2004,7,14
1,2005,2005,7,3
8,2027,2027,10,12
1,2033,2033,7,4
2,2038,2038,8,23
1,2039,2039,10,5
1,2043,2043,7,18
8,2046,2046,11,4
4,2049,2049,6,14
8,2050,2050,6,5
2,2051,2051,2,14
1,2053,2053,8,4
3,2055,2055,1,11
1,2063,2063,7,22
2,2063,2063,2,20
1,2067,2067,12,2
1,2070,2070,4,10
2,2076,2076,2,2
7,2077,2077,4,20
6,2079,2079,12,15
7,2079,2079,10,6
1,2084,2084,5,11
2,2087,2087,1,12
2,2103,2103,4,10
1,2106,2106,7,28
1,2110,2110,2,23
1,2111,2111,3,14
1,2124,2124,5,14
1,2133,2133,12,4
1,2139,2139,10,1
1,2139,2139,10,19
6,2155,2155,3,17
1,2156,2156,7,10
2,2156,2156,3,22
2,2160,2160,3,9
5,2162,2162,9,10
1,2168,2168,2,16
1,2172,2172,11,15
7,2182,2182,1,14
1,2188,2188,10,25
1,2190,2190,6,28
1,2190,2190,12,25
1,2203,2203,11,19
1,2206,2206,4,27
2,2206,2206,5,26
1,2217,2217,6,3
7,2217,2217,6,2
3,2220,2220,11,7
2,2230,2230,10,7
2,2233,2233,5,21
2,2235,2235,3,4
2,2236,2236,10,1
1,2253,2253,5,3
1,2264,2264,11,18
2,2271,2271,9,20
1,2279,2279,6,7
1,2280,2280,10,4
1,2299,2299,11,2
1,2301,2301,6,20
2,2302,2302,12,3
2,2306,2306,2,21
1,2315,2315,1,14
2,2318,2318,8,13
1,2320,2320,1,13
2,2336,2336,9,14
2,2339,2339,1,20
1,2343,2343,9,11
1,2346,2346,11,11
1,2361,2361,12,26
1,2368,2368,6,7
3,2376,2376,8,13
2,2386,2386,1,5
2,2386,2386,12,26
1,2388,2388,2,20
1,2391,2391,5,20
1,2393,2393,6,26
1,2394,2394,10,22
1,2399,2399,9,24
1,2400,2400,9,18
5,2403,2403,3,8
1,2416,2416,8,1
1,2417,2417,6,5
3,2417,2417,5,16
2,2422,2422,3,17
1,2428,2428,7,4
1,2449,2449,10,6
1,2452,2452,2,20
3,2457,2457,10,5
1,2458,2458,3,15
3,2459,2459,6,7
2,2477,2477,10,23
2,2488,2488,10,13
7,2491,2491,7,24
1,2494,2494,11,20
2,2494,2494,2,2
1,2505,2505,10,22
2,2510,2510,4,11
2,2513,2513,10,19
1,2517,2517,6,14
1,2520,2520,5,20
3,2523,2523,4,8
2,2530,2530,11,9
1,2550,2550,10,3
1,2568,2568,6,23
1,2573,2573,7,12
2,2578,2578,8,14
2,2582,2582,5,20
1,2585,2585,8,22
1,2598,2598,8,27
1,2598,2598,6,17
2,2601,2601,12,11
2,2602,2602,5,9
2,2605,2605,9,25
2,2605,2605,12,20
1,2609,2609,1,5
5,2609,2609,9,27
1,2610,2610,2,23
1,2650,2650,10,21
1,2661,2661,8,18
3,2665,2665,8,9
6,2666,2666,5,14
1,2679,2679,10,21
1,2695,2695,10,5
1,2706,2706,10,5
1,2712,2712,12,4
1,2713,2713,7,28
2,2714,2714,4,3
5,2715,2715,8,22
2,2722,2722,2,12
1,2737,2737,7,20
2,2746,2746,4,7
2,2749,2749,10,5
1,2752,2752,9,8
2,2755,2755,1,27
1,2756,2756,11,26
1,2757,2757,8,15
1,2759,2759,8,15
3,2761,2761,6,28
1,2766,2766,3,12
1,2772,2772,12,9
2,2782,2782,12,1
1,2797,2797,7,22
1,2804,2804,6,9
1,2806,2806,2,16
1,2813,2813,2,20
1,2828,2828,12,16
8,2832,2832,5,10
2,2834,2834,3,22
1,2841,2841,9,22
3,2858,2858,11,25
6,2858,2858,11,24
1,2866,2866,1,3
1,2868,2868,4,12
8,2869,2869,3,21
1,2870,2870,1,15
6,2875,2875,10,12
4,2884,2884,6,7
6,2885,2885,8,16
2,2886,2886,6,6
2,2899,2899,9,20
1,2906,2906,12,28
2,2910,2910,4,17
2,2913,2913,5,12
1,2924,2924,12,17
1,2927,2927,10,12
1,2951,2951,8,14
8,2955,2955,2,6
1,2970,2970,9,3
2,2982,2982,9,25
1,2983,2983,4,7
6,2993,2993,11,11
1,2997,2997,3,8
2,3005,3005,5,14
1,3014,3014,12,14
2,3019,3019,10,9
1,3035,3035,5,6
1,3037,3037,1,3
2,3056,3056,1,6
1,3062,3062,6,18
2,3063,3063,4,18
1,3073,3073,1,5
1,3074,3074,7,17
1,3076,3076,3,11
1,3105,3105,2,12
1,3105,3105,4,8
1,3108,3108,7,12
7,3122,3122,10,10
1,3128,3128,4,19
1,3129,3129,4,27
2,3130,3130,3,26
1,3144,3144,3,1
1,3145,3145,10,27
4,3162,3162,8,19
1,3164,3164,4,13
2,3176,3176,2,17
2,3182,3182,3,12
1,3183,3183,11,6
5,3184,3184,10,23
1,3207,3207,4,6
1,3216,3216,2,24
1,3221,3221,2,25
2,3225,3225,7,17
4,3225,3225,8,7
1,3226,3226,9,22
1,3231,3231,4,6
1,3234,3234,4,3
1,3244,3244,2,22
7,3247,3247,6,28
2,3268,3268,6,1
1,3269,3269,7,15
1,3276,3276,11,20
1,3279,3279,2,25
1,3280,3280,10,8
1,3286,3286,3,17
1,3286,3286,12,4
2,3292,3292,10,13
7,3293,3293,9,27
2,3297,3297,9,9
2,3302,3302,12,10
2,3307,3307,2,7
1,3310,3310,3,2
1,3313,3313,5,6
3,3314,3314,10,23
1,3320,3320,6,1
3,3320,3320,5,22
3,3320,3320,1,5
3,3322,3322,7,26
1,3328,3328,4,21
1,3336,3336,5,11
1,3343,3343,11,14
2,3348,3348,4,23
2,3357,3357,4,7
1,3358,3358,6,11
6,3360,3360,1,19
2,3365,3365,4,15
1,3377,3377,12,10
1,3383,3383,9,13
1,3389,3389,6,20
1,3400,3400,3,3
1,3401,3401,9,26
7,3414,3414,3,12
1,3417,3417,6,8
1,3418,3418,7,1
7,3418,3418,4,13
1,3431,3431,10,12
1,3446,3446,12,17
1,3454,3454,8,27
1,3462,3462,12,9
1,3467,3467,6,6
1,3472,3472,1,5
6,3474,3474,5,7
7,3474,3474,11,4
8,3481,3481,5,17
2,3486,3486,3,17
2,3493,3493,11,4
5,3502,3502,3,21
8,3512,3512,10,9
2,3515,3515,2,14
2,3521,3521,9,16
2,3524,3524,9,23
1,3531,3531,7,15
1,3534,3534,10,2
6,3538,3538,9,3
6,3570,3570,2,10
1,3586,3586,11,15
1,3592,3592,4,3
4,3603,3603,11,28
2,3604,3604,7,14
8,3608,3608,5,23
1,3613,3613,6,15
3,3614,3614,7,9
3,3617,3617,8,6
2,3619,3619,8,20
1,3629,3629,6,12
1,3634,3634,12,9
1,3638,3638,5,6
1,3650,3650,4,16
1,3664,3664,11,22
1,3677,3677,1,17
2,3690,3690,7,23
1,3699,3699,5,7
1,3714,3714,6,6
2,3720,3720,3,17
1,3740,3740,10,18
1,3741,3741,11,14
2,3742,3742,6,3
5,3749,3749,12,8
2,3760,3760,8,24
2,3764,3764,5,25
4,3778,3778,1,17
2,3780,3780,10,9
1,3788,3788,10,18
1,3805,3805,1,11
3,3805,3805,1,21
2,3807,3807,3,24
1,3817,3817,2,28
2,3817,3817,9,5
2,3830,3830,3,3
5,3862,3862,8,17
3,3864,3864,12,10
2,3867,3867,1,6
2,3873,3873,6,17
1,3882,3882,9,8
1,3883,3883,8,26
1,3889,3889,7,9
2,3901,3901,9,15
1,3911,3911,12,14
1,3913,3913,7,21
2,3927,3927,3,4
3,3927,3927,6,27
2,3928,3928,4,6
1,3934,3934,3,26
2,3938,3938,9,27
3,3946,3946,12,25
4,3962,3962,10,15
2,3964,3964,5,11
2,3972,3972,12,22
2,3993,3993,10,4
1,3995,3995,9,21
2,4000,4000,10,21
2,4005,4005,12,5
1,4012,4012,2,19
1,4013,4013,12,17
2,4015,4015,7,6
8,4018,4018,11,19
1,4019,4019,5,13
2,4037,4037,11,23
2,4048,4048,7,11
3,4049,4049,11,11
1,4050,4050,3,23
6,4062,4062,6,26
6,4066,4066,2,14
1,4071,4071,5,17
2,4080,4080,4,24
1,4086,4086,1,19
1,4095,4095,3,2
2,4096,4096,4,28
1,4097,4097,11,14
1,4107,4107,8,27
2,4108,4108,5,20
1,4120,4120,5,16
1,4136,4136,6,12
5,4137,4137,4,22
1,4139,4139,4,2
1,4144,4144,1,11
1,4156,4156,2,16
1,4162,4162,1,8
8,4175,4175,1,26
2,4181,4181,1,26
1,4182,4182,3,5
1,4184,4184,2,14
1,4185,4185,4,27
3,4187,4187,8,20
2,4198,4198,4,3
1,4199,4199,11,1
1,4203,4203,8,1
3,4204,4204,5,20
1,4210,4210,3,28
2,4213,4213,3,20
5,4219,4219,7,11
1,4238,4238,2,24
1,4241,4241,2,16
2,4242,4242,7,1
1,4246,4246,11,16
2,4267,4267,3,14
5,4268,4268,1,22
6,4269,4269,7,23
2,4279,4279,9,1
3,4279,4279,7,7
5,4289,4289,5,24
3,4296,4296,8,28
2,4300,4300,9,25
1,4311,4311,9,7
1,4320,4320,1,7
2,4324,4324,8,21
1,4329,4329,10,27
2,4332,4332,7,8
1,4339,4339,2,6
1,4349,4349,2,14
2,4349,4349,4,28
1,4353,4353,5,19
1,4360,4360,12,23
3,4361,4361,12,8
2,4364,4364,6,25
1,4370,4370,5,25
6,4370,4370,5,5
1,4376,4376,10,22
7,4379,4379,1,2
2,4383,4383,10,10
1,4390,4390,2,28
1,4392,4392,2,10
1,4400,4400,5,9
7,4403,4403,5,23
3,4414,4414,12,12
5,4414,4414,10,25
1,4417,4417,9,2
1,4420,4420,11,4
2,4425,4425,7,26
1,4428,4428,9,20
1,4432,4432,4,12
1,4434,4434,6,13
1,4437,4437,6,24
2,4443,4443,11,7
2,4443,4443,1,23
2,4454,4454,2,2
1,4456,4456,9,15
1,4459,4459,12,27
1,4460,4460,7,9
1,4472,4472,8,9
1,4476,4476,3,17
1,4483,4483,8,7
5,4484,4484,9,4
2,4511,4511,1,20
1,4515,4515,8,13
2,4517,4517,1,21
1,4523,4523,8,3
1,4526,4526,1,23
1,4537,4537,9,10
1,4537,4537,9,7
1,4550,4550,8,16
2,4551,4551,3,13
1,4559,4559,1,18
2,4565,4565,8,14
4,4571,4571,6,4
1,4573,4573,2,28
1,4574,4574,8,23
1,4576,4576,5,3
1,4576,4576,9,28
8,4580,4580,9,8
1,4594,4594,5,21
1,4617,4617,6,2
8,4617,4617,5,23
1,4618,4618,2,6
2,4621,4621,12,7
2,4626,4626,9,19
2,4629,4629,12,4
1,4640,4640,6,5
1,4643,4643,1,3
1,4653,4653,4,8
1,4657,4657,12,25
6,4669,4669,6,14
1,4678,4678,9,22
2,4681,4681,9,22
8,4687,4687,2,21
1,4688,4688,7,17
1,4692,4692,8,14
2,4698,4698,3,25
8,4732,4732,3,26
2,4743,4743,4,28
1,4754,4754,4,10
1,4763,4763,5,19
1,4774,4774,6,23
1,4791,4791,11,20
8,4799,4799,10,12
1,4805,4805,8,12
1,4808,4808,8,4
1,4822,4822,8,5
1,4822,4822,10,3
3,4826,4826,8,12
1,4828,4828,5,3
1,4828,4828,7,9
1,4832,4832,1,13
1,4835,4835,7,13
1,4847,4847,1,18
2,4848,4848,6,10
1,4859,4859,2,20
1,4876,4876,8,18
1,4889,4889,9,7
1,4890,4890,8,19
2,4892,4892,2,11
1,4899,4899,7,16
1,4903,4903,7,14
1,4904,4904,7,3
1,4911,4911,12,14
1,4920,4920,5,3
1,4920,4920,5,20
7,4934,4934,4,23
1,4936,4936,8,13
2,4940,4940,8,7
1,4949,4949,10,2
4,4961,4961,2,14
1,4973,4973,1,20
2,4977,4977,10,6
1,4978,4978,5,22
1,4978,4978,11,3
2,4981,4981,5,9
1,4990,4990,6,14
1,5016,5016,5,9
1,5021,5021,7,20
6,5022,5022,10,12
1,5031,5031,8,4
1,5033,5033,5,23
5,5033,5033,8,14
1,5035,5035,2,18
2,5051,5051,6,10
2,5052,5052,6,8
2,5065,5065,3,3
2,5075,5075,5,2
8,5081,5081,5,5
1,5086,5086,1,14
2,5088,5088,9,13
2,5090,5090,7,28
8,5096,5096,9,16
5,5097,5097,7,26
1,5098,5098,5,27
1,5108,5108,8,13
2,5117,5117,10,24
1,5118,5118,3,23
2,5130,5130,11,12
2,5137,5137,4,3
1,5142,5142,3,11
2,5142,5142,2,1
7,5144,5144,11,21
1,5157,5157,3,8
3,5165,5165,4,12
1,5187,5187,2,6
2,5187,5187,5,12
1,5189,5189,7,16
8,5194,5194,11,3
1,5195,5195,8,7
1,5202,5202,1,2
2,5202,5202,2,7
1,5207,5207,10,12
1,5209,5209,8,16
1,5212,5212,3,23
1,5229,5229,9,23
1,5229,5229,12,16
2,5232,5232,7,20
1,5241,5241,4,14
1,5242,5242,8,27
2,5248,5248,8,20
2,5249,5249,4,1
1,5252,5252,6,19
2,5253,5253,7,7
1,5259,5259,9,6
1,5263,5263,3,8
1,5275,5275,1,24
1,5281,5281,1,13
4,5290,5290,7,25
2,5305,5305,8,27
6,5311,5311,10,1
8,5324,5324,3,27
6,5335,5335,11,21
2,5344,5344,11,28
1,5351,5351,11,5
1,5357,5357,2,2
1,5362,5362,1,15
6,5362,5362,5,26
7,5376,5376,8,2
1,5379,5379,1,20
3,5392,5392,11,13
1,5394,5394,2,12
2,5405,5405,12,24
1,5419,5419,8,1
6,5431,5431,3,15
1,5435,5435,6,16
1,5457,5457,2,4
1,5478,5478,12,19
1,5485,5485,1,10
1,5488,5488,5,15
8,5488,5488,7,18
5,5502,5502,4,13
1,5527,5527,1,14
1,5528,5528,6,15
2,5535,5535,2,21
1,5536,5536,2,13
1,5537,5537,10,19
1,5552,5552,1,23
2,5555,5555,5,14
1,5567,5567,4,8
1,5572,5572,5,11
1,5572,5572,9,14
2,5575,5575,12,28
2,5579,5579,3,28
6,5597,5597,6,14
2,5603,5603,9,8
1,5613,5613,10,23
1,5627,5627,6,25
1,5635,5635,11,11
2,5636,5636,3,22
2,5637,5637,6,10
7,5638,5638,12,20
1,5645,5645,2,4
6,5652,5652,11,21
1,5654,5654,10,13
3,5655,5655,9,3
1,5659,5659,6,27
6,5674,5674,10,23
6,5677,5677,11,3
2,5682,5682,3,3
1,5688,5688,5,6
1,5688,5688,12,7
1,5690,5690,8,4
1,5700,5700,7,12
2,5709,5709,7,11
1,5713,5713,6,17
2,5724,5724,5,17
1,5727,5727,12,7
1,5729,5729,1,11
2,5733,5733,7,2
1,5736,5736,2,11
2,5737,5737,6,21
1,5745,5745,7,12
6,5745,5745,9,2
2,5746,5746,9,22
1,5747,5747,5,13
1,5749,5749,3,22
7,5750,5750,10,18
1,5780,5780,6,26
2,5782,5782,12,9
2,5784,5784,11,13
1,5787,5787,4,11
1,5790,5790,3,25
6,5799,5799,10,3
1,5813,5813,6,4
8,5823,5823,11,11
3,5826,5826,9,2
1,5827,5827,7,10
6,5832,5832,6,28
1,5841,5841,1,13
1,5843,5843,5,11
1,5847,5847,4,4
1,5860,5860,11,12
2,5863,5863,12,1
3,5868,5868,12,9
2,5878,5878,4,2
2,5881,5881,6,16
2,5883,5883,12,13
2,5883,5883,3,18
1,5890,5890,6,16
1,5891,5891,2,16
1,5893,5893,7,17
2,5894,5894,2,2
1,5910,5910,11,24
1,5916,5916,3,22
4,5916,5916,11,4
6,5920,5920,8,9
1,5923,5923,8,2
1,5923,5923,10,15
1,5926,5926,9,13
1,5927,5927,3,5
2,5930,5930,11,2
2,5932,5932,1,11
5,5945,5945,7,11
2,5956,5956,1,13
1,5957,5957,11,21
7,5966,5966,12,2
2,5967,5967,10,20
1,5969,5969,2,16
1,5970,5970,12,11
1,5985,5985,4,5
1,5987,5987,11,12
8,5998,5998,8,12
1,6007,6007,9,3
2,6009,6009,12,21
1,6010,6010,1,17
1,6017,6017,4,6
1,6019,6019,2,8
1,6023,6023,1,17
1,6039,6039,5,1
1,6052,6052,2,1
1,6055,6055,3,25
1,6062,6062,7,27
1,6066,6066,6,17
2,6071,6071,9,17
1,6079,6079,11,12
1,6083,6083,4,11
1,6087,6087,11,10
1,6095,6095,1,19
5,6099,6099,7,14
1,6104,6104,2,2
1,6108,6108,1,10
1,6114,6114,8,15
1,6116,6116,11,2
1,6126,6126,11,8
2,6126,6126,12,6
6,6127,6127,1,23
1,6135,6135,2,14
1,6142,6142,11,7
8,6144,6144,2,1
1,6151,6151,7,15
1,6168,6168,5,9
1,6169,6169,1,11
1,6177,6177,4,14
2,6221,6221,9,20
1,6234,6234,4,22
1,6245,6245,9,4
7,6245,6245,4,22
1,6248,6248,8,23
7,6250,6250,5,7
1,6256,6256,9,24
1,6257,6257,3,10
1,6268,6268,5,17
1,6278,6278,7,7
1,6284,6284,8,18
2,6291,6291,3,21
1,6294,6294,7,2
1,6310,6310,10,28
3,6312,6312,9,11
1,6313,6313,3,6
2,6317,6317,3,22
8,6318,6318,4,12
3,6329,6329,5,21
1,6330,6330,7,19
6,6331,6331,7,28
1,6334,6334,10,9
1,6334,6334,3,16
5,6339,6339,8,16
1,6342,6342,9,21
1,6348,6348,5,2
3,6350,6350,2,6
3,6359,6359,5,8
1,6361,6361,1,24
5,6364,6364,11,22
6,6387,6387,3,7
1,6389,6389,6,8
1,6390,6390,7,21
1,6391,6391,9,4
1,6392,6392,2,16
1,6398,6398,10,14
3,6402,6402,6,26
2,6422,6422,9,21
8,6433,6433,11,15
1,6437,6437,10,17
1,6441,6441,10,7
1,6447,6447,9,6
2,6451,6451,8,2
2,6454,6454,2,26
1,6455,6455,12,3
8,6460,6460,11,3
5,6466,6466,5,7
5,6472,6472,9,22
2,6475,6475,12,3
8,6475,6475,12,22
1,6476,6476,10,20
1,6480,6480,10,20
2,6481,6481,3,4
1,6489,6489,8,2
1,6502,6502,2,20
2,6503,6503,8,19
1,6507,6507,6,18
1,6510,6510,4,20
1,6514,6514,10,4
1,6516,6516,1,4
1,6518,6518,9,10
2,6530,6530,1,11
1,6541,6541,11,24
1,6556,6556,5,10
1,6556,6556,8,18
5,6558,6558,9,12
3,6559,6559,3,14
1,6561,6561,7,1
7,6564,6564,5,17
1,6565,6565,10,16
2,6574,6574,10,19
1,6575,6575,1,24
1,6577,6577,8,5
1,6580,6580,11,20
1,6593,6593,7,28
1,6604,6604,2,17
1,6609,6609,10,26
4,6611,6611,4,13
2,6615,6615,11,16
1,6618,6618,11,28
1,6620,6620,8,4
1,6626,6626,9,19
1,6634,6634,2,14
1,6647,6647,11,28
1,6659,6659,1,17
1,6662,6662,11,22
1,6664,6664,11,5
1,6669,6669,10,20
1,6675,6675,1,18
1,6675,6675,12,6
2,6683,6683,8,12
2,6686,6686,9,23
1,6691,6691,8,9
1,6696,6696,10,9
2,6701,6701,3,17
1,6713,6713,10,28
2,6732,6732,7,10
1,6733,6733,2,17
1,6733,6733,2,8
1,6746,6746,8,1
3,6747,6747,12,14
7,6750,6750,12,18
2,6757,6757,7,6
1,6773,6773,6,10
1,6773,6773,6,25
1,6784,6784,9,5
1,6788,6788,3,15
3,6788,6788,1,27
1,6808,6808,8,1
2,6818,6818,10,26
8,6824,6824,3,4
2,6825,6825,2,23
1,6827,6827,7,28
1,6839,6839,9,4
2,6845,6845,9,5
1,6846,6846,1,1
1,6850,6850,4,19
1,6863,6863,3,4
1,6871,6871,10,24
2,6873,6873,7,11
1,6883,6883,5,10
1,6885,6885,6,5
4,6887,6887,4,21
4,6891,6891,8,6
1,6900,6900,10,22
1,6916,6916,4,13
1,6919,6919,3,17
3,6921,6921,3,7
8,6927,6927,1,9
1,6941,6941,12,24
3,6942,6942,8,22
3,6943,6943,2,24
1,6945,6945,7,12
2,6946,6946,3,7
8,6947,6947,11,20
2,6960,6960,2,9
1,6971,6971,9,15
2,6977,6977,11,8
3,6977,6977,11,4
1,6983,6983,2,14
1,6984,6984,6,11
1,6991,6991,10,26
3,6991,6991,8,2
1,6995,6995,8,12
1,7022,7022,4,26
1,7029,7029,4,9
2,7035,7035,12,7
1,7041,7041,5,6
1,7041,7041,5,21
4,7056,7056,4,4
4,7058,7058,4,18
1,7060,7060,10,25
2,7061,7061,11,14
2,7070,7070,11,6
2,7072,7072,8,20
1,7080,7080,11,21
2,7080,7080,10,28
1,7088,7088,6,3
5,7107,7107,1,16
2,7111,7111,12,28
1,7112,7112,6,24
1,7118,7118,9,2
4,7118,7118,3,7
2,7127,7127,5,27
1,7137,7137,6,5
1,7141,7141,1,18
7,7148,7148,4,12
1,7151,7151,4,21
8,7157,7157,11,6
1,7161,7161,12,20
2,7162,7162,8,14
1,7166,7166,12,19
1,7176,7176,5,14
1,7177,7177,1,13
1,7181,7181,6,18
1,7184,7184,7,16
2,7190,7190,4,11
2,7196,7196,4,8
1,7199,7199,6,27
1,7202,7202,1,18
1,7205,7205,1,23
2,7207,7207,12,7
1,7208,7208,11,25
2,7211,7211,11,11
3,7216,7216,11,22
1,7219,7219,8,18
1,7231,7231,6,16
1,7233,7233,9,16
2,7254,7254,6,13
8,7267,7267,1,23
1,7269,7269,12,22
1,7278,7278,9,2
8,7282,7282,11,21
2,7286,7286,11,7
2,7298,7298,12,2
4,7300,7300,9,9
2,7313,7313,10,16
1,7315,7315,2,17
1,7315,7315,2,17
1,7321,7321,8,9
1,7325,7325,8,15
8,7325,7325,10,23
1,7327,7327,3,4
3,7332,7332,4,6
2,7335,7335,6,15
8,7339,7339,7,3
1,7359,7359,6,27
1,7370,7370,8,6
2,7375,7375,6,21
1,7381,7381,12,15
1,7385,7385,7,17
2,7393,7393,8,7
4,7405,7405,7,14
1,7411,7411,9,2
1,7412,7412,7,3
2,7427,7427,2,16
2,7431,7431,11,4
1,7435,7435,8,27
1,7437,7437,4,24
1,7446,7446,6,9
1,7455,7455,2,26
1,7459,7459,11,20
1,7467,7467,6,12
1,7469,7469,9,8
1,7472,7472,9,24
3,7474,7474,8,4
1,7488,7488,4,1
1,7496,7496,12,2
1,7496,7496,10,6
1,7502,7502,6,3
1,7510,7510,9,19
1,7511,7511,9,13
1,7516,7516,11,9
1,7517,7517,9,27
2,7519,7519,4,8
2,7526,7526,7,1
1,7536,7536,3,23
1,7555,7555,1,9
1,7560,7560,9,7
2,7560,7560,11,8
1,7561,7561,5,15
1,7563,7563,12,3
1,7565,7565,8,19
2,7571,7571,6,22
1,7578,7578,4,1
2,7579,7579,5,5
8,7585,7585,8,20
8,7593,7593,5,15
2,7594,7594,4,6
2,7594,7594,12,22
1,7602,7602,8,26
1,7605,7605,8,1
8,7606,7606,10,11
1,7607,7607,1,25
1,7614,7614,2,1
2,7618,7618,7,27
1,7634,7634,4,6
1,7636,7636,2,13
1,7636,7636,1,14
6,7651,7651,6,3
3,7662,7662,12,24
1,7671,7671,9,3
1,7671,7671,11,16
2,7671,7671,5,1
1,7681,7681,6,24
8,7688,7688,8,13
3,7690,7690,9,14
1,7694,7694,5,24
1,7695,7695,2,27
1,7699,7699,3,4
2,7701,7701,5,10
5,7701,7701,6,19
6,7705,7705,10,28
2,7708,7708,2,9
1,7710,7710,2,7
1,7719,7719,3,3
1,7726,7726,10,12
1,7729,7729,8,24
2,7731,7731,10,24
1,7735,7735,4,9
7,7750,7750,12,28
2,7761,7761,10,25
2,7765,7765,4,28
1,7766,7766,7,6
1,7769,7769,9,7
2,7769,7769,12,25
1,7770,7770,10,18
2,7771,7771,2,9
1,7775,7775,3,15
2,7782,7782,10,7
8,7787,7787,8,15
7,7799,7799,1,8
8,7814,7814,7,7
1,7815,7815,2,24
1,7821,7821,11,12
1,7824,7824,11,5
2,7825,7825,10,11
5,7825,7825,3,22
1,7830,7830,7,19
1,7839,7839,1,1
6,7844,7844,5,18
4,7845,7845,9,13
2,7846,7846,3,20
1,7865,7865,8,7
1,7866,7866,3,5
1,7868,7868,2,18
1,7869,7869,9,28
2,7872,7872,3,25
2,7873,7873,2,5
1,7875,7875,7,13
1,7878,7878,5,3
7,7885,7885,7,18
2,7894,7894,8,19
1,7901,7901,3,15
1,7908,7908,8,7
3,7909,7909,2,14
1,7910,7910,3,23
1,7912,7912,5,11
1,7914,7914,6,4
5,7929,7929,4,10
2,7931,7931,5,3
1,7933,7933,12,5
7,7933,7933,11,2
2,7936,7936,4,24
2,7936,7936,6,20
2,7958,7958,2,10
7,7962,7962,4,1
2,7966,7966,6,16
5,7966,7966,9,4
4,7968,7968,6,27
1,7969,7969,5,24
1,7978,7978,10,13
8,7979,7979,12,26
5,7993,7993,7,2
1,7996,7996,6,28
1,8021,8021,7,5
8,8029,8029,10,11
4,8043,8043,7,28
1,8044,8044,1,2
1,8058,8058,9,18
5,8061,8061,5,18
5,8072,8072,11,8
8,8078,8078,9,16
1,8079,8079,8,15
1,8080,8080,6,18
1,8094,8094,10,18
1,8098,8098,10,26
1,8103,8103,11,23
1,8104,8104,4,19
2,8110,8110,8,23
1,8112,8112,5,22
1,8128,8128,7,3
2,8128,8128,11,20
2,8139,8139,10,28
1,8140,8140,6,28
2,8148,8148,7,20
1,8162,8162,7,24
1,8163,8163,6,3
1,8166,8166,1,10
2,8170,8170,10,22
1,8175,8175,4,15
4,8178,8178,6,20
1,8191,8191,12,16
1,8202,8202,4,3
3,8204,8204,11,20
1,8210,8210,9,20
2,8226,8226,8,10
1,8236,8236,5,2
1,8237,8237,5,16
1,8243,8243,4,9
1,8246,8246,1,4
1,8251,8251,7,1
5,8252,8252,11,11
1,8256,8256,1,19
1,8259,8259,3,22
1,8273,8273,9,20
1,8277,8277,6,11
1,8283,8283,4,20
6,8284,8284,3,2
1,8285,8285,7,8
1,8299,8299,6,28
1,8300,8300,9,14
2,8300,8300,11,16
1,8301,8301,12,14
1,8301,8301,2,11
1,8303,8303,5,9
1,8311,8311,11,24
2,8316,8316,7,17
8,8316,8316,2,1
2,8332,8332,6,25
1,8333,8333,8,17
2,8339,8339,11,6
1,8353,8353,11,1
7,8366,8366,4,12
1,8381,8381,2,8
1,8381,8381,10,20
1,8395,8395,3,7
6,8398,8398,3,2
1,8400,8400,6,15
8,8402,8402,4,24
7,8403,8403,3,8
4,8409,8409,2,3
1,8416,8416,11,18
1,8418,8418,9,6
1,8429,8429,2,6
1,8429,8429,7,16
1,8442,8442,2,6
1,8447,8447,1,13
3,8460,8460,6,15
2,8461,8461,6,23
2,8466,8466,6,3
1,8487,8487,2,13
1,8488,8488,3,22
1,8490,8490,3,20
1,8496,8496,8,4
3,8507,8507,11,16
1,8519,8519,3,27
2,8522,8522,11,8
2,8533,8533,11,2
3,8538,8538,2,17
1,8544,8544,4,23
1,8547,8547,11,25
6,8555,8555,3,21
5,8556,8556,2,28
1,8561,8561,1,26
1,8565,8565,9,3
6,8571,8571,8,26
1,8580,8580,4,15
2,8581,8581,10,25
1,8587,8587,9,27
8,8587,8587,6,7
3,8592,8592,5,16
1,8598,8598,5,4
8,8600,8600,6,24
5,8604,8604,1,26
1,8610,8610,6,14
3,8610,8610,5,26
3,8630,8630,4,22
1,8638,8638,8,12
1,8646,8646,12,14
1,8647,8647,6,11
1,8657,8657,11,25
2,8664,8664,7,16
1,8666,8666,4,12
1,8670,8670,4,3
2,8679,8679,4,19
2,8695,8695,11,15
1,8696,8696,12,20
1,8703,8703,9,24
2,8719,8719,11,26
1,8723,8723,1,7
1,8731,8731,4,24
1,8737,8737,6,6
1,8757,8757,3,27
1,8776,8776,4,2
4,8810,8810,5,14
6,8814,8814,10,15
1,8816,8816,10,13
3,8826,8826,6,24
4,8826,8826,11,10
3,8832,8832,2,11
1,8833,8833,5,24
1,8834,8834,3,9
2,8835,8835,6,19
6,8840,8840,1,1
1,8844,8844,4,21
1,8861,8861,4,23
1,8867,8867,9,10
1,8874,8874,8,25
4,8884,8884,7,25
1,8885,8885,4,9
2,8903,8903,7,2
6,8909,8909,8,1
1,8919,8919,12,28
8,8920,8920,4,28
1,8922,8922,8,28
1,8927,8927,1,10
1,8930,8930,10,9
6,8932,8932,8,10
2,8938,8938,4,8
1,8952,8952,8,25
2,8971,8971,4,10
2,8973,8973,6,11
2,8973,8973,12,11
1,8985,8985,10,10
2,8985,8985,1,12
1,8994,8994,1,3
1,9008,9008,6,18
1,9009,9009,10,24
5,9013,9013,5,19
1,9018,9018,5,25
1,9020,9020,4,18
1,9030,9030,9,15
1,9032,9032,2,13
2,9034,9034,8,20
1,9035,9035,8,21
2,9038,9038,10,13
3,9044,9044,3,6
1,9045,9045,1,26
1,9050,9050,7,2
1,9055,9055,1,10
1,9056,9056,2,25
2,9058,9058,3,17
6,9069,9069,1,2
1,9075,9075,8,20
1,9081,9081,7,10
1,9082,9082,4,17
1,9096,9096,6,19
2,9124,9124,9,10
1,9126,9126,6,18
6,9134,9134,3,6
2,9135,9135,11,20
5,9141,9141,2,19
8,9143,9143,4,22
1,9145,9145,5,22
2,9145,9145,11,1
1,9146,9146,5,25
6,9147,9147,11,10
7,9151,9151,5,13
1,9153,9153,4,23
2,9159,9159,10,17
1,9192,9192,7,5
2,9195,9195,9,18
1,9199,9199,7,6
2,9200,9200,5,1
1,9203,9203,2,2
2,9204,9204,1,18
1,9208,9208,5,25
7,9209,9209,3,1
1,9211,9211,9,28
3,9216,9216,8,7
2,9236,9236,8,10
1,9237,9237,10,17
8,9243,9243,7,28
2,9248,9248,10,27
2,9248,9248,5,16
1,9271,9271,8,28
1,9278,9278,5,16
1,9278,9278,6,21
1,9297,9297,7,11
6,9302,9302,9,17
1,9304,9304,11,10
1,9349,9349,1,24
2,9351,9351,2,25
1,9354,9354,4,28
5,9359,9359,2,8
7,9372,9372,10,8
1,9379,9379,10,11
2,9388,9388,11,11
1,9390,9390,8,10
2,9392,9392,6,24
1,9396,9396,3,28
1,9399,9399,9,14
2,9405,9405,7,11
1,9407,9407,6,3
2,9414,9414,11,27
1,9415,9415,5,14
1,9416,9416,5,7
2,9421,9421,7,9
2,9425,9425,12,11
2,9427,9427,5,6
1,9428,9428,9,16
1,9430,9430,10,25
2,9432,9432,1,7
1,9446,9446,12,24
2,9449,9449,10,1
1,9454,9454,6,3
7,9463,9463,6,10
3,9468,9468,10,23
1,9481,9481,6,19
2,9485,9485,2,2
3,9489,9489,2,8
1,9495,9495,11,15
2,9499,9499,9,11
4,9509,9509,4,25
1,9515,9515,5,10
1,9517,9517,3,17
1,9520,9520,4,28
1,9546,9546,6,24
1,9551,9551,4,28
1,9553,9553,1,25
1,9556,9556,9,6
2,9563,9563,9,25
1,9569,9569,3,18
2,9581,9581,2,20
1,9584,9584,1,25
1,9597,9597,3,25
1,9601,9601,5,10
1,9606,9606,5,2
1,9606,9606,8,20
1,9608,9608,10,7
3,9610,9610,4,26
1,9613,9613,2,27
2,9632,9632,4,21
1,9634,9634,8,8
7,9635,9635,4,25
1,9641,9641,8,21
1,9661,9661,5,11
3,9662,9662,5,1
2,9667,9667,8,3
1,9669,9669,10,28
1,9670,9670,12,27
2,9679,9679,11,10
4,9691,9691,2,7
4,9692,9692,2,14
1,9694,9694,5,14
6,9718,9718,3,18
1,9719,9719,6,23
1,9720,9720,4,21
5,9722,9722,1,4
1,9723,9723,8,6
1,9724,9724,12,17
1,9729,9729,2,26
1,9740,9740,2,2
1,9752,9752,2,20
3,9758,9758,12,17
4,9759,9759,8,5
3,9760,9760,8,11
1,9769,9769,5,15
8,9778,9778,3,23
1,9780,9780,3,15
8,9782,9782,9,15
1,9807,9807,1,21
1,9809,9809,8,14
1,9813,9813,5,13
1,9816,9816,9,24
1,9819,9819,3,26
1,9822,9822,10,8
2,9830,9830,9,18
1,9831,9831,3,11
2,9837,9837,12,13
1,9838,9838,8,20
2,9855,9855,5,17
1,9864,9864,8,7
2,9865,9865,12,5
1,9870,9870,5,26
1,9876,9876,12,12
1,9878,9878,12,17
1,9883,9883,3,17
1,9884,9884,6,5
2,9887,9887,5,2
1,9895,9895,3,19
1,9899,9899,2,22
1,9906,9906,7,4
1,9913,9913,1,6
1,9922,9922,4,4
3,9926,9926,6,27
6,9926,9926,2,17
2,9932,9932,6,9
2,9933,9933,1,28
2,9946,9946,6,10
4,9953,9953,12,12
6,9967,9967,6,15
8,9968,9968,4,16
1,9969,9969,5,17
1,9978,9978,6,12
1,10001,10001,12,4
1,10004,10004,9,12
3,10005,10005,10,23
1,10010,10010,2,12
2,10018,10018,9,2
1,10021,10021,9,1
2,10029,10029,7,7
3,10031,10031,6,14
1,10037,10037,12,1
1,10038,10038,4,15
1,10041,10041,4,22
1,10048,10048,7,27
3,10048,10048,10,22
2,10057,10057,8,18
8,10068,10068,1,20
1,10082,10082,1,22
1,10091,10091,8,7
2,10094,10094,6,18
1,10119,10119,1,4
1,10133,10133,12,20
1,10138,10138,6,12
2,10138,10138,3,13
1,10152,10152,11,23
1,10157,10157,12,18
1,10160,10160,3,28
1,10162,10162,9,2
2,10167,10167,10,14
1,10174,10174,7,6
3,10177,10177,9,9
2,10192,10192,9,16
1,10195,10195,9,10
2,10199,10199,10,12
1,10200,10200,1,10
1,10200,10200,3,15
3,10213,10213,4,5
2,10214,10214,7,12
1,10225,10225,10,5
5,10228,10228,5,11
6,10235,10235,2,2
4,10247,10247,4,28
1,10248,10248,1,24
1,10253,10253,12,15
3,10258,10258,2,13
1,10264,10264,5,8
2,10265,10265,11,6
1,10275,10275,11,16
3,10288,10288,7,9
4,10305,10305,10,2
2,10313,10313,7,6
4,10319,10319,11,22
1,10328,10328,12,11
1,10331,10331,11,9
1,10334,10334,9,17
4,10337,10337,5,16
1,10354,10354,5,21
1,10361,10361,4,26
1,10369,10369,7,8
1,10377,10377,10,14
7,10378,10378,4,5
1,10384,10384,9,7
1,10395,10395,2,19
1,10404,10404,1,6
1,10409,10409,2,18
1,10409,10409,1,2
1,10413,10413,5,16
1,10416,10416,7,23
3,10423,10423,12,3
1,10440,10440,10,8
1,10446,10446,3,24
8,10449,10449,8,21
5,10455,10455,3,26
1,10456,10456,2,7
1,10461,10461,4,25
4,10469,10469,8,28
1,10476,10476,1,28
2,10478,10478,2,28
2,10485,10485,8,14
1,10508,10508,10,8
8,10514,10514,9,19
1,10523,10523,11,1
1,10526,10526,6,28
1,10531,10531,1,24
7,10547,10547,11,27
1,10556,10556,3,9
2,10577,10577,9,10
1,10589,10589,2,14
1,10593,10593,6,24
1,10593,10593,3,26
5,10597,10597,9,25
7,10599,10599,4,3
4,10625,10625,6,21
6,10630,10630,5,5
2,10645,10645,1,12
2,10647,10647,9,2
7,10652,10652,9,7
1,10656,10656,10,16
1,10684,10684,3,1
7,10693,10693,3,9
3,10708,10708,7,7
1,10711,10711,1,3
1,10713,10713,12,1
1,10716,10716,1,19
2,10722,10722,8,20
2,10734,10734,4,20
1,10739,10739,12,1
1,10771,10771,2,13
2,10771,10771,1,26
1,10783,10783,4,1
3,10796,10796,3,6
1,10797,10797,2,9
3,10802,10802,3,2
1,10806,10806,5,25
1,10809,10809,7,5
3,10813,10813,3,2
1,10819,10819,8,4
3,10825,10825,12,12
1,10831,10831,12,27
1,10836,10836,9,8
5,10840,10840,9,9
1,10847,10847,9,7
1,10859,10859,5,7
1,10860,10860,6,19
5,10866,10866,7,18
1,10869,10869,4,12
1,10872,10872,3,14
4,10873,10873,3,4
8,10885,10885,6,26
1,10900,10900,11,27
1,10917,10917,5,13
1,10922,10922,2,13
1,10925,10925,10,16
1,10925,10925,11,1
1,10926,10926,5,9
8,10942,10942,1,8
2,10952,10952,11,9
6,10953,10953,5,21
1,10960,10960,10,22
1,10965,10965,5,14
1,10989,10989,10,7
1,10993,10993,5,8
1,10995,10995,12,16
1,11012,11012,6,18
1,11016,11016,6,13
1,11023,11023,5,3
3,11030,11030,8,10
1,11033,11033,5,16
1,11034,11034,4,17
1,11051,11051,11,24
1,11051,11051,5,17
3,11053,11053,3,3
1,11055,11055,9,19
1,11059,11059,11,11
1,11063,11063,10,6
2,11075,11075,6,13
1,11080,11080,7,22
1,11081,11081,10,4
2,11088,11088,1,17
1,11090,11090,9,11
1,11092,11092,4,11
1,11105,11105,2,19
1,11106,11106,7,20
1,11125,11125,2,2
2,11126,11126,1,14
1,11134,11134,2,14
1,11137,11137,10,13
2,11147,11147,5,28
1,11153,11153,2,21
2,11153,11153,2,25
4,11154,11154,5,12
1,11161,11161,10,9
1,11165,11165,8,20
1,11198,11198,3,12
6,11202,11202,4,12
1,11213,11213,5,25
1,11223,11223,8,12
2,11224,11224,9,25
3,11226,11226,6,28
1,11227,11227,3,13
1,11233,11233,3,1
2,11235,11235,2,15
8,11246,11246,5,19
2,11249,11249,6,13
1,11254,11254,10,5
1,11257,11257,4,28
2,11268,11268,5,14
1,11269,11269,1,11
1,11270,11270,6,13
7,11270,11270,6,22
1,11286,11286,10,21
2,11287,11287,8,4
3,11294,11294,2,24
1,11306,11306,8,16
1,11307,11307,1,14
7,11319,11319,11,20
8,11319,11319,8,7
1,11341,11341,10,26
2,11343,11343,7,21
5,11353,11353,3,22
2,11355,11355,6,5
3,11363,11363,3,8
2,11373,11373,6,28
1,11386,11386,3,23
8,11388,11388,3,26
2,11391,11391,3,4
2,11396,11396,2,8
2,11397,11397,2,1
1,11408,11408,3,26
2,11408,11408,9,4
7,11408,11408,4,25
2,11411,11411,1,16
1,11418,11418,2,17
2,11424,11424,5,14
2,11433,11433,8,28
1,11437,11437,11,14
2,11437,11437,1,27
1,11438,11438,3,25
4,11438,11438,1,9
1,11441,11441,10,18
1,11444,11444,3,2
1,11454,11454,7,3
1,11460,11460,6,17
1,11474,11474,2,21
1,11492,11492,8,14
1,11492,11492,6,7
8,11508,11508,5,17
6,11511,11511,7,3
1,11519,11519,4,20
1,11526,11526,6,27
2,11531,11531,8,19
2,11539,11539,9,27
1,11554,11554,4,22
1,11558,11558,4,9
1,11573,11573,8,21
1,11574,11574,7,7
4,11574,11574,1,20
2,11576,11576,3,15
1,11580,11580,7,8
1,11610,11610,3,23
1,11620,11620,5,16
2,11626,11626,2,9
1,11634,11634,3,24
1,11637,11637,11,9
1,11637,11637,11,9
2,11664,11664,7,25
1,11665,11665,8,13
6,11673,11673,9,28
1,11675,11675,1,12
1,11676,11676,6,19
2,11676,11676,5,28
7,11712,11712,5,25
2,11714,11714,8,19
1,11724,11724,1,5
1,11726,11726,5,26
1,11732,11732,3,24
1,11733,11733,3,18
2,11737,11737,2,28
1,11745,11745,6,1
5,11745,11745,11,18
4,11755,11755,8,8
1,11758,11758,1,27
8,11760,11760,11,1
3,11762,11762,9,24
1,11767,11767,9,26
5,11776,11776,9,4
7,11790,11790,4,6
8,11808,11808,12,23
1,11809,11809,9,17
1,11809,11809,11,18
1,11817,11817,1,11
1,11822,11822,3,12
4,11831,11831,9,22
2,11836,11836,10,24
3,11838,11838,12,23
1,11839,11839,3,2
1,11844,11844,8,4
1,11853,11853,7,23
1,11858,11858,9,1
2,11862,11862,12,24
2,11868,11868,5,27
3,11869,11869,8,23
2,11872,11872,10,19
1,11874,11874,5,4
1,11895,11895,9,5
2,11905,11905,12,11
1,11907,11907,8,20
2,11911,11911,8,1
1,11912,11912,4,11
2,11912,11912,11,28
2,11913,11913,2,7
2,11921,11921,4,23
2,11925,11925,7,13
8,11928,11928,7,4
1,11939,11939,8,17
3,11947,11947,11,24
8,11947,11947,8,7
8,11953,11953,4,24
7,11961,11961,6,1
1,11962,11962,11,26
1,11965,11965,10,20
2,11988,11988,10,12
8,11994,11994,1,2
1,12002,12002,5,24
2,12003,12003,6,26
1,12010,12010,10,1
6,12018,12018,1,24
1,12026,12026,1,23
1,12031,12031,4,13
1,12036,12036,7,4
1,12058,12058,1,19
2,12077,12077,4,12
1,12078,12078,9,16
1,12091,12091,9,26
1,12106,12106,7,23
5,12107,12107,10,10
1,12159,12159,7,9
3,12161,12161,12,13
1,12174,12174,11,11
1,12187,12187,3,8
4,12192,12192,3,16
2,12194,12194,9,14
7,12205,12205,5,25
6,12208,12208,5,14
1,12220,12220,5,21
1,12228,12228,11,25
3,12245,12245,5,12
2,12260,12260,4,26
1,12264,12264,9,27
1,12277,12277,8,16
2,12283,12283,10,2
2,12286,12286,11,12
6,12288,12288,11,4
1,12290,12290,6,10
8,12295,12295,11,28
1,12296,12296,1,13
1,12303,12303,12,1
1,12307,12307,6,3
1,12310,12310,5,17
1,12316,12316,5,27
1,12318,12318,1,6
6,12333,12333,3,10
8,12333,12333,6,25
1,12373,12373,10,1
2,12377,12377,12,12
2,12387,12387,7,12
1,12407,12407,8,22
1,12408,12408,1,13
1,12410,12410,1,25
7,12411,12411,11,26
3,12420,12420,6,26
2,12422,12422,9,20
1,12431,12431,2,7
1,12432,12432,3,10
1,12435,12435,9,9
4,12455,12455,5,21
1,12464,12464,4,4
2,12464,12464,12,18
8,12465,12465,3,4
2,12480,12480,3,8
1,12481,12481,11,6
2,12504,12504,1,24
8,12505,12505,12,26
5,12508,12508,4,10
2,12515,12515,10,1
7,12516,12516,11,25
8,12521,12521,2,27
1,12523,12523,6,1
1,12524,12524,12,4
1,12535,12535,1,11
2,12537,12537,1,25
1,12540,12540,4,10
2,12540,12540,5,8
7,12541,12541,10,10
1,12543,12543,12,22
1,12548,12548,2,23
1,12558,12558,5,12
1,12573,12573,5,7
8,12574,12574,7,18
5,12576,12576,4,13
1,12585,12585,6,7
1,12596,12596,6,5
5,12603,12603,7,1
1,12611,12611,4,24
3,12614,12614,2,5
1,12623,12623,11,17
1,12623,12623,6,26
5,12624,12624,5,5
3,12629,12629,12,17
1,12632,12632,7,21
8,12634,12634,1,25
2,12635,12635,12,9
4,12635,12635,1,28
2,12637,12637,6,11
3,12650,12650,9,10
4,12656,12656,3,15
5,12662,12662,9,6
1,12664,12664,4,22
1,12667,12667,4,16
1,12667,12667,3,7
1,12676,12676,12,4
2,12677,12677,7,13
1,12681,12681,6,21
2,12693,12693,2,5
1,12712,12712,10,19
1,12714,12714,2,12
1,12716,12716,10,27
2,12723,12723,7,8
1,12738,12738,6,22
1,12747,12747,4,17
1,12752,12752,4,16
1,12768,12768,1,12
2,12773,12773,2,7
1,12787,12787,4,4
5,12792,12792,12,17
7,12814,12814,10,4
1,12822,12822,5,19
2,12823,12823,9,2
1,12870,12870,8,11
1,12870,12870,9,17
1,12873,12873,11,23
1,12874,12874,3,6
1,12874,12874,3,24
1,12877,12877,4,21
5,12880,12880,9,5
1,12893,12893,9,16
1,12894,12894,12,28
2,12894,12894,6,24
2,12896,12896,9,13
2,12899,12899,5,24
2,12900,12900,9,26
1,12908,12908,6,8
1,12918,12918,6,21
4,12920,12920,9,9
8,12922,12922,6,6
1,12925,12925,3,11
1,12929,12929,7,28
1,12933,12933,9,24
1,12933,12933,4,23
1,12941,12941,1,13
1,12952,12952,7,26
3,12954,12954,7,18
1,12955,12955,8,18
2,12963,12963,4,19
1,12964,12964,1,20
6,12988,12988,1,11
1,12989,12989,6,12
5,12990,12990,1,28
1,12996,12996,5,16
4,13001,13001,6,18
1,13004,13004,12,27
1,13008,13008,11,19
1,13009,13009,1,7
6,13009,13009,8,28
1,13015,13015,3,13
1,13017,13017,1,4
2,13021,13021,5,4
1,13024,13024,1,28
1,13025,13025,9,7
1,13029,13029,5,9
3,13030,13030,6,24
2,13032,13032,9,3
5,13042,13042,11,4
1,13043,13043,10,14
1,13045,13045,12,10
8,13048,13048,3,20
2,13050,13050,10,19
1,13053,13053,11,18
6,13056,13056,8,13
2,13065,13065,1,22
1,13070,13070,6,10
7,13082,13082,11,24
2,13089,13089,1,4
2,13089,13089,10,8
1,13092,13092,3,6
1,13099,13099,7,13
1,13109,13109,2,2
1,13110,13110,8,20
1,13110,13110,6,18
2,13120,13120,10,24
2,13121,13121,6,22
1,13125,13125,8,1
1,13125,13125,11,23
1,13126,13126,10,21
1,13128,13128,2,14
1,13134,13134,10,5
8,13138,13138,4,5
1,13151,13151,2,2
3,13165,13165,5,8
2,13166,13166,7,21
5,13173,13173,8,14
2,13175,13175,8,27
5,13175,13175,9,23
1,13179,13179,4,9
3,13181,13181,5,4
1,13184,13184,8,2
1,13184,13184,4,3
1,13188,13188,10,20
1,13196,13196,7,20
1,13199,13199,12,17
1,13202,13202,5,20
1,13228,13228,8,18
1,13246,13246,7,5
2,13246,13246,12,4
1,13247,13247,7,6
1,13249,13249,8,14
2,13249,13249,9,12
1,13250,13250,3,18
1,13252,13252,8,24
1,13268,13268,2,22
7,13279,13279,9,18
1,13284,13284,11,28
5,13284,13284,12,23
1,13290,13290,1,9
1,13292,13292,8,20
2,13298,13298,11,13
1,13304,13304,3,20
1,13308,13308,7,14
1,13310,13310,1,15
5,13311,13311,11,7
2,13316,13316,7,15
1,13324,13324,12,25
2,13325,13325,1,4
4,13329,13329,2,19
2,13335,13335,5,11
1,13338,13338,8,22
1,13361,13361,4,8
1,13363,13363,4,1
1,13364,13364,9,6
2,13367,13367,5,14
8,13374,13374,11,3
1,13381,13381,9,23
1,13390,13390,4,14
4,13406,13406,2,15
1,13407,13407,6,5
6,13412,13412,2,9
1,13414,13414,12,21
1,13424,13424,8,17
1,13426,13426,11,21
2,13426,13426,4,22
5,13449,13449,12,19
1,13462,13462,3,11
6,13473,13473,3,4
1,13476,13476,4,19
1,13484,13484,7,4
1,13498,13498,6,23
2,13498,13498,5,12
7,13499,13499,6,13
1,13508,13508,9,7
1,13510,13510,1,17
1,13516,13516,11,2
2,13524,13524,3,3
2,13535,13535,1,7
8,13539,13539,1,2
1,13541,13541,11,5
2,13550,13550,8,25
1,13556,13556,9,26
1,13565,13565,1,9
1,13566,13566,5,20
5,13571,13571,1,16
7,13571,13571,7,23
5,13572,13572,12,4
1,13577,13577,5,6
1,13579,13579,6,15
1,13581,13581,6,18
2,13581,13581,9,18
2,13588,13588,7,23
2,13592,13592,3,12
1,13594,13594,6,22
2,13612,13612,9,19
7,13616,13616,12,23
1,13620,13620,7,6
2,13623,13623,4,24
1,13626,13626,12,21
2,13627,13627,12,28
4,13630,13630,11,2
1,13663,13663,8,12
1,13667,13667,1,15
1,13667,13667,2,22
2,13682,13682,10,13
1,13684,13684,11,16
2,13687,13687,7,13
8,13690,13690,3,3
1,13701,13701,7,10
1,13705,13705,4,18
2,13714,13714,11,2
1,13720,13720,5,11
1,13730,13730,4,5
4,13734,13734,1,24
2,13753,13753,7,23
1,13765,13765,1,14
6,13779,13779,7,1
2,13780,13780,8,23
1,13783,13783,9,24
1,13793,13793,6,10
8,13796,13796,11,25
1,13797,13797,12,24
1,13797,13797,5,3
7,13805,13805,6,21
1,13813,13813,8,13
1,13829,13829,3,11
1,13833,13833,11,14
1,13839,13839,3,3
6,13840,13840,10,15
1,13842,13842,2,8
2,13843,13843,6,3
1,13857,13857,4,9
1,13864,13864,3,1
1,13867,13867,5,20
8,13872,13872,8,13
1,13878,13878,12,14
2,13878,13878,12,26
2,13911,13911,6,1
2,13921,13921,2,20
2,13930,13930,4,25
8,13941,13941,6,10
1,13951,13951,5,21
8,13965,13965,4,2
1,13967,13967,12,25
1,13968,13968,4,9
1,13978,13978,10,1
8,13978,13978,8,22
7,13979,13979,5,19
2,13982,13982,7,15
2,13984,13984,9,28
1,13986,13986,2,8
1,14006,14006,2,14
1,14012,14012,7,9
1,14039,14039,8,19
1,14046,14046,5,19
1,14048,14048,3,11
1,14054,14054,12,18
7,14060,14060,1,12
1,14092,14092,8,16
1,14098,14098,12,9
1,14100,14100,1,5
1,14109,14109,3,24
1,14114,14114,3,21
1,14117,14117,7,23
1,14119,14119,8,11
2,14141,14141,2,2
1,14144,14144,5,14
2,14156,14156,12,19
7,14181,14181,6,9
6,14204,14204,6,1
2,14207,14207,5,11
1,14208,14208,10,25
1,14214,14214,4,21
1,14215,14215,11,9
1,14216,14216,6,2
2,14224,14224,6,24
1,14237,14237,6,12
1,14238,14238,8,14
7,14243,14243,7,24
2,14249,14249,2,1
1,14251,14251,6,11
1,14253,14253,10,5
2,14253,14253,6,20
1,14256,14256,9,4
8,14267,14267,4,24
1,14274,14274,6,28
1,14274,14274,9,11
1,14278,14278,7,14
2,14294,14294,11,11
1,14304,14304,1,3
1,14323,14323,7,25
2,14331,14331,11,4
4,14332,14332,7,23
5,14335,14335,3,20
2,14352,14352,9,15
2,14356,14356,5,8
1,14361,14361,4,15
1,14370,14370,4,18
2,14380,14380,7,23
2,14393,14393,3,1
1,14395,14395,11,28
3,14395,14395,12,21
7,14406,14406,12,3
1,14407,14407,8,1
3,14412,14412,8,20
6,14416,14416,1,19
1,14422,14422,6,5
1,14424,14424,4,14
1,14436,14436,6,15
3,14448,14448,9,4
2,14460,14460,8,4
8,14460,14460,5,18
3,14519,14519,10,28
5,14525,14525,9,4
2,14528,14528,3,2
2,14532,14532,8,27
2,14534,14534,11,19
8,14538,14538,6,16
1,14539,14539,5,10
4,14541,14541,2,8
1,14545,14545,5,5
1,14548,14548,10,3
1,14548,14548,2,15
1,14562,14562,11,16
1,14563,14563,3,21
4,14563,14563,7,23
1,14571,14571,8,18
2,14576,14576,7,10
2,14577,14577,3,6
1,14583,14583,1,28
1,14592,14592,4,1
2,14592,14592,4,17
1,14595,14595,12,2
2,14596,14596,12,21
8,14606,14606,2,19
2,14609,14609,7,14
1,14613,14613,4,18
1,14629,14629,5,27
8,14632,14632,6,11
1,14636,14636,8,11
1,14638,14638,8,6
1,14655,14655,4,3
1,14661,14661,6,19
8,14664,14664,10,11
1,14670,14670,10,4
1,14671,14671,10,7
2,14671,14671,1,5
2,14673,14673,7,16
1,14677,14677,9,13
6,14677,14677,5,5
1,14679,14679,8,1
2,14689,14689,3,6
1,14692,14692,10,8
1,14696,14696,2,17
1,14705,14705,1,11
1,14725,14725,12,15
1,14731,14731,12,21
1,14737,14737,3,11
1,14746,14746,8,4
1,14747,14747,9,9
7,14748,14748,8,22
1,14751,14751,10,2
2,14752,14752,1,3
1,14761,14761,8,16
4,14764,14764,10,14
6,14774,14774,9,4
1,14778,14778,10,14
6,14793,14793,4,8
1,14795,14795,10,4
1,14798,14798,2,18
4,14804,14804,4,24
4,14805,14805,3,23
2,14807,14807,1,18
1,14810,14810,10,1
1,14813,14813,1,1
3,14824,14824,8,12
2,14828,14828,11,14
6,14829,14829,2,20
1,14833,14833,3,11
1,14851,14851,10,9
6,14852,14852,11,17
1,14854,14854,2,18
2,14856,14856,7,11
2,14863,14863,6,15
1,14866,14866,2,3
1,14874,14874,2,28
3,14877,14877,6,5
1,14888,14888,8,27
1,14889,14889,8,14
1,14892,14892,10,27
1,14902,14902,12,13
7,14909,14909,9,21
1,14914,14914,11,3
1,14926,14926,10,27
4,14931,14931,7,24
8,14935,14935,2,16
7,14945,14945,9,4
1,14946,14946,1,17
2,14954,14954,5,28
1,14962,14962,9,3
2,14963,14963,4,24
1,14978,14978,11,5
2,14982,14982,3,6
4,14982,14982,7,22
1,14986,14986,9,20
1,15002,15002,11,15
2,15005,15005,6,6
3,15007,15007,3,3
2,15016,15016,3,12
1,15023,15023,5,21
1,15039,15039,2,28
1,15041,15041,3,16
1,15050,15050,6,22
8,15057,15057,1,11
1,15058,15058,8,5
1,15063,15063,11,22
5,15074,15074,1,14
1,15079,15079,7,3
1,15082,15082,11,21
5,15083,15083,6,28
3,15089,15089,3,5
1,15097,15097,11,1
6,15097,15097,12,9
1,15102,15102,4,15
2,15102,15102,10,9
1,15105,15105,1,16
1,15111,15111,3,8
1,15116,15116,8,27
1,15116,15116,4,13
2,15124,15124,1,14
1,15128,15128,12,26
1,15130,15130,7,23
1,15136,15136,1,6
2,15138,15138,6,28
1,15166,15166,7,5
1,15171,15171,12,12
1,15175,15175,12,28
1,15178,15178,3,5
1,15198,15198,11,25
5,15203,15203,9,17
6,15209,15209,9,25
1,15214,15214,1,27
1,15226,15226,7,26
1,15232,15232,3,15
2,15240,15240,12,19
7,15248,15248,2,28
1,15249,15249,4,11
2,15251,15251,10,9
1,15265,15265,12,13
2,15282,15282,11,26
1,15299,15299,4,27
1,15299,15299,12,4
2,15302,15302,9,22
2,15322,15322,1,26
1,15338,15338,4,17
2,15344,15344,2,11
1,15349,15349,11,18
1,15349,15349,12,18
6,15357,15357,4,15
5,15358,15358,2,21
1,15360,15360,4,8
1,15361,15361,9,10
1,15365,15365,9,4
7,15368,15368,7,17
7,15376,15376,9,12
1,15382,15382,7,25
1,15394,15394,2,18
2,15405,15405,10,4
1,15409,15409,12,15
2,15422,15422,2,20
5,15424,15424,7,10
1,15428,15428,12,10
1,15436,15436,4,9
8,15436,15436,9,12
1,15438,15438,10,21
1,15440,15440,1,14
2,15455,15455,11,2
6,15455,15455,8,24
2,15470,15470,9,7
1,15487,15487,10,27
1,15489,15489,11,20
8,15493,15493,12,15
2,15503,15503,1,22
4,15511,15511,7,28
1,15516,15516,9,1
1,15519,15519,10,22
1,15528,15528,11,2
2,15532,15532,4,4
3,15550,15550,7,22
2,15559,15559,11,18
2,15562,15562,6,16
6,15569,15569,8,27
2,15573,15573,6,21
1,15588,15588,4,23
2,15590,15590,6,3
5,15593,15593,2,23
1,15595,15595,8,27
5,15596,15596,2,11
7,15597,15597,9,15
1,15603,15603,6,25
3,15603,15603,8,26
1,15604,15604,8,28
1,15605,15605,2,8
3,15612,15612,9,16
1,15613,15613,1,14
8,15620,15620,3,26
1,15621,15621,8,15
6,15626,15626,3,19
2,15636,15636,4,28
1,15651,15651,4,12
6,15651,15651,6,7
3,15658,15658,10,16
6,15663,15663,1,12
7,15674,15674,12,17
1,15677,15677,10,15
1,15680,15680,10,4
1,15680,15680,3,10
1,15699,15699,6,6
2,15700,15700,6,6
2,15700,15700,12,19
1,15716,15716,1,27
1,15717,15717,4,6
1,15720,15720,9,9
1,15722,15722,6,6
1,15723,15723,4,4
3,15728,15728,4,4
3,15729,15729,10,16
2,15744,15744,11,19
8,15744,15744,9,11
1,15760,15760,9,4
2,15773,15773,1,21
2,15777,15777,2,25
5,15784,15784,7,7
2,15785,15785,4,20
1,15795,15795,3,25
2,15797,15797,11,21
7,15805,15805,1,12
1,15812,15812,2,21
2,15828,15828,11,9
1,15831,15831,8,3
3,15833,15833,11,11
1,15837,15837,7,10
6,15842,15842,5,14
2,15852,15852,9,9
3,15856,15856,7,27
1,15858,15858,9,21
1,15872,15872,11,6
3,15875,15875,10,2
1,15900,15900,1,7
1,15901,15901,1,14
1,15907,15907,10,8
8,15913,15913,1,4
1,15917,15917,2,7
2,15931,15931,3,12
2,15936,15936,1,2
1,15941,15941,1,5
4,15944,15944,6,4
1,15945,15945,6,17
5,15946,15946,8,13
1,15954,15954,10,23
1,15963,15963,1,11
2,15972,15972,2,3
1,15982,15982,7,25
1,15991,15991,11,10
1,15992,15992,8,8
1,15992,15992,8,1
2,15992,15992,4,8
2,15993,15993,4,23
1,15995,15995,5,25
2,16010,16010,9,16
1,16018,16018,4,9
1,16018,16018,8,7
7,16024,16024,2,14
5,16026,16026,6,8
3,16030,16030,7,14
1,16034,16034,9,22
1,16042,16042,7,9
1,16051,16051,6,14
1,16054,16054,10,5
2,16057,16057,8,20
2,16058,16058,7,10
1,16059,16059,6,7
1,16073,16073,3,17
8,16074,16074,6,7
1,16080,16080,10,4
6,16080,16080,6,12
1,16084,16084,12,5
2,16084,16084,9,5
1,16101,16101,12,9
8,16101,16101,10,21
1,16111,16111,1,9
2,16111,16111,5,12
1,16117,16117,3,20
4,16122,16122,2,10
8,16127,16127,9,19
1,16128,16128,3,13
6,16129,16129,12,11
1,16131,16131,5,27
1,16132,16132,9,4
1,16139,16139,4,23
6,16149,16149,6,13
1,16154,16154,8,13
1,16160,16160,10,28
1,16169,16169,3,8
1,16169,16169,11,26
2,16175,16175,9,12
3,16187,16187,8,21
2,16189,16189,5,26
1,16197,16197,7,20
4,16197,16197,8,9
8,16211,16211,7,4
1,16215,16215,8,2
1,16219,16219,5,1
2,16219,16219,2,3
3,16225,16225,8,19
1,16227,16227,10,25
3,16229,16229,7,15
2,16231,16231,7,25
1,16233,16233,8,17
1,16240,16240,3,25
2,16243,16243,8,23
1,16244,16244,8,20
2,16264,16264,3,11
1,16267,16267,3,16
8,16267,16267,6,2
2,16301,16301,7,5
1,16312,16312,1,15
1,16316,16316,2,4
1,16321,16321,12,3
3,16321,16321,9,22
1,16323,16323,9,6
8,16325,16325,12,6
1,16326,16326,2,11
1,16344,16344,5,18
4,16350,16350,3,18
1,16354,16354,8,11
5,16359,16359,2,13
3,16365,16365,2,6
1,16367,16367,5,16
2,16371,16371,6,21
1,16372,16372,8,12
1,16377,16377,7,23
2,16393,16393,9,16
1,16397,16397,6,7
7,16407,16407,7,8
1,16408,16408,2,22
1,16438,16438,8,23
1,16439,16439,2,19
4,16445,16445,10,15
1,16447,16447,8,7
2,16450,16450,8,1
2,16451,16451,5,8
1,16478,16478,11,6
2,16486,16486,1,21
2,16504,16504,11,27
1,16508,16508,4,16
3,16508,16508,4,14
2,16517,16517,6,10
2,16518,16518,6,3
8,16528,16528,1,11
1,16545,16545,9,1
1,16546,16546,10,26
1,16552,16552,3,7
1,16553,16553,9,19
1,16559,16559,10,7
1,16560,16560,7,5
2,16566,16566,2,3
7,16575,16575,6,15
1,16577,16577,4,12
1,16585,16585,10,12
2,16586,16586,3,9
1,16588,16588,4,27
2,16597,16597,12,20
1,16606,16606,8,25
1,16609,16609,10,3
1,16614,16614,9,14
2,16614,16614,5,16
1,16616,16616,12,17
5,16616,16616,9,9
5,16618,16618,7,23
2,16619,16619,9,4
3,16620,16620,5,2
2,16628,16628,1,6
1,16629,16629,6,2
2,16639,16639,8,17
1,16645,16645,3,6
8,16654,16654,2,8
1,16658,16658,9,8
5,16662,16662,4,11
7,16669,16669,2,25
1,16676,16676,8,26
2,16687,16687,10,26
1,16688,16688,12,20
2,16691,16691,4,19
1,16692,16692,6,21
1,16693,16693,6,27
5,16697,16697,3,18
2,16709,16709,5,7
3,16710,16710,11,12
2,16712,16712,8,10
1,16723,16723,7,8
1,16728,16728,6,17
1,16730,16730,7,28
1,16731,16731,6,8
1,16735,16735,9,3
2,16738,16738,6,10
5,16740,16740,5,7
2,16746,16746,5,14
2,16750,16750,8,20
1,16766,16766,10,2
1,16802,16802,7,15
2,16809,16809,12,27
5,16816,16816,11,19
1,16818,16818,9,24
2,16821,16821,4,27
1,16834,16834,10,28
1,16842,16842,10,6
1,16842,16842,9,17
1,16853,16853,6,1
1,16855,16855,7,6
3,16855,16855,10,25
2,16864,16864,2,10
2,16869,16869,9,11
1,16870,16870,3,21
6,16876,16876,11,10
1,16887,16887,8,6
3,16895,16895,12,24
1,16900,16900,9,7
2,16917,16917,1,4
5,16926,16926,5,5
6,16928,16928,9,1
2,16937,16937,2,2
1,16939,16939,2,13
3,16939,16939,4,23
1,16940,16940,4,13
2,16948,16948,6,28
1,16953,16953,6,21
2,16953,16953,4,13
1,16968,16968,1,6
8,16970,16970,3,27
1,16974,16974,1,8
1,16976,16976,4,17
2,16984,16984,3,11
4,16995,16995,4,1
1,16997,16997,8,7
1,17012,17012,6,5
2,17023,17023,6,2
1,17029,17029,3,19
1,17033,17033,6,10
2,17040,17040,10,5
2,17040,17040,10,20
1,17042,17042,11,11
1,17052,17052,5,12
1,17056,17056,5,27
1,17072,17072,12,7
1,17077,17077,1,3
1,17086,17086,8,3
4,17104,17104,2,22
7,17104,17104,11,11
3,17107,17107,7,21
1,17116,17116,4,5
5,17120,17120,11,9
2,17134,17134,7,10
1,17141,17141,6,22
1,17145,17145,6,3
1,17146,17146,3,2
1,17151,17151,5,12
5,17153,17153,1,7
2,17163,17163,12,22
6,17164,17164,4,3
2,17172,17172,9,15
2,17172,17172,6,24
8,17183,17183,4,4
1,17203,17203,9,27
1,17205,17205,5,9
6,17213,17213,11,19
1,17222,17222,3,19
2,17222,17222,5,12
1,17223,17223,1,23
1,17232,17232,8,21
1,17235,17235,7,15
1,17238,17238,5,24
2,17254,17254,5,11
4,17267,17267,4,12
1,17271,17271,1,15
1,17275,17275,10,13
2,17281,17281,9,22
1,17309,17309,7,15
2,17324,17324,7,11
1,17343,17343,10,6
1,17351,17351,11,10
1,17352,17352,1,1
2,17355,17355,8,23
1,17357,17357,8,13
5,17362,17362,1,4
1,17364,17364,5,18
1,17365,17365,2,20
1,17367,17367,11,13
1,17369,17369,6,8
2,17370,17370,11,18
1,17388,17388,4,9
1,17414,17414,9,17
1,17433,17433,5,2
4,17444,17444,11,21
2,17453,17453,8,13
2,17455,17455,9,6
1,17456,17456,6,9
1,17458,17458,10,13
6,17458,17458,11,5
1,17460,17460,8,28
1,17465,17465,7,20
6,17465,17465,9,18
1,17472,17472,8,13
1,17474,17474,6,22
2,17474,17474,12,9
1,17477,17477,9,17
1,17478,17478,6,28
2,17479,17479,3,23
2,17493,17493,10,27
1,17494,17494,5,4
1,17497,17497,10,22
1,17498,17498,8,25
2,17500,17500,4,25
5,17507,17507,1,12
2,17511,17511,2,11
3,17515,17515,8,24
1,17519,17519,3,12
1,17539,17539,9,1
1,17541,17541,3,12
2,17542,17542,10,9
2,17553,17553,3,16
1,17557,17557,5,25
2,17569,17569,2,28
2,17569,17569,10,2
1,17613,17613,8,5
2,17613,17613,2,13
1,17616,17616,12,19
1,17619,17619,1,1
1,17628,17628,9,23
2,17630,17630,3,26
1,17638,17638,11,28
2,17647,17647,2,17
7,17651,17651,5,2
1,17664,17664,2,15
1,17680,17680,2,5
1,17684,17684,2,23
7,17688,17688,5,4
1,17694,17694,12,13
2,17694,17694,11,21
8,17701,17701,8,8
1,17704,17704,1,5
2,17709,17709,9,24
1,17728,17728,11,23
1,17734,17734,2,19
6,17736,17736,8,3
1,17746,17746,12,28
1,17746,17746,12,4
3,17749,17749,6,10
1,17752,17752,8,22
1,17756,17756,8,15
4,17764,17764,2,5
2,17767,17767,8,8
1,17768,17768,11,13
6,17769,17769,10,8
1,17781,17781,6,25
1,17795,17795,2,11
2,17796,17796,5,6
8,17805,17805,1,11
1,17814,17814,8,3
2,17818,17818,1,15
1,17826,17826,9,28
2,17837,17837,11,23
2,17845,17845,6,22
7,17846,17846,12,22
7,17856,17856,10,14
1,17857,17857,8,10
1,17866,17866,9,17
1,17870,17870,2,20
1,17870,17870,4,2
1,17882,17882,1,26
1,17890,17890,6,13
1,17890,17890,6,28
2,17893,17893,9,2
1,17899,17899,7,22
5,17909,17909,4,13
5,17920,17920,1,18
2,17927,17927,9,17
1,17929,17929,11,4
5,17932,17932,8,14
1,17941,17941,3,16
1,17949,17949,7,3
2,17961,17961,12,21
1,17968,17968,5,12
1,17968,17968,7,6
1,17992,17992,5,19
2,17998,17998,7,16
1,18002,18002,8,8
8,18008,18008,7,7
1,18015,18015,4,14
3,18017,18017,9,4
5,18031,18031,1,26
1,18038,18038,2,15
1,18038,18038,1,25
1,18039,18039,10,1
1,18050,18050,1,2
5,18055,18055,4,11
1,18066,18066,7,1
1,18069,18069,9,7
8,18075,18075,7,15
2,18079,18079,11,26
1,18090,18090,2,9
1,18098,18098,12,20
1,18102,18102,9,7
8,18104,18104,10,26
1,18110,18110,10,6
1,18114,18114,6,24
2,18115,18115,6,24
1,18130,18130,12,11
1,18130,18130,1,15
3,18141,18141,8,4
1,18143,18143,7,15
1,18147,18147,8,13
1,18149,18149,11,10
2,18153,18153,10,5
2,18164,18164,4,22
1,18166,18166,11,21
2,18179,18179,7,28
1,18180,18180,1,21
6,18184,18184,1,19
2,18185,18185,12,26
2,18185,18185,4,22
2,18186,18186,5,15
3,18186,18186,12,26
2,18195,18195,12,24
1,18200,18200,8,19
1,18206,18206,1,19
1,18208,18208,10,13
1,18208,18208,8,13
2,18212,18212,2,24
5,18214,18214,12,12
2,18226,18226,5,1
1,18229,18229,7,12
1,18232,18232,6,25
1,18247,18247,5,18
1,18249,18249,11,18
1,18262,18262,9,13
1,18268,18268,6,13
2,18268,18268,1,28
1,18290,18290,3,18
7,18290,18290,9,11
1,18293,18293,10,21
1,18297,18297,9,14
2,18299,18299,2,17
1,18321,18321,8,28
2,18321,18321,10,20
8,18345,18345,10,6
1,18352,18352,8,15
1,18359,18359,3,23
1,18360,18360,6,22
3,18363,18363,11,20
1,18365,18365,9,21
2,18369,18369,2,10
3,18370,18370,9,27
1,18371,18371,10,21
1,18372,18372,10,20
2,18372,18372,9,28
2,18373,18373,10,27
2,18373,18373,11,20
6,18373,18373,6,18
7,18373,18373,3,7
2,18376,18376,8,19
2,18377,18377,3,24
2,18385,18385,8,25
1,18389,18389,11,10
2,18399,18399,1,4
1,18401,18401,1,28
1,18407,18407,11,17
1,18412,18412,6,4
3,18412,18412,8,17
8,18413,18413,11,26
1,18415,18415,7,26
8,18421,18421,12,25
6,18424,18424,4,6
2,18426,18426,6,20
1,18429,18429,11,27
1,18435,18435,8,5
6,18438,18438,3,27
1,18444,18444,3,12
2,18446,18446,8,27
1,18464,18464,7,18
1,18471,18471,11,22
5,18476,18476,3,11
1,18479,18479,8,16
1,18479,18479,8,7
2,18479,18479,5,3
3,18493,18493,3,8
1,18495,18495,2,2
1,18498,18498,1,20
1,18498,18498,11,6
1,18498,18498,10,27
1,18509,18509,3,24
1,18511,18511,2,23
1,18521,18521,8,5
4,18524,18524,9,3
1,18527,18527,9,16
2,18530,18530,8,25
1,18534,18534,5,12
1,18542,18542,9,14
3,18544,18544,4,18
4,18545,18545,6,28
1,18546,18546,1,25
1,18554,18554,11,21
1,18571,18571,10,9
1,18588,18588,3,23
1,18595,18595,11,18
1,18609,18609,5,3
1,18613,18613,11,18
1,18615,18615,4,4
1,18619,18619,1,28
1,18622,18622,2,8
1,18632,18632,3,26
1,18643,18643,8,26
5,18654,18654,4,21
1,18664,18664,12,16
1,18669,18669,10,2
2,18669,18669,2,1
1,18676,18676,1,12
1,18683,18683,1,7
1,18691,18691,1,5
2,18692,18692,9,23
1,18694,18694,11,18
1,18699,18699,3,15
6,18708,18708,6,22
1,18712,18712,10,26
1,18712,18712,6,3
1,18718,18718,6,25
1,18719,18719,2,4
1,18720,18720,9,14
1,18728,18728,12,16
2,18728,18728,7,20
2,18730,18730,5,21
4,18734,18734,11,2
2,18735,18735,2,19
1,18736,18736,5,20
3,18742,18742,5,9
1,18745,18745,5,4
1,18756,18756,11,11
1,18765,18765,1,19
1,18771,18771,10,15
1,18772,18772,11,3
1,18785,18785,11,17
7,18790,18790,9,26
1,18792,18792,2,25
7,18794,18794,8,15
7,18794,18794,8,11
6,18798,18798,3,13
1,18801,18801,6,25
8,18810,18810,7,23
8,18812,18812,10,27
2,18814,18814,10,5
1,18818,18818,12,12
1,18826,18826,11,12
1,18834,18834,3,16
1,18834,18834,11,10
1,18837,18837,4,22
1,18838,18838,3,28
1,18842,18842,10,17
2,18857,18857,11,27
1,18859,18859,1,26
1,18860,18860,9,28
6,18861,18861,6,12
2,18864,18864,7,1
6,18870,18870,12,4
1,18875,18875,1,12
1,18879,18879,1,3
2,18883,18883,6,2
2,18886,18886,1,12
1,18893,18893,4,7
1,18894,18894,7,22
1,18899,18899,9,7
3,18920,18920,7,17
3,18927,18927,2,4
1,18929,18929,3,21
2,18930,18930,12,9
2,18933,18933,6,14
2,18946,18946,6,5
1,18947,18947,12,2
1,18947,18947,8,20
1,18954,18954,8,1
1,18958,18958,11,6
1,18968,18968,6,13
1,18972,18972,9,14
2,18973,18973,5,16
1,18979,18979,8,28
1,18984,18984,3,11
3,18984,18984,8,3
5,18991,18991,7,1
2,18992,18992,1,12
2,18995,18995,4,12
1,19024,19024,3,23
1,19033,19033,7,26
1,19036,19036,4,26
2,19057,19057,2,26
3,19065,19065,10,17
2,19079,19079,7,26
1,19083,19083,4,14
3,19083,19083,3,1
8,19092,19092,4,19
4,19095,19095,11,23
3,19100,19100,11,4
1,19108,19108,12,25
1,19115,19115,11,25
1,19120,19120,9,21
2,19129,19129,3,24
2,19139,19139,9,24
1,19143,19143,6,25
1,19143,19143,11,18
1,19148,19148,3,16
1,19159,19159,2,3
1,19161,19161,5,23
7,19170,19170,12,16
1,19176,19176,8,20
1,19179,19179,11,1
1,19182,19182,11,12
2,19185,19185,1,2
1,19191,19191,7,13
1,19195,19195,7,11
2,19198,19198,12,2
1,19201,19201,4,2
2,19202,19202,11,14
6,19204,19204,8,20
2,19207,19207,4,27
5,19225,19225,8,12
1,19236,19236,5,20
2,19240,19240,5,12
3,19245,19245,8,5
1,19252,19252,11,20
1,19265,19265,6,3
2,19267,19267,6,10
1,19268,19268,1,24
1,19268,19268,7,15
1,19268,19268,11,12
1,19295,19295,5,2
5,19297,19297,4,2
3,19311,19311,3,20
1,19312,19312,12,16
1,19316,19316,12,2
8,19319,19319,2,21
1,19320,19320,6,15
6,19322,19322,12,8
1,19327,19327,8,2
1,19329,19329,10,2
5,19335,19335,8,24
1,19338,19338,1,19
1,19347,19347,9,24
2,19347,19347,1,6
1,19363,19363,5,13
6,19367,19367,1,1
1,19373,19373,5,5
1,19375,19375,8,2
1,19386,19386,11,10
3,19389,19389,5,10
1,19397,19397,9,19
1,19402,19402,10,27
1,19405,19405,2,11
1,19411,19411,12,28
1,19413,19413,9,13
1,19413,19413,9,2
2,19414,19414,3,14
1,19418,19418,2,20
1,19428,19428,12,25
1,19434,19434,6,18
2,19435,19435,2,15
2,19440,19440,12,24
1,19457,19457,10,22
4,19468,19468,8,3
1,19472,19472,6,1
4,19472,19472,9,4
1,19480,19480,4,17
1,19485,19485,11,7
6,19489,19489,1,12
2,19498,19498,5,23
1,19516,19516,5,17
1,19517,19517,11,10
7,19522,19522,7,17
1,19523,19523,11,20
2,19529,19529,10,28
1,19541,19541,1,26
2,19547,19547,6,22
2,19548,19548,12,15
1,19556,19556,5,28
3,19565,19565,6,12
2,19568,19568,3,12
2,19573,19573,3,23
8,19573,19573,8,13
2,19576,19576,12,8
1,19600,19600,2,11
3,19613,19613,12,13
1,19624,19624,6,28
1,19624,19624,4,28
5,19626,19626,4,20
1,19627,19627,9,28
1,19630,19630,8,8
1,19633,19633,8,24
1,19638,19638,5,5
2,19640,19640,9,27
1,19642,19642,3,12
2,19645,19645,6,12
4,19654,19654,2,15
1,19662,19662,11,23
1,19667,19667,11,27
3,19674,19674,7,26
3,19677,19677,6,4
1,19711,19711,9,9
4,19719,19719,10,28
1,19727,19727,3,6
6,19728,19728,4,6
1,19731,19731,3,18
2,19734,19734,6,13
1,19751,19751,4,26
7,19761,19761,1,10
1,19775,19775,11,1
2,19794,19794,2,3
3,19801,19801,3,11
1,19805,19805,8,6
1,19812,19812,7,22
3,19815,19815,11,8
1,19818,19818,9,1
1,19820,19820,3,26
2,19829,19829,12,8
7,19840,19840,4,8
1,19844,19844,7,3
2,19847,19847,9,21
6,19847,19847,9,26
1,19854,19854,6,19
2,19855,19855,9,5
2,19867,19867,2,18
1,19876,19876,8,17
7,19884,19884,6,14
2,19889,19889,3,1
8,19892,19892,11,17
2,19894,19894,1,19
5,19896,19896,5,15
6,19911,19911,12,5
2,19916,19916,4,3
1,19923,19923,10,5
1,19932,19932,7,8
1,19936,19936,8,8
1,19947,19947,8,1
2,19948,19948,4,16
1,19957,19957,12,22
8,19959,19959,11,21
2,19960,19960,3,26
2,19979,19979,3,28
1,19980,19980,4,21
3,19980,19980,11,28
1,19998,19998,2,25
2,20006,20006,3,22
4,20010,20010,3,9
1,20011,20011,9,23
1,20012,20012,6,4
5,20031,20031,5,5
1,20047,20047,10,12
1,20048,20048,1,19
1,20052,20052,6,10
1,20052,20052,10,27
2,20055,20055,8,13
6,20059,20059,6,26
1,20061,20061,6,21
2,20062,20062,3,9
2,20063,20063,11,23
2,20063,20063,12,13
2,20065,20065,11,11
1,20072,20072,5,27
1,20073,20073,12,4
1,20089,20089,3,18
1,20099,20099,5,22
1,20103,20103,12,6
1,20127,20127,5,2
1,20147,20147,3,8
1,20161,20161,1,5
2,20163,20163,11,13
1,20166,20166,11,20
1,20182,20182,2,13
7,20190,20190,2,26
6,20197,20197,11,7
6,20203,20203,11,1
1,20214,20214,5,21
1,20216,20216,4,5
2,20221,20221,11,15
2,20222,20222,7,22
7,20229,20229,3,5
2,20232,20232,12,9
2,20238,20238,12,19
1,20245,20245,10,1
1,20266,20266,8,1
1,20268,20268,1,26
1,20271,20271,1,25
2,20273,20273,6,11
3,20286,20286,5,21
1,20287,20287,7,8
1,20287,20287,2,12
1,20290,20290,3,27
8,20295,20295,9,15
5,20303,20303,2,16
1,20309,20309,8,6
1,20332,20332,2,14
3,20332,20332,9,27
3,20338,20338,6,16
1,20340,20340,12,3
5,20344,20344,6,28
2,20352,20352,3,9
2,20354,20354,8,4
1,20355,20355,7,18
1,20356,20356,4,25
2,20358,20358,4,1
1,20376,20376,2,5
3,20377,20377,12,11
1,20384,20384,8,20
3,20397,20397,8,21
2,20424,20424,7,9
1,20425,20425,9,24
2,20426,20426,5,17
8,20426,20426,2,26
2,20430,20430,5,22
1,20441,20441,8,23
3,20446,20446,11,25
2,20470,20470,4,12
1,20473,20473,12,13
7,20486,20486,8,18
3,20490,20490,8,24
6,20494,20494,7,10
2,20497,20497,3,12
1,20499,20499,3,25
1,20509,20509,1,26
1,20516,20516,1,3
2,20520,20520,11,9
1,20521,20521,9,7
1,20521,20521,11,9
3,20522,20522,1,27
1,20529,20529,10,8
2,20529,20529,3,2
1,20534,20534,5,8
8,20534,20534,2,1
2,20540,20540,9,23
1,20551,20551,2,22
7,20554,20554,1,28
1,20555,20555,5,27
1,20567,20567,5,22
1,20568,20568,6,15
1,20568,20568,3,28
3,20568,20568,6,8
1,20589,20589,4,11
1,20589,20589,5,23
2,20592,20592,11,1
1,20618,20618,11,10
1,20624,20624,10,21
1,20625,20625,8,21
1,20627,20627,1,11
1,20629,20629,9,18
2,20631,20631,8,15
2,20639,20639,1,22
2,20643,20643,7,14
1,20651,20651,8,11
1,20662,20662,3,2
4,20667,20667,7,20
6,20692,20692,6,3
8,20696,20696,11,22
1,20713,20713,12,23
8,20713,20713,8,2
6,20723,20723,1,5
7,20723,20723,6,7
3,20749,20749,6,19
1,20753,20753,3,9
1,20763,20763,6,5
1,20773,20773,10,9
1,20775,20775,7,21
1,20779,20779,10,7
1,20780,20780,3,1
7,20780,20780,8,20
1,20785,20785,9,19
1,20785,20785,8,27
1,20787,20787,3,18
1,20792,20792,8,21
1,20797,20797,3,14
1,20799,20799,2,9
1,20802,20802,6,14
4,20806,20806,5,17
4,20827,20827,3,20
2,20833,20833,3,6
1,20848,20848,8,17
5,20854,20854,9,11
2,20857,20857,7,18
7,20858,20858,5,18
1,20861,20861,9,4
2,20865,20865,4,13
4,20866,20866,8,7
1,20878,20878,4,12
2,20882,20882,12,2
1,20884,20884,4,25
1,20885,20885,3,3
1,20888,20888,10,27
7,20889,20889,10,15
1,20893,20893,3,28
1,20896,20896,12,19
1,20921,20921,9,10
2,20922,20922,2,17
8,20922,20922,10,16
2,20926,20926,12,17
1,20932,20932,10,19
1,20932,20932,6,9
8,20936,20936,10,16
1,20937,20937,4,18
1,20944,20944,3,1
1,20947,20947,3,17
1,20949,20949,10,24
6,20953,20953,5,1
2,20962,20962,9,28
6,20966,20966,9,14
1,20968,20968,7,22
2,20989,20989,12,25
1,21000,21000,5,13
2,21004,21004,7,8
1,21026,21026,7,4
1,21028,21028,10,11
2,21029,21029,8,8
5,21036,21036,10,22
2,21042,21042,9,4
4,21050,21050,11,24
1,21051,21051,1,28
7,21055,21055,10,7
2,21056,21056,11,5
8,21057,21057,4,6
2,21061,21061,2,20
1,21062,21062,10,6
2,21065,21065,8,21
1,21068,21068,3,19
1,21083,21083,12,21
8,21084,21084,2,13
1,21091,21091,9,3
2,21100,21100,2,24
2,21101,21101,12,16
2,21104,21104,8,26
7,21111,21111,12,13
3,21124,21124,11,3
1,21132,21132,1,19
4,21142,21142,10,3
3,21150,21150,10,1
1,21152,21152,7,3
2,21161,21161,6,2
1,21163,21163,12,21
1,21170,21170,10,23
1,21172,21172,2,15
1,21176,21176,7,10
2,21180,21180,7,11
1,21187,21187,8,17
7,21197,21197,5,22
2,21198,21198,1,5
1,21202,21202,4,23
1,21211,21211,3,23
1,21211,21211,3,20
5,21221,21221,10,15
1,21226,21226,4,21
1,21232,21232,7,3
2,21249,21249,7,7
1,21250,21250,7,12
1,21263,21263,7,17
5,21263,21263,8,23
1,21266,21266,3,23
2,21275,21275,12,14
1,21280,21280,1,7
2,21298,21298,2,4
1,21301,21301,6,8
6,21306,21306,9,21
8,21309,21309,4,22
1,21345,21345,8,19
1,21355,21355,9,26
1,21368,21368,5,12
1,21368,21368,2,25
1,21368,21368,10,22
2,21368,21368,10,1
2,21379,21379,5,27
1,21388,21388,7,3
4,21395,21395,12,18
1,21410,21410,3,10
1,21413,21413,1,26
2,21414,21414,10,11
1,21423,21423,4,9
2,21441,21441,2,19
3,21442,21442,1,14
2,21453,21453,9,8
2,21455,21455,7,12
1,21458,21458,5,14
6,21473,21473,4,11
7,21479,21479,1,3
1,21488,21488,1,23
1,21490,21490,7,22
1,21498,21498,9,20
2,21511,21511,6,9
2,21530,21530,1,28
1,21532,21532,3,17
1,21544,21544,3,14
2,21558,21558,1,21
1,21561,21561,6,28
1,21565,21565,6,18
1,21571,21571,12,5
1,21571,21571,2,26
1,21580,21580,5,28
1,21584,21584,6,18
1,21584,21584,11,6
1,21585,21585,3,1
4,21587,21587,9,22
4,21592,21592,1,25
2,21595,21595,1,9
1,21597,21597,12,7
1,21615,21615,10,22
1,21617,21617,5,16
7,21623,21623,3,4
3,21628,21628,10,17
1,21638,21638,10,5
8,21640,21640,11,3
1,21642,21642,6,1
2,21642,21642,4,26
8,21642,21642,6,11
1,21646,21646,7,27
3,21646,21646,4,2
1,21655,21655,10,14
4,21655,21655,9,14
1,21668,21668,1,27
1,21682,21682,1,20
8,21684,21684,1,22
2,21692,21692,9,19
1,21693,21693,10,24
1,21696,21696,2,8
2,21698,21698,4,2
2,21703,21703,4,21
1,21709,21709,12,14
3,21717,21717,9,7
2,21729,21729,3,26
4,21731,21731,1,14
1,21737,21737,9,24
1,21741,21741,9,15
5,21747,21747,5,5
1,21750,21750,10,5
4,21752,21752,3,16
1,21757,21757,8,7
2,21768,21768,10,13
1,21770,21770,8,11
3,21770,21770,1,2
1,21771,21771,6,26
1,21773,21773,4,5
2,21779,21779,6,6
1,21813,21813,11,20
1,21824,21824,6,28
1,21834,21834,3,27
1,21838,21838,3,20
8,21846,21846,10,25
1,21847,21847,3,3
1,21848,21848,3,23
1,21855,21855,5,4
1,21855,21855,12,6
4,21860,21860,9,10
1,21866,21866,9,6
1,21867,21867,10,2
2,21868,21868,5,25
1,21884,21884,7,25
1,21886,21886,6,22
1,21887,21887,7,2
2,21904,21904,6,23
3,21906,21906,1,6
1,21909,21909,11,2
1,21927,21927,5,16
1,21933,21933,6,4
5,21941,21941,11,19
1,21954,21954,3,4
1,21958,21958,12,25
2,21960,21960,5,26
1,21963,21963,9,10
5,21963,21963,12,9
1,21966,21966,1,18
1,21971,21971,6,2
1,21982,21982,1,8
2,21982,21982,4,22
1,21993,21993,4,27
1,21998,21998,11,13
8,22014,22014,1,10
1,22025,22025,12,20
1,22032,22032,10,18
1,22050,22050,3,20
2,22062,22062,11,26
6,22064,22064,2,2
1,22073,22073,9,25
1,22077,22077,9,8
6,22080,22080,4,10
1,22091,22091,6,9
1,22093,22093,4,10
4,22097,22097,6,24
1,22099,22099,1,15
1,22102,22102,6,3
1,22103,22103,4,5
3,22109,22109,6,6
1,22123,22123,11,6
1,22123,22123,8,12
1,22139,22139,2,1
1,22142,22142,10,4
5,22143,22143,4,4
1,22151,22151,9,10
2,22152,22152,10,8
1,22157,22157,5,12
2,22173,22173,6,6
2,22174,22174,8,6
1,22185,22185,5,28
1,22189,22189,2,24
1,22208,22208,2,2
1,22209,22209,3,9
2,22216,22216,4,17
1,22217,22217,2,1
1,22224,22224,3,4
1,22231,22231,7,12
7,22233,22233,2,24
1,22243,22243,11,9
1,22249,22249,3,13
1,22255,22255,7,7
7,22255,22255,1,7
1,22283,22283,1,20
2,22287,22287,9,17
3,22294,22294,1,7
1,22300,22300,3,13
2,22300,22300,8,26
1,22325,22325,7,9
1,22326,22326,4,11
3,22345,22345,2,19
2,22347,22347,10,8
1,22349,22349,4,12
1,22350,22350,6,26
1,22354,22354,7,8
6,22362,22362,7,12
1,22363,22363,8,4
2,22366,22366,2,7
1,22368,22368,2,4
2,22369,22369,2,26
1,22382,22382,12,4
8,22390,22390,8,20
8,22391,22391,8,19
1,22400,22400,12,23
2,22401,22401,5,10
1,22424,22424,2,10
1,22427,22427,4,17
1,22428,22428,1,28
5,22430,22430,4,25
6,22430,22430,9,27
1,22432,22432,2,26
1,22433,22433,6,18
1,22438,22438,7,15
2,22441,22441,6,12
1,22442,22442,2,15
1,22444,22444,9,19
2,22470,22470,1,11
1,22474,22474,11,12
3,22478,22478,3,23
1,22479,22479,5,17
7,22481,22481,3,6
7,22483,22483,3,6
8,22489,22489,2,10
1,22490,22490,1,21
6,22503,22503,6,16
1,22508,22508,7,8
2,22508,22508,10,17
2,22509,22509,10,27
1,22510,22510,4,25
1,22517,22517,12,8
1,22537,22537,1,8
8,22547,22547,1,26
1,22557,22557,3,13
4,22568,22568,9,19
2,22570,22570,5,15
1,22573,22573,7,13
5,22573,22573,5,6
1,22584,22584,6,22
1,22587,22587,12,26
1,22589,22589,7,23
2,22590,22590,11,14
6,22598,22598,6,22
1,22603,22603,2,26
3,22604,22604,6,5
1,22607,22607,2,2
2,22607,22607,5,21
6,22608,22608,9,25
1,22609,22609,9,20
2,22610,22610,6,16
8,22639,22639,5,10
8,22640,22640,7,9
1,22641,22641,6,16
3,22654,22654,12,20
1,22656,22656,10,11
1,22656,22656,3,13
1,22657,22657,8,25
2,22658,22658,3,28
1,22665,22665,7,18
1,22666,22666,12,18
1,22666,22666,4,18
2,22669,22669,1,15
1,22675,22675,7,6
1,22697,22697,1,10
3,22703,22703,11,19
6,22708,22708,3,15
2,22709,22709,4,15
2,22715,22715,4,10
1,22717,22717,5,21
1,22720,22720,9,27
1,22724,22724,9,17
7,22726,22726,2,8
1,22746,22746,3,16
5,22747,22747,10,28
1,22748,22748,2,11
1,22753,22753,6,4
1,22754,22754,2,27
7,22758,22758,6,12
8,22762,22762,3,24
1,22767,22767,7,15
8,22768,22768,6,25
1,22786,22786,4,28
2,22786,22786,10,13
1,22788,22788,5,9
2,22794,22794,4,20
7,22797,22797,4,15
1,22805,22805,8,4
1,22807,22807,3,1
1,22809,22809,4,4
1,22817,22817,10,18
2,22817,22817,4,25
1,22823,22823,10,14
1,22828,22828,3,14
1,22837,22837,2,27
6,22844,22844,8,20
3,22855,22855,6,12
1,22861,22861,8,2
2,22874,22874,9,12
1,22875,22875,5,24
1,22885,22885,12,3
2,22887,22887,4,9
1,22891,22891,10,3
2,22892,22892,1,7
1,22897,22897,6,5
3,22899,22899,12,5
1,22907,22907,10,8
1,22913,22913,4,21
1,22915,22915,4,14
8,22916,22916,5,4
2,22919,22919,4,16
6,22922,22922,9,7
1,22928,22928,12,26
2,22928,22928,1,21
1,22931,22931,3,17
1,22931,22931,10,27
2,22940,22940,12,23
1,22950,22950,2,21
1,22960,22960,1,17
1,22963,22963,11,8
1,22974,22974,9,13
2,22975,22975,3,17
8,22975,22975,12,9
2,22980,22980,8,8
2,22994,22994,7,3
1,23005,23005,7,14
4,23005,23005,11,27
2,23021,23021,8,19
1,23025,23025,1,10
1,23027,23027,7,21
2,23031,23031,7,2
2,23041,23041,10,23
1,23044,23044,10,18
6,23055,23055,3,17
2,23060,23060,4,11
1,23064,23064,10,10
1,23070,23070,12,24
2,23079,23079,4,21
1,23080,23080,7,3
1,23091,23091,5,11
2,23092,23092,10,4
1,23105,23105,12,26
1,23109,23109,5,16
2,23109,23109,12,16
2,23119,23119,9,13
2,23139,23139,9,1
1,23142,23142,6,25
1,23147,23147,7,12
1,23148,23148,4,6
5,23151,23151,10,6
6,23183,23183,8,18
1,23190,23190,1,11
1,23192,23192,4,9
2,23196,23196,1,8
1,23198,23198,9,23
1,23199,23199,7,15
1,23215,23215,10,22
1,23216,23216,3,20
1,23218,23218,6,4
1,23222,23222,1,26
2,23222,23222,10,2
2,23223,23223,10,3
3,23229,23229,8,8
1,23237,23237,10,28
2,23246,23246,4,2
3,23247,23247,3,22
8,23249,23249,1,25
1,23262,23262,2,27
1,23267,23267,8,17
2,23268,23268,5,26
4,23269,23269,6,8
1,23277,23277,5,9
1,23284,23284,4,6
3,23286,23286,10,10
7,23288,23288,3,6
2,23296,23296,10,12
1,23301,23301,8,25
2,23312,23312,5,9
1,23322,23322,2,11
1,23324,23324,11,6
2,23330,23330,10,11
1,23335,23335,6,28
1,23338,23338,5,7
2,23339,23339,1,24
5,23345,23345,4,20
3,23350,23350,10,8
2,23352,23352,4,9
1,23385,23385,11,15
1,23387,23387,2,27
2,23388,23388,8,17
1,23391,23391,10,19
1,23392,23392,9,17
1,23394,23394,8,27
1,23399,23399,3,10
1,23403,23403,1,2
2,23413,23413,5,4
1,23424,23424,11,8
1,23429,23429,3,3
1,23432,23432,10,28
2,23444,23444,11,3
1,23447,23447,6,22
1,23448,23448,6,17
2,23455,23455,11,2
8,23458,23458,11,25
1,23461,23461,1,28
1,23466,23466,5,26
1,23468,23468,6,18
1,23473,23473,4,6
1,23486,23486,6,5
6,23489,23489,5,3
1,23500,23500,2,5
1,23501,23501,11,3
2,23502,23502,1,10
1,23503,23503,8,3
6,23505,23505,10,14
1,23512,23512,7,22
5,23520,23520,3,15
1,23522,23522,8,24
1,23524,23524,3,25
1,23558,23558,9,17
1,23562,23562,5,15
1,23562,23562,3,26
1,23569,23569,11,17
2,23570,23570,9,14
1,23573,23573,1,5
1,23579,23579,6,14
1,23580,23580,12,8
2,23580,23580,2,11
1,23590,23590,2,9
1,23594,23594,3,25
1,23596,23596,9,24
1,23607,23607,6,19
1,23613,23613,10,26
1,23615,23615,10,5
1,23622,23622,9,19
1,23632,23632,2,11
2,23634,23634,2,6
4,23646,23646,10,23
2,23651,23651,10,16
3,23654,23654,5,26
2,23659,23659,12,7
1,23660,23660,1,15
3,23665,23665,5,3
1,23668,23668,2,14
1,23669,23669,1,11
2,23678,23678,10,9
1,23682,23682,6,1
2,23692,23692,1,26
1,23693,23693,3,7
1,23694,23694,2,7
1,23700,23700,10,16
1,23720,23720,4,12
1,23723,23723,3,24
1,23724,23724,12,22
2,23725,23725,11,7
2,23726,23726,4,19
1,23736,23736,10,12
1,23744,23744,2,20
1,23752,23752,1,7
8,23767,23767,12,6
1,23773,23773,4,5
1,23778,23778,12,7
1,23781,23781,2,24
1,23792,23792,6,18
1,23794,23794,10,27
1,23796,23796,7,13
1,23796,23796,12,22
2,23810,23810,9,6
1,23826,23826,5,15
1,23831,23831,7,2
2,23831,23831,6,18
1,23833,23833,9,5
1,23839,23839,11,10
6,23842,23842,9,15
5,23846,23846,5,28
3,23851,23851,11,13
1,23853,23853,10,22
1,23864,23864,6,22
1,23867,23867,6,11
2,23872,23872,7,19
7,23888,23888,7,21
1,23901,23901,6,7
7,23907,23907,12,22
2,23908,23908,11,3
2,23913,23913,10,3
1,23916,23916,8,22
1,23926,23926,7,1
1,23930,23930,7,1
2,23931,23931,9,14
5,23937,23937,9,19
2,23938,23938,9,25
6,23944,23944,4,23
2,23946,23946,9,6
2,23946,23946,2,4
1,23950,23950,1,11
1,23950,23950,4,27
2,23950,23950,12,21
5,23955,23955,2,3
1,23956,23956,10,27
2,23976,23976,6,11
2,23978,23978,9,2
1,23995,23995,5,17
1,23998,23998,2,28
1,23999,23999,1,22
1,24022,24022,6,23
8,24030,24030,6,27
2,24036,24036,11,1
6,24046,24046,1,28
8,24063,24063,6,20
1,24074,24074,7,3
2,24074,24074,10,13
2,24077,24077,11,19
1,24078,24078,1,1
2,24078,24078,10,6
1,24082,24082,1,27
1,24086,24086,2,11
2,24086,24086,3,27
1,24090,24090,3,24
8,24098,24098,8,20
1,24100,24100,4,5
1,24110,24110,10,26
1,24121,24121,12,4
1,24124,24124,1,26
2,24130,24130,8,24
1,24135,24135,2,9
2,24144,24144,1,19
6,24148,24148,7,14
2,24149,24149,3,3
1,24156,24156,5,16
7,24161,24161,2,26
8,24161,24161,9,20
1,24163,24163,8,26
2,24181,24181,4,19
2,24220,24220,12,22
2,24221,24221,4,23
1,24222,24222,12,16
1,24227,24227,10,14
1,24231,24231,7,11
1,24233,24233,6,28
8,24236,24236,7,19
8,24236,24236,11,26
1,24244,24244,4,15
1,24252,24252,3,12
1,24259,24259,7,1
1,24261,24261,5,15
1,24264,24264,1,2
1,24268,24268,7,14
1,24281,24281,1,9
2,24285,24285,7,12
1,24293,24293,8,27
3,24302,24302,8,27
8,24304,24304,1,6
3,24305,24305,1,6
1,24307,24307,7,28
1,24318,24318,6,9
3,24325,24325,3,22
1,24331,24331,6,28
3,24335,24335,11,21
1,24350,24350,12,15
2,24368,24368,2,15
1,24375,24375,5,2
1,24389,24389,11,6
3,24393,24393,4,10
6,24414,24414,3,12
1,24424,24424,7,23
1,24429,24429,3,15
2,24429,24429,8,15
1,24439,24439,9,3
1,24440,24440,7,28
1,24447,24447,2,6
4,24450,24450,4,5
1,24454,24454,12,4
2,24477,24477,1,8
6,24480,24480,8,3
1,24504,24504,1,1
1,24506,24506,8,17
8,24506,24506,5,21
2,24518,24518,1,17
1,24521,24521,6,10
2,24526,24526,3,23
8,24532,24532,4,22
2,24538,24538,7,13
1,24542,24542,8,18
1,24545,24545,3,15
4,24553,24553,3,21
1,24555,24555,2,9
1,24559,24559,9,3
1,24570,24570,1,16
1,24570,24570,4,21
3,24575,24575,6,13
8,24578,24578,4,20
1,24580,24580,9,25
1,24591,24591,4,2
2,24592,24592,9,23
1,24612,24612,6,25
1,24618,24618,7,21
1,24624,24624,4,2
1,24626,24626,3,6
2,24632,24632,4,28
1,24640,24640,7,2
1,24642,24642,11,11
7,24650,24650,3,10
1,24667,24667,11,18
1,24671,24671,1,1
1,24672,24672,2,13
8,24678,24678,2,1
1,24686,24686,6,14
1,24686,24686,6,21
1,24688,24688,10,27
1,24703,24703,9,21
1,24704,24704,7,6
1,24705,24705,8,13
1,24710,24710,10,9
1,24712,24712,4,17
1,24719,24719,12,11
2,24729,24729,10,23
5,24729,24729,12,24
2,24730,24730,4,20
1,24733,24733,7,18
2,24751,24751,5,21
1,24762,24762,12,22
1,24763,24763,7,11
1,24774,24774,3,21
1,24789,24789,11,2
3,24794,24794,5,26
2,24797,24797,5,16
2,24800,24800,5,3
1,24803,24803,7,11
2,24824,24824,1,23
1,24830,24830,12,2
6,24844,24844,10,1
5,24859,24859,12,11
1,24864,24864,5,16
1,24872,24872,6,1
1,24876,24876,4,2
2,24886,24886,7,28
2,24891,24891,3,8
1,24894,24894,9,15
3,24899,24899,7,1
1,24901,24901,10,23
1,24901,24901,3,9
1,24903,24903,9,24
1,24910,24910,11,26
2,24913,24913,2,16
1,24917,24917,4,26
1,24927,24927,9,24
1,24928,24928,1,18
1,24939,24939,6,28
1,24942,24942,3,9
2,24945,24945,10,2
2,24948,24948,1,26
2,24951,24951,12,24
1,24953,24953,9,12
1,24957,24957,11,3
7,24967,24967,3,5
1,24977,24977,6,23
1,24982,24982,11,19
1,24998,24998,6,10
3,24998,24998,8,5
1,24999,24999,5,4
2,25003,25003,5,3
1,25006,25006,7,10
3,25013,25013,3,18
1,25014,25014,7,23
3,25026,25026,8,8
1,25048,25048,2,23
1,25060,25060,6,18
1,25060,25060,5,25
1,25065,25065,10,2
1,25065,25065,9,18
1,25066,25066,7,20
1,25067,25067,10,14
1,25072,25072,10,13
7,25077,25077,2,11
1,25091,25091,7,24
4,25091,25091,4,7
5,25097,25097,11,13
3,25103,25103,4,12
2,25120,25120,7,17
2,25121,25121,10,7
2,25124,25124,10,21
1,25127,25127,7,3
8,25135,25135,5,9
2,25136,25136,7,14
1,25137,25137,2,23
1,25138,25138,10,14
1,25160,25160,3,15
2,25176,25176,9,20
1,25185,25185,1,12
2,25199,25199,9,16
1,25204,25204,7,2
1,25218,25218,2,19
1,25235,25235,10,15
2,25236,25236,3,21
1,25244,25244,9,17
1,25250,25250,5,10
2,25253,25253,1,24
1,25258,25258,4,18
1,25261,25261,7,5
1,25263,25263,5,8
5,25263,25263,3,25
1,25265,25265,5,27
1,25274,25274,1,14
3,25287,25287,6,26
1,25289,25289,4,12
1,25293,25293,4,11
1,25298,25298,12,15
1,25304,25304,11,3
6,25305,25305,9,14
8,25306,25306,1,7
1,25309,25309,8,12
1,25315,25315,3,19
1,25317,25317,5,8
1,25322,25322,5,17
1,25326,25326,5,14
2,25342,25342,1,18
1,25355,25355,5,6
2,25355,25355,1,14
1,25358,25358,5,2
2,25365,25365,7,5
2,25369,25369,11,25
2,25375,25375,12,14
1,25376,25376,7,5
1,25377,25377,1,24
1,25378,25378,4,16
1,25378,25378,8,23
1,25380,25380,12,8
1,25390,25390,9,22
1,25393,25393,6,25
5,25400,25400,11,10
1,25402,25402,2,28
6,25406,25406,2,14
1,25412,25412,9,25
1,25416,25416,1,9
2,25419,25419,4,25
2,25424,25424,4,26
2,25428,25428,3,7
4,25430,25430,7,18
1,25435,25435,2,14
1,25436,25436,2,1
1,25441,25441,11,11
1,25444,25444,12,28
2,25444,25444,7,15
3,25448,25448,5,21
1,25468,25468,5,28
1,25472,25472,12,7
1,25480,25480,9,28
2,25483,25483,8,1
1,25489,25489,12,19
3,25496,25496,4,26
5,25499,25499,2,10
1,25500,25500,3,27
1,25504,25504,2,2
8,25505,25505,10,3
3,25516,25516,3,28
4,25516,25516,5,21
1,25530,25530,12,9
2,25530,25530,4,9
1,25540,25540,12,23
5,25541,25541,10,14
2,25546,25546,11,17
1,25548,25548,1,3
1,25548,25548,3,24
7,25553,25553,1,1
1,25554,25554,6,21
1,25557,25557,10,9
3,25558,25558,9,24
7,25566,25566,2,14
1,25571,25571,1,17
3,25572,25572,6,28
1,25588,25588,10,5
5,25593,25593,1,1
1,25599,25599,8,12
1,25612,25612,12,13
8,25614,25614,6,25
1,25619,25619,7,1
1,25621,25621,5,18
1,25623,25623,8,4
1,25633,25633,4,27
1,25634,25634,3,9
7,25637,25637,2,8
1,25639,25639,8,18
2,25641,25641,3,17
1,25646,25646,8,6
2,25661,25661,4,23
1,25663,25663,12,16
2,25682,25682,2,3
1,25687,25687,7,27
2,25709,25709,12,28
1,25719,25719,10,5
1,25723,25723,12,2
1,25723,25723,11,3
1,25733,25733,8,17
3,25740,25740,10,25
5,25756,25756,12,13
1,25761,25761,5,8
1,25767,25767,2,6
2,25769,25769,9,26
1,25770,25770,1,2
2,25770,25770,3,5
1,25780,25780,4,24
1,25783,25783,2,18
1,25795,25795,5,4
1,25803,25803,1,21
1,25826,25826,8,10
1,25848,25848,9,15
1,25850,25850,2,8
1,25850,25850,11,3
2,25866,25866,7,22
2,25881,25881,4,8
1,25887,25887,6,11
1,25894,25894,10,12
2,25898,25898,7,12
1,25913,25913,11,10
7,25919,25919,6,28
3,25921,25921,8,27
1,25931,25931,9,27
2,25931,25931,5,21
8,25932,25932,4,25
1,25935,25935,8,2
2,25945,25945,7,11
1,25948,25948,12,21
2,25966,25966,3,11
5,25980,25980,4,6
5,25982,25982,12,25
1,25987,25987,1,12
1,25989,25989,2,14
5,25994,25994,10,10
2,26001,26001,9,2
1,26003,26003,9,13
2,26003,26003,12,13
1,26009,26009,1,9
1,26026,26026,10,3
1,26031,26031,3,5
1,26041,26041,1,10
1,26041,26041,5,24
3,26058,26058,1,25
1,26063,26063,10,26
1,26064,26064,6,23
1,26066,26066,2,21
1,26069,26069,2,20
1,26091,26091,5,21
1,26105,26105,6,21
2,26105,26105,8,1
3,26107,26107,10,11
1,26108,26108,9,10
1,26117,26117,10,9
2,26119,26119,1,4
3,26125,26125,3,17
1,26126,26126,12,20
2,26131,26131,3,9
1,26133,26133,2,13
2,26135,26135,8,27
1,26140,26140,2,23
2,26146,26146,10,20
1,26149,26149,7,9
2,26155,26155,11,4
1,26164,26164,9,6
2,26169,26169,10,27
2,26186,26186,12,22
5,26186,26186,5,20
1,26188,26188,9,18
1,26188,26188,7,27
6,26203,26203,3,7
2,26207,26207,6,22
4,26208,26208,9,7
6,26212,26212,3,8
6,26221,26221,12,24
2,26235,26235,6,17
2,26242,26242,5,17
5,26243,26243,8,16
1,26247,26247,6,18
1,26256,26256,12,9
2,26256,26256,3,25
8,26260,26260,7,24
1,26261,26261,10,23
2,26265,26265,10,9
1,26271,26271,12,11
1,26274,26274,3,19
3,26276,26276,12,6
1,26277,26277,8,14
1,26283,26283,9,19
1,26284,26284,9,20
1,26292,26292,12,18
2,26294,26294,7,19
2,26299,26299,1,26
1,26307,26307,4,20
2,26311,26311,7,22
1,26320,26320,8,14
2,26336,26336,6,23
1,26338,26338,7,8
3,26338,26338,2,6
1,26343,26343,8,4
2,26344,26344,4,26
1,26345,26345,10,6
8,26361,26361,9,9
2,26368,26368,4,19
1,26377,26377,4,28
4,26378,26378,4,12
1,26381,26381,2,25
1,26383,26383,11,4
6,26390,26390,3,21
1,26391,26391,7,24
1,26399,26399,5,11
1,26410,26410,7,5
1,26410,26410,11,25
3,26428,26428,8,9
2,26434,26434,4,24
8,26440,26440,8,1
1,26450,26450,2,15
2,26462,26462,5,4
2,26470,26470,2,14
2,26472,26472,4,18
2,26479,26479,10,23
1,26485,26485,2,7
2,26489,26489,10,16
3,26502,26502,3,15
2,26504,26504,12,27
1,26506,26506,6,14
2,26519,26519,2,22
1,26521,26521,5,11
2,26521,26521,1,22
1,26522,26522,5,14
1,26525,26525,12,2
1,26547,26547,10,2
2,26554,26554,2,9
1,26558,26558,4,7
2,26565,26565,2,1
2,26567,26567,12,1
1,26575,26575,11,16
1,26576,26576,6,16
1,26582,26582,4,12
1,26588,26588,5,12
6,26597,26597,2,15
1,26601,26601,8,1
2,26601,26601,6,25
2,26610,26610,3,24
2,26612,26612,10,21
5,26621,26621,3,7
2,26624,26624,5,4
5,26628,26628,3,13
3,26631,26631,10,2
4,26661,26661,1,5
8,26664,26664,8,1
1,26687,26687,11,10
1,26694,26694,12,28
1,26694,26694,7,2
6,26694,26694,3,16
6,26694,26694,6,25
2,26695,26695,1,23
1,26712,26712,1,5
2,26721,26721,2,9
1,26724,26724,9,24
1,26728,26728,5,20
1,26733,26733,2,15
2,26733,26733,6,5
1,26736,26736,11,22
6,26746,26746,5,15
1,26747,26747,8,27
1,26750,26750,3,19
7,26766,26766,11,28
3,26772,26772,7,28
7,26773,26773,1,15
1,26775,26775,12,6
1,26779,26779,12,12
1,26780,26780,5,5
2,26781,26781,5,20
1,26783,26783,12,24
2,26789,26789,4,8
1,26791,26791,2,18
2,26811,26811,6,13
2,26817,26817,11,13
1,26819,26819,7,25
1,26819,26819,12,7
1,26850,26850,12,15
6,26872,26872,3,4
1,26873,26873,8,20
1,26873,26873,9,19
2,26879,26879,10,7
2,26894,26894,2,7
2,26904,26904,2,4
1,26906,26906,7,8
1,26908,26908,5,1
6,26911,26911,11,23
2,26917,26917,7,16
1,26918,26918,8,19
3,26924,26924,8,13
2,26929,26929,4,21
1,26939,26939,5,28
1,26944,26944,7,23
1,26945,26945,4,19
2,26947,26947,7,8
1,26952,26952,6,12
6,26962,26962,8,9
8,26964,26964,11,17
1,26974,26974,5,20
7,26988,26988,11,14
1,26989,26989,11,9
7,27005,27005,8,15
2,27007,27007,8,21
1,27008,27008,1,26
1,27017,27017,5,17
1,27027,27027,1,20
1,27039,27039,1,7
5,27040,27040,11,21
1,27052,27052,8,25
6,27055,27055,7,17
1,27064,27064,9,24
2,27067,27067,9,1
6,27085,27085,5,1
1,27094,27094,8,7
3,27096,27096,5,11
1,27098,27098,9,24
1,27103,27103,2,8
1,27117,27117,2,21
1,27119,27119,8,27
2,27126,27126,11,17
2,27133,27133,10,3
1,27136,27136,5,20
2,27144,27144,7,26
7,27144,27144,5,28
1,27153,27153,6,13
1,27153,27153,8,10
2,27153,27153,8,14
4,27159,27159,4,16
1,27170,27170,9,24
1,27176,27176,11,10
1,27180,27180,12,1
7,27186,27186,4,16
6,27187,27187,1,27
1,27189,27189,9,15
1,27191,27191,2,18
1,27203,27203,2,28
1,27204,27204,1,25
2,27216,27216,4,22
1,27230,27230,4,26
2,27233,27233,9,26
2,27234,27234,11,24
2,27234,27234,6,5
1,27237,27237,6,12
1,27240,27240,6,8
1,27255,27255,3,7
2,27256,27256,6,8
7,27258,27258,5,1
2,27266,27266,12,21
1,27269,27269,9,23
1,27278,27278,2,5
1,27281,27281,4,26
8,27313,27313,6,19
1,27326,27326,12,12
2,27327,27327,2,23
2,27329,27329,12,15
1,27337,27337,9,26
6,27346,27346,12,13
1,27353,27353,1,27
8,27353,27353,9,7
2,27357,27357,6,6
1,27359,27359,12,26
2,27363,27363,3,3
1,27364,27364,10,16
2,27367,27367,6,16
1,27377,27377,8,8
2,27384,27384,10,18
1,27391,27391,9,15
1,27394,27394,8,27
1,27395,27395,6,14
3,27407,27407,2,2
2,27416,27416,9,7
1,27422,27422,11,3
1,27427,27427,5,11
1,27430,27430,6,13
7,27439,27439,2,26
8,27443,27443,11,24
3,27454,27454,11,25
1,27460,27460,1,18
1,27483,27483,11,1
1,27484,27484,5,28
2,27488,27488,3,11
1,27491,27491,7,24
2,27502,27502,7,5
3,27502,27502,3,9
1,27508,27508,7,21
1,27508,27508,9,27
8,27511,27511,8,11
8,27517,27517,8,16
1,27533,27533,2,11
3,27541,27541,2,4
1,27547,27547,12,25
1,27548,27548,11,15
2,27559,27559,2,12
1,27565,27565,5,7
2,27567,27567,10,1
2,27568,27568,3,22
8,27577,27577,11,15
1,27580,27580,5,14
2,27583,27583,11,9
2,27587,27587,1,21
2,27589,27589,9,3
1,27595,27595,1,7
1,27596,27596,3,24
1,27603,27603,12,17
1,27607,27607,8,2
1,27608,27608,12,2
1,27611,27611,4,24
1,27612,27612,6,22
2,27614,27614,11,27
1,27626,27626,12,5
1,27632,27632,8,20
1,27636,27636,12,2
1,27640,27640,9,25
1,27645,27645,4,24
1,27658,27658,7,12
2,27670,27670,3,6
8,27672,27672,3,24
2,27673,27673,1,6
1,27683,27683,12,25
1,27686,27686,4,2
1,27697,27697,11,25
1,27698,27698,10,9
5,27706,27706,6,21
2,27711,27711,11,9
2,27713,27713,9,20
4,27715,27715,4,22
1,27716,27716,3,13
1,27718,27718,10,10
1,27725,27725,7,4
1,27726,27726,6,7
2,27727,27727,8,12
2,27734,27734,8,2
1,27748,27748,8,6
1,27763,27763,1,13
3,27796,27796,6,22
1,27797,27797,7,12
2,27806,27806,2,20
1,27809,27809,4,22
1,27812,27812,12,8
2,27818,27818,1,28
1,27824,27824,10,19
1,27830,27830,7,7
1,27842,27842,9,17
1,27842,27842,6,15
1,27851,27851,12,7
2,27862,27862,9,28
2,27865,27865,12,11
7,27865,27865,12,21
2,27868,27868,1,15
3,27883,27883,3,8
1,27885,27885,1,28
1,27889,27889,12,28
6,27901,27901,3,13
2,27902,27902,6,2
1,27905,27905,11,4
2,27917,27917,8,9
1,27923,27923,2,16
1,27941,27941,7,3
1,27955,27955,8,17
2,27982,27982,12,1
1,27985,27985,5,24
1,27997,27997,2,12
1,27998,27998,5,25
8,28004,28004,10,22
2,28008,28008,9,14
3,28015,28015,4,20
2,28018,28018,7,28
1,28029,28029,8,16
2,28029,28029,1,25
8,28030,28030,5,25
2,28040,28040,9,8
1,28049,28049,11,1
5,28050,28050,1,22
2,28056,28056,1,26
5,28066,28066,4,17
1,28072,28072,4,10
1,28085,28085,10,2
1,28088,28088,5,11
5,28088,28088,6,23
2,28093,28093,9,16
1,28095,28095,10,15
4,28096,28096,7,19
4,28113,28113,8,9
2,28118,28118,11,25
1,28121,28121,6,22
1,28127,28127,12,13
1,28139,28139,5,18
1,28142,28142,8,6
5,28148,28148,12,20
2,28157,28157,1,6
1,28163,28163,6,14
8,28167,28167,3,2
2,28174,28174,11,9
1,28180,28180,3,13
1,28182,28182,5,24
8,28183,28183,8,20
1,28185,28185,10,14
5,28199,28199,6,14
1,28205,28205,8,1
6,28209,28209,4,3
1,28210,28210,9,5
2,28214,28214,8,15
6,28215,28215,5,28
1,28221,28221,7,4
6,28228,28228,6,12
1,28239,28239,8,20
8,28248,28248,2,25
1,28249,28249,3,21
1,28254,28254,6,26
2,28262,28262,10,7
1,28282,28282,8,27
1,28282,28282,2,19
1,28287,28287,3,14
2,28292,28292,6,22
3,28306,28306,3,1
7,28306,28306,9,10
1,28309,28309,7,28
1,28315,28315,5,27
3,28318,28318,10,13
1,28320,28320,5,4
3,28325,28325,2,20
8,28327,28327,8,15
2,28338,28338,6,18
2,28343,28343,6,28
1,28344,28344,9,10
1,28354,28354,2,16
1,28358,28358,1,1
1,28368,28368,9,28
1,28369,28369,3,14
2,28376,28376,4,12
2,28379,28379,5,22
1,28389,28389,7,3
1,28392,28392,4,11
1,28394,28394,2,1
1,28403,28403,9,23
8,28404,28404,1,16
2,28413,28413,6,23
2,28414,28414,5,10
6,28418,28418,8,15
1,28419,28419,5,7
6,28421,28421,2,19
7,28425,28425,1,5
1,28435,28435,12,16
6,28440,28440,12,17
1,28441,28441,2,10
3,28459,28459,3,17
1,28464,28464,10,3
6,28464,28464,12,4
1,28466,28466,1,3
2,28472,28472,2,1
1,28474,28474,2,12
2,28482,28482,8,2
1,28485,28485,6,10
1,28485,28485,6,23
2,28487,28487,2,10
3,28496,28496,12,9
1,28498,28498,11,6
2,28508,28508,4,24
6,28513,28513,9,14
8,28518,28518,10,15
5,28520,28520,1,15
1,28525,28525,7,14
1,28531,28531,3,21
4,28531,28531,7,24
1,28532,28532,7,2
1,28538,28538,1,2
1,28546,28546,10,1
2,28548,28548,3,18
1,28561,28561,1,5
2,28561,28561,3,28
2,28598,28598,3,4
3,28601,28601,5,24
3,28608,28608,11,25
1,28612,28612,3,9
1,28623,28623,6,13
1,28630,28630,1,20
1,28631,28631,10,1
4,28636,28636,6,9
1,28640,28640,5,28
1,28641,28641,8,23
2,28645,28645,12,25
4,28646,28646,7,24
1,28651,28651,4,26
2,28669,28669,9,13
1,28672,28672,10,11
2,28691,28691,7,3
2,28695,28695,6,21
1,28705,28705,2,27
2,28706,28706,6,22
1,28708,28708,4,4
5,28712,28712,5,18
3,28713,28713,11,9
1,28725,28725,2,8
8,28728,28728,3,21
1,28730,28730,6,19
1,28737,28737,7,21
2,28740,28740,10,23
1,28748,28748,9,11
1,28752,28752,11,17
2,28761,28761,3,24
1,28782,28782,2,25
1,28800,28800,4,15
1,28820,28820,1,26
1,28827,28827,12,22
1,28828,28828,1,4
1,28828,28828,6,7
1,28833,28833,9,12
2,28833,28833,6,21
1,28834,28834,3,27
2,28838,28838,1,27
1,28852,28852,9,10
2,28855,28855,4,24
1,28862,28862,5,4
1,28863,28863,2,12
1,28874,28874,7,26
1,28877,28877,1,4
2,28888,28888,3,20
1,28895,28895,7,21
1,28895,28895,4,14
1,28897,28897,9,22
1,28899,28899,10,6
5,28909,28909,12,17
1,28911,28911,6,8
1,28917,28917,2,21
3,28917,28917,5,7
1,28918,28918,1,23
2,28925,28925,6,11
1,28931,28931,5,9
8,28931,28931,7,26
6,28942,28942,6,8
2,28945,28945,3,26
4,28948,28948,7,17
1,28954,28954,9,19
1,28955,28955,1,10
1,28957,28957,9,9
1,28964,28964,5,4
3,28968,28968,11,26
4,28968,28968,9,15
1,28975,28975,12,8
1,28980,28980,1,19
1,28982,28982,8,9
4,28984,28984,1,17
1,28994,28994,10,13
1,28996,28996,12,3
3,29008,29008,8,14
1,29022,29022,7,28
3,29022,29022,5,15
1,29026,29026,4,1
4,29031,29031,12,12
1,29035,29035,9,12
2,29036,29036,8,21
1,29040,29040,4,23
1,29043,29043,9,28
1,29044,29044,8,28
2,29056,29056,8,23
1,29063,29063,5,6
1,29066,29066,4,9
3,29073,29073,3,2
2,29084,29084,12,15
2,29091,29091,11,26
5,29095,29095,3,15
2,29097,29097,11,8
3,29099,29099,4,14
7,29100,29100,3,28
1,29101,29101,9,17
1,29103,29103,5,25
1,29104,29104,5,17
1,29104,29104,12,19
2,29117,29117,3,8
1,29118,29118,6,20
5,29121,29121,4,20
1,29124,29124,11,23
1,29124,29124,9,19
1,29128,29128,1,23
1,29133,29133,5,11
6,29144,29144,9,28
1,29154,29154,6,28
6,29156,29156,5,6
7,29175,29175,7,14
2,29180,29180,11,5
1,29195,29195,4,21
2,29210,29210,8,26
3,29228,29228,8,21
1,29235,29235,5,5
2,29237,29237,6,23
2,29248,29248,5,8
1,29251,29251,3,10
6,29258,29258,2,11
2,29260,29260,7,18
8,29268,29268,6,8
1,29272,29272,5,1
2,29276,29276,8,8
2,29276,29276,6,6
1,29283,29283,9,22
1,29286,29286,5,21
2,29289,29289,5,23
1,29295,29295,3,7
1,29298,29298,9,14
2,29311,29311,11,19
4,29317,29317,7,2
2,29328,29328,2,8
2,29339,29339,1,3
1,29341,29341,3,26
3,29341,29341,12,2
1,29344,29344,11,12
8,29347,29347,4,18
2,29351,29351,9,24
2,29351,29351,12,24
1,29365,29365,10,14
6,29373,29373,11,7
2,29374,29374,9,4
1,29377,29377,1,11
1,29423,29423,8,24
2,29423,29423,3,21
1,29429,29429,9,20
1,29430,29430,5,13
1,29438,29438,8,12
1,29443,29443,2,22
2,29447,29447,12,6
2,29460,29460,5,24
2,29462,29462,5,17
1,29468,29468,7,4
1,29470,29470,8,7
7,29480,29480,7,9
7,29481,29481,7,19
1,29482,29482,7,22
1,29488,29488,9,17
1,29499,29499,12,19
2,29499,29499,5,28
2,29504,29504,3,3
2,29511,29511,6,27
1,29512,29512,3,6
6,29514,29514,5,19
1,29515,29515,6,20
1,29518,29518,9,28
1,29528,29528,5,16
2,29540,29540,12,23
1,29550,29550,11,20
2,29552,29552,9,20
6,29552,29552,2,8
1,29554,29554,10,13
1,29557,29557,7,18
1,29559,29559,10,16
1,29565,29565,3,1
1,29569,29569,6,9
2,29575,29575,6,14
1,29590,29590,9,25
1,29597,29597,10,11
3,29623,29623,5,19
2,29635,29635,1,8
3,29636,29636,8,28
1,29640,29640,8,28
2,29663,29663,3,17
1,29665,29665,11,18
3,29675,29675,11,11
2,29685,29685,6,11
3,29686,29686,10,20
1,29689,29689,5,8
1,29700,29700,5,16
6,29708,29708,7,24
2,29709,29709,6,14
6,29714,29714,2,21
2,29734,29734,11,9
1,29735,29735,2,3
1,29735,29735,7,24
2,29741,29741,7,18
1,29751,29751,11,26
2,29757,29757,12,20
1,29761,29761,7,4
1,29766,29766,2,27
2,29776,29776,8,8
2,29780,29780,9,10
1,29801,29801,4,14
1,29801,29801,5,24
1,29801,29801,7,26
1,29806,29806,11,26
1,29818,29818,4,15
4,29842,29842,7,4
3,29845,29845,2,26
2,29848,29848,8,23
1,29854,29854,6,21
1,29865,29865,5,14
1,29870,29870,9,8
1,29872,29872,4,27
1,29872,29872,1,8
1,29882,29882,11,3
2,29893,29893,9,4
1,29896,29896,7,16
1,29904,29904,5,23
1,29918,29918,5,8
2,29951,29951,12,5
3,29954,29954,1,17
2,29957,29957,5,16
1,29962,29962,4,10
1,29971,29971,1,16
4,29972,29972,9,10
2,29978,29978,9,27
1,29991,29991,7,10
2,30006,30006,5,14
4,30025,30025,12,11
1,30031,30031,5,26
8,30035,30035,6,16
2,30042,30042,11,8
1,30066,30066,11,14
1,30071,30071,1,3
7,30071,30071,10,22
1,30078,30078,2,20
3,30079,30079,3,20
1,30080,30080,1,15
1,30084,30084,8,16
1,30085,30085,6,21
2,30091,30091,10,27
1,30093,30093,7,28
1,30117,30117,5,1
1,30132,30132,2,23
2,30134,30134,4,9
1,30140,30140,5,19
1,30142,30142,2,19
1,30146,30146,6,19
2,30153,30153,2,15
1,30154,30154,6,14
8,30168,30168,4,13
1,30180,30180,2,16
2,30190,30190,11,25
1,30192,30192,9,23
1,30197,30197,2,19
1,30206,30206,8,24
2,30206,30206,5,16
1,30209,30209,9,21
1,30219,30219,6,2
6,30221,30221,10,21
1,30227,30227,3,1
4,30230,30230,7,24
1,30238,30238,9,3
1,30245,30245,11,17
2,30246,30246,3,1
1,30259,30259,4,1
1,30264,30264,9,12
1,30264,30264,12,24
2,30267,30267,2,18
1,30269,30269,12,11
1,30274,30274,9,8
2,30284,30284,5,17
2,30295,30295,5,4
1,30297,30297,10,11
2,30307,30307,8,17
1,30308,30308,12,28
1,30323,30323,10,7
1,30324,30324,3,7
6,30324,30324,8,13
1,30331,30331,12,12
1,30336,30336,11,22
2,30344,30344,8,19
5,30355,30355,2,14
1,30363,30363,3,28
1,30367,30367,8,21
1,30373,30373,6,20
2,30374,30374,3,8
1,30376,30376,4,13
1,30379,30379,10,6
1,30387,30387,7,5
7,30390,30390,7,24
1,30409,30409,10,19
1,30426,30426,4,22
2,30427,30427,1,22
3,30427,30427,11,19
6,30429,30429,3,17
2,30436,30436,1,1
1,30437,30437,11,18
1,30437,30437,8,7
1,30451,30451,2,7
1,30459,30459,9,2
2,30464,30464,3,7
1,30468,30468,7,27
1,30472,30472,1,27
2,30480,30480,9,19
1,30484,30484,6,7
2,30486,30486,1,12
3,30492,30492,5,7
1,30493,30493,9,18
1,30495,30495,7,8
1,30497,30497,12,21
1,30500,30500,3,17
1,30503,30503,12,4
6,30505,30505,7,28
2,30506,30506,6,8
1,30518,30518,9,18
7,30531,30531,10,24
1,30545,30545,2,23
1,30545,30545,8,9
1,30546,30546,3,3
1,30546,30546,7,7
1,30548,30548,2,9
2,30549,30549,10,8
2,30555,30555,7,27
3,30568,30568,6,12
1,30583,30583,9,7
1,30594,30594,12,3
3,30596,30596,3,23
1,30628,30628,2,11
2,30635,30635,10,14
1,30638,30638,8,18
8,30643,30643,5,14
1,30646,30646,10,6
1,30646,30646,8,15
1,30652,30652,7,22
2,30657,30657,11,24
2,30663,30663,4,2
1,30668,30668,12,7
1,30671,30671,11,23
2,30672,30672,8,15
2,30677,30677,9,22
1,30679,30679,6,13
1,30682,30682,9,6
1,30687,30687,5,12
2,30709,30709,12,9
1,30715,30715,2,20
4,30720,30720,9,16
2,30721,30721,7,22
3,30730,30730,6,3
6,30732,30732,10,20
1,30734,30734,12,8
1,30734,30734,1,16
1,30738,30738,1,7
2,30739,30739,1,28
1,30741,30741,7,23
1,30751,30751,4,18
1,30753,30753,7,28
2,30755,30755,4,12
1,30764,30764,10,2
1,30764,30764,10,18
1,30776,30776,3,6
5,30776,30776,3,24
5,30777,30777,1,14
2,30790,30790,5,12
1,30798,30798,3,3
1,30801,30801,8,27
1,30801,30801,7,19
3,30802,30802,9,10
3,30808,30808,10,15
1,30809,30809,9,6
4,30810,30810,9,6
3,30811,30811,3,26
7,30814,30814,9,17
1,30819,30819,5,20
1,30823,30823,7,1
1,30826,30826,10,12
1,30855,30855,11,7
1,30860,30860,4,1
2,30871,30871,12,17
1,30876,30876,4,27
3,30876,30876,9,11
2,30879,30879,9,18
1,30881,30881,6,21
1,30892,30892,4,11
1,30899,30899,8,25
1,30902,30902,7,7
8,30902,30902,3,24
1,30905,30905,12,20
1,30912,30912,9,21
2,30938,30938,8,3
1,30939,30939,4,27
5,30950,30950,3,16
1,30961,30961,2,1
1,30965,30965,4,23
2,30966,30966,5,1
3,30966,30966,12,15
1,30972,30972,5,8
1,30976,30976,6,20
1,30989,30989,12,1
1,30995,30995,3,23
1,30997,30997,1,18
7,31004,31004,10,15
1,31022,31022,5,10
1,31022,31022,12,21
1,31027,31027,1,28
6,31030,31030,5,3
4,31040,31040,10,20
1,31053,31053,8,11
1,31055,31055,1,18
1,31058,31058,4,19
6,31065,31065,1,28
2,31066,31066,4,26
1,31069,31069,2,13
5,31074,31074,5,12
2,31084,31084,2,2
2,31085,31085,7,27
6,31085,31085,3,27
1,31086,31086,5,7
1,31088,31088,5,24
2,31090,31090,2,19
2,31092,31092,11,9
1,31093,31093,10,1
1,31101,31101,9,25
1,31114,31114,5,3
4,31114,31114,6,7
2,31122,31122,8,4
6,31125,31125,5,3
2,31129,31129,2,6
1,31138,31138,9,2
1,31139,31139,6,24
6,31144,31144,3,24
1,31151,31151,7,18
1,31159,31159,9,19
3,31159,31159,2,27
4,31171,31171,10,11
1,31176,31176,11,28
1,31179,31179,3,20
2,31199,31199,9,4
1,31205,31205,9,22
1,31207,31207,2,12
1,31211,31211,4,15
7,31211,31211,6,26
1,31212,31212,3,9
1,31236,31236,3,9
1,31236,31236,4,19
6,31271,31271,11,14
1,31273,31273,5,9
3,31278,31278,5,17
1,31284,31284,5,11
2,31289,31289,8,12
1,31312,31312,3,9
2,31314,31314,8,10
3,31314,31314,9,20
1,31316,31316,2,27
1,31317,31317,12,17
1,31327,31327,9,24
1,31328,31328,9,27
2,31331,31331,1,22
1,31340,31340,12,25
1,31349,31349,7,8
1,31358,31358,4,13
1,31364,31364,11,16
2,31369,31369,9,19
1,31372,31372,5,10
1,31375,31375,10,19
1,31388,31388,8,11
8,31395,31395,6,4
1,31404,31404,9,6
8,31405,31405,8,10
7,31408,31408,9,5
3,31419,31419,5,2
1,31420,31420,4,19
2,31420,31420,11,11
2,31421,31421,8,26
1,31430,31430,6,19
2,31430,31430,3,4
1,31439,31439,8,3
2,31440,31440,3,26
3,31442,31442,7,2
1,31449,31449,5,11
2,31466,31466,8,24
8,31470,31470,3,5
1,31471,31471,8,10
1,31477,31477,9,8
2,31499,31499,5,11
1,31511,31511,10,21
1,31523,31523,10,22
2,31523,31523,7,19
1,31527,31527,9,9
1,31535,31535,4,10
2,31537,31537,2,4
1,31539,31539,12,23
2,31546,31546,2,5
2,31564,31564,12,14
1,31569,31569,4,23
2,31569,31569,12,3
1,31572,31572,4,27
1,31591,31591,10,12
1,31607,31607,3,1
2,31620,31620,9,15
1,31623,31623,4,24
6,31630,31630,12,24
1,31634,31634,11,15
1,31635,31635,12,8
1,31648,31648,4,25
4,31650,31650,11,18
1,31666,31666,5,20
5,31689,31689,11,20
1,31704,31704,10,13
1,31720,31720,3,14
2,31724,31724,2,10
1,31731,31731,2,11
2,31734,31734,5,22
1,31738,31738,1,12
2,31740,31740,7,4
2,31760,31760,10,16
1,31768,31768,1,22
2,31777,31777,7,4
1,31781,31781,5,23
1,31799,31799,10,23
1,31810,31810,11,10
1,31812,31812,3,19
2,31815,31815,5,19
5,31816,31816,12,13
1,31829,31829,4,6
1,31831,31831,7,24
6,31839,31839,6,3
1,31843,31843,2,13
8,31848,31848,2,17
1,31859,31859,6,17
1,31860,31860,3,19
1,31861,31861,12,10
2,31869,31869,3,19
1,31887,31887,5,1
2,31893,31893,5,10
2,31899,31899,6,27
1,31906,31906,1,16
1,31911,31911,12,4
1,31916,31916,11,26
1,31929,31929,5,21
2,31938,31938,6,11
2,31941,31941,9,14
2,31951,31951,8,28
3,31951,31951,3,17
2,31957,31957,11,8
3,31958,31958,12,10
1,31962,31962,3,25
2,31969,31969,8,13
8,31972,31972,12,19
1,31976,31976,9,12
2,31983,31983,6,6
3,31985,31985,1,18
3,31986,31986,12,10
3,31989,31989,3,28
4,31989,31989,7,12
2,31996,31996,10,11
2,31998,31998,10,23
8,31999,31999,5,20
1,32001,32001,8,27
7,32011,32011,6,9
1,32017,32017,10,26
1,32018,32018,8,15
1,32029,32029,3,23
1,32031,32031,1,14
2,32041,32041,7,24
1,32042,32042,4,2
2,32043,32043,2,15
7,32048,32048,12,2
5,32049,32049,3,15
1,32059,32059,8,1
3,32070,32070,11,28
2,32075,32075,5,27
1,32078,32078,3,25
1,32093,32093,4,20
1,32101,32101,4,22
2,32102,32102,6,22
1,32106,32106,1,4
6,32106,32106,4,1
2,32113,32113,6,27
1,32114,32114,6,22
7,32114,32114,8,28
1,32116,32116,1,18
1,32122,32122,8,23
2,32126,32126,2,12
1,32129,32129,11,13
2,32129,32129,3,21
6,32130,32130,1,1
1,32147,32147,8,19
3,32148,32148,9,1
2,32160,32160,2,13
1,32163,32163,3,2
8,32169,32169,7,8
1,32172,32172,9,10
1,32172,32172,2,5
1,32174,32174,6,7
2,32182,32182,5,19
1,32191,32191,5,4
1,32191,32191,5,25
2,32205,32205,9,9
3,32211,32211,6,9
1,32222,32222,5,2
1,32222,32222,1,24
3,32235,32235,8,27
2,32238,32238,11,18
1,32245,32245,10,1
1,32247,32247,4,17
1,32250,32250,5,10
1,32258,32258,7,24
1,32258,32258,10,23
1,32261,32261,3,7
3,32265,32265,1,9
1,32274,32274,5,5
1,32277,32277,9,16
2,32282,32282,5,19
1,32284,32284,2,28
1,32284,32284,2,22
1,32287,32287,9,11
3,32304,32304,4,25
8,32314,32314,11,23
1,32315,32315,7,3
1,32322,32322,5,13
2,32323,32323,7,26
2,32325,32325,2,21
1,32328,32328,8,2
3,32330,32330,6,8
1,32338,32338,11,25
6,32354,32354,7,8
2,32356,32356,7,22
1,32357,32357,7,21
1,32357,32357,11,7
1,32360,32360,1,22
3,32367,32367,6,13
1,32368,32368,11,25
1,32370,32370,12,15
7,32372,32372,12,26
1,32379,32379,1,14
1,32384,32384,5,9
2,32384,32384,12,17
8,32384,32384,1,3
1,32400,32400,4,24
2,32403,32403,11,21
1,32405,32405,11,6
1,32409,32409,4,1
8,32422,32422,10,5
1,32425,32425,2,20
5,32433,32433,1,24
1,32438,32438,8,19
1,32438,32438,6,23
3,32445,32445,6,24
3,32448,32448,5,18
1,32450,32450,10,25
2,32461,32461,7,7
1,32463,32463,12,20
2,32464,32464,8,8
1,32468,32468,11,12
4,32472,32472,4,14
6,32479,32479,9,5
1,32480,32480,7,15
3,32483,32483,11,18
1,32484,32484,5,12
8,32487,32487,2,28
2,32491,32491,1,18
4,32493,32493,6,12
2,32496,32496,10,13
1,32507,32507,9,26
1,32521,32521,8,20
1,32548,32548,12,7
1,32565,32565,11,10
1,32578,32578,9,24
1,32581,32581,7,12
2,32595,32595,7,13
1,32623,32623,10,18
1,32647,32647,8,2
5,32648,32648,12,11
2,32660,32660,11,3
7,32661,32661,5,14
1,32662,32662,9,19
1,32666,32666,9,23
5,32668,32668,10,18
8,32670,32670,4,26
1,32675,32675,3,24
1,32682,32682,11,11
2,32698,32698,6,8
3,32703,32703,1,15
1,32704,32704,12,9
1,32704,32704,1,16
1,32712,32712,9,12
1,32728,32728,4,8
1,32730,32730,3,26
2,32732,32732,2,2
1,32738,32738,12,15
3,32753,32753,11,26
1,32757,32757,1,6
2,32762,32762,8,21
8,32766,32766,9,10
6,32767,32767,5,3
1,32784,32784,6,11
1,32785,32785,9,21
1,32787,32787,12,20
1,32796,32796,1,28
2,32802,32802,6,26
1,32809,32809,7,18
1,32810,32810,9,7
2,32812,32812,1,24
5,32826,32826,5,19
1,32828,32828,3,24
3,32828,32828,11,10
1,32830,32830,6,23
1,32839,32839,8,19
1,32854,32854,3,11
7,32862,32862,11,17
2,32863,32863,11,8
1,32909,32909,11,26
1,32922,32922,2,7
1,32925,32925,9,28
8,32928,32928,8,2
1,32930,32930,4,27
1,32932,32932,6,4
2,32942,32942,12,18
1,32947,32947,3,17
3,32953,32953,5,17
1,32964,32964,11,1
2,32968,32968,10,13
1,32976,32976,2,28
5,32983,32983,6,2
2,32985,32985,8,21
1,32989,32989,4,11
8,32996,32996,2,4
1,33004,33004,7,22
6,33012,33012,12,24
7,33012,33012,4,4
2,33015,33015,10,25
1,33030,33030,9,18
2,33031,33031,9,20
1,33033,33033,8,21
3,33034,33034,3,14
6,33035,33035,12,27
1,33037,33037,8,4
1,33041,33041,8,7
2,33041,33041,8,24
4,33047,33047,10,27
1,33050,33050,7,26
2,33052,33052,12,20
1,33054,33054,4,3
1,33083,33083,2,20
6,33087,33087,7,7
1,33094,33094,3,4
1,33101,33101,4,14
1,33105,33105,7,17
1,33108,33108,5,8
1,33117,33117,10,24
1,33119,33119,2,25
1,33125,33125,8,5
8,33125,33125,2,24
2,33129,33129,6,23
2,33130,33130,10,12
1,33132,33132,3,6
4,33134,33134,12,25
2,33135,33135,2,27
7,33137,33137,5,5
2,33142,33142,11,11
1,33144,33144,7,1
2,33147,33147,4,5
1,33157,33157,6,8
2,33157,33157,6,18
1,33160,33160,9,9
4,33177,33177,1,8
1,33188,33188,5,6
5,33191,33191,1,18
2,33212,33212,1,16
1,33221,33221,12,22
1,33222,33222,2,15
2,33222,33222,4,18
1,33239,33239,10,10
5,33240,33240,10,6
1,33243,33243,9,1
1,33246,33246,12,13
1,33246,33246,10,10
1,33265,33265,5,22
3,33269,33269,7,18
1,33277,33277,6,2
1,33280,33280,7,9
3,33282,33282,8,10
3,33289,33289,1,13
5,33292,33292,1,26
1,33295,33295,1,26
1,33307,33307,2,2
1,33311,33311,11,14
1,33311,33311,9,22
2,33311,33311,9,2
2,33315,33315,9,15
1,33329,33329,12,23
2,33333,33333,1,14
2,33335,33335,11,23
2,33336,33336,5,2
1,33338,33338,9,10
7,33338,33338,1,14
2,33350,33350,5,25
2,33365,33365,8,26
1,33366,33366,4,8
2,33371,33371,12,14
2,33373,33373,4,21
1,33375,33375,3,14
2,33387,33387,1,6
1,33389,33389,7,21
1,33394,33394,11,1
4,33396,33396,1,7
1,33398,33398,8,18
2,33401,33401,7,4
1,33402,33402,12,17
2,33402,33402,5,11
1,33406,33406,9,26
1,33411,33411,1,25
3,33416,33416,5,5
2,33425,33425,11,22
2,33426,33426,1,26
1,33434,33434,6,5
2,33436,33436,2,11
6,33436,33436,2,13
1,33438,33438,9,15
2,33441,33441,10,1
1,33454,33454,8,4
1,33460,33460,3,26
3,33460,33460,7,8
1,33464,33464,1,13
3,33472,33472,7,5
1,33484,33484,8,3
2,33488,33488,5,9
2,33490,33490,3,7
1,33502,33502,8,8
3,33502,33502,4,22
6,33507,33507,5,26
5,33515,33515,1,2
1,33518,33518,12,5
6,33522,33522,11,17
5,33531,33531,5,4
1,33535,33535,9,19
7,33540,33540,10,21
1,33546,33546,1,17
1,33547,33547,1,4
1,33553,33553,5,12
2,33574,33574,10,14
8,33576,33576,12,4
1,33584,33584,9,24
2,33584,33584,6,2
6,33598,33598,10,6
1,33608,33608,5,5
5,33612,33612,7,23
1,33639,33639,12,15
1,33650,33650,3,11
1,33655,33655,6,20
1,33655,33655,6,19
1,33676,33676,8,7
1,33680,33680,12,4
8,33680,33680,10,27
1,33681,33681,5,7
7,33698,33698,10,25
5,33699,33699,12,18
3,33701,33701,9,13
1,33706,33706,5,2
1,33710,33710,2,13
2,33715,33715,11,27
1,33723,33723,11,27
2,33724,33724,1,11
3,33724,33724,4,3
2,33728,33728,6,15
1,33747,33747,9,19
1,33754,33754,2,7
5,33754,33754,4,19
1,33763,33763,10,14
3,33767,33767,6,3
2,33777,33777,10,12
1,33778,33778,9,19
1,33780,33780,8,22
1,33782,33782,9,16
8,33783,33783,9,14
2,33788,33788,12,11
1,33793,33793,11,17
5,33801,33801,6,10
1,33804,33804,6,7
1,33804,33804,1,14
2,33805,33805,4,27
1,33812,33812,9,6
1,33815,33815,3,22
1,33824,33824,5,4
1,33825,33825,1,6
2,33826,33826,6,23
8,33826,33826,4,25
3,33827,33827,2,18
1,33838,33838,10,11
1,33840,33840,5,5
1,33843,33843,5,20
2,33847,33847,10,27
2,33851,33851,10,20
1,33869,33869,8,26
4,33878,33878,8,27
1,33884,33884,8,27
2,33894,33894,2,7
1,33901,33901,8,22
1,33905,33905,12,13
1,33919,33919,3,18
6,33921,33921,9,9
1,33928,33928,11,13
2,33929,33929,6,27
1,33939,33939,4,13
3,33947,33947,3,13
2,33957,33957,9,5
2,33994,33994,2,28
2,33997,33997,4,13
1,33998,33998,12,4
1,34000,34000,11,14
2,34004,34004,9,12
1,34017,34017,4,28
2,34021,34021,12,3
1,34031,34031,4,10
2,34034,34034,8,2
1,34044,34044,6,4
1,34047,34047,5,19
1,34047,34047,2,7
2,34051,34051,5,28
3,34058,34058,6,17
1,34076,34076,1,23
1,34082,34082,10,16
1,34086,34086,11,3
1,34086,34086,9,7
1,34090,34090,4,8
1,34101,34101,10,20
1,34105,34105,3,6
1,34107,34107,8,24
1,34111,34111,8,27
1,34122,34122,7,22
1,34122,34122,10,11
4,34126,34126,2,25
2,34128,34128,7,21
1,34136,34136,3,20
8,34142,34142,5,25
1,34146,34146,2,22
1,34155,34155,12,12
2,34165,34165,1,26
1,34171,34171,5,22
1,34172,34172,9,9
1,34176,34176,2,22
2,34178,34178,3,19
1,34179,34179,8,4
1,34185,34185,4,15
8,34194,34194,11,8
1,34197,34197,12,4
2,34198,34198,6,16
1,34199,34199,8,11
1,34205,34205,11,17
1,34212,34212,5,19
2,34213,34213,5,3
1,34228,34228,2,4
1,34231,34231,11,25
2,34236,34236,4,25
3,34255,34255,6,11
1,34262,34262,3,4
1,34269,34269,4,8
1,34274,34274,11,8
1,34274,34274,11,4
1,34281,34281,5,22
6,34282,34282,6,16
1,34284,34284,5,3
1,34287,34287,10,8
1,34290,34290,3,3
5,34300,34300,12,27
1,34305,34305,4,8
1,34324,34324,10,27
3,34341,34341,1,17
6,34350,34350,9,12
5,34354,34354,11,6
1,34360,34360,5,9
2,34369,34369,1,7
1,34390,34390,3,12
2,34397,34397,9,2
2,34403,34403,9,7
1,34405,34405,11,1
6,34409,34409,7,6
1,34411,34411,2,3
1,34411,34411,1,15
1,34412,34412,7,27
2,34416,34416,3,6
1,34425,34425,9,28
1,34428,34428,6,28
1,34434,34434,6,3
1,34443,34443,9,14
2,34444,34444,10,11
2,34446,34446,2,21
1,34447,34447,4,9
2,34449,34449,4,19
1,34460,34460,9,8
1,34461,34461,10,24
1,34471,34471,2,26
7,34471,34471,6,22
2,34473,34473,7,9
1,34477,34477,11,11
2,34490,34490,12,2
1,34493,34493,12,11
1,34500,34500,9,15
5,34521,34521,9,2
1,34535,34535,7,21
1,34536,34536,1,24
1,34576,34576,4,20
8,34581,34581,8,13
1,34585,34585,2,12
1,34589,34589,10,2
1,34589,34589,9,7
5,34596,34596,5,4
1,34600,34600,1,13
7,34604,34604,11,7
1,34628,34628,7,10
3,34637,34637,6,28
1,34651,34651,8,16
1,34661,34661,9,14
1,34667,34667,4,26
2,34694,34694,11,21
2,34698,34698,5,23
2,34708,34708,1,1
1,34710,34710,4,17
2,34723,34723,10,1
6,34737,34737,1,19
2,34738,34738,11,28
1,34740,34740,1,16
2,34741,34741,2,14
1,34760,34760,2,22
1,34767,34767,2,26
2,34772,34772,8,11
1,34780,34780,9,25
5,34787,34787,9,21
2,34789,34789,2,11
1,34799,34799,3,28
1,34813,34813,3,12
1,34816,34816,3,3
1,34816,34816,2,22
1,34821,34821,12,20
1,34831,34831,12,21
1,34832,34832,7,14
1,34839,34839,11,11
1,34842,34842,11,5
1,34855,34855,5,27
1,34855,34855,4,17
2,34856,34856,7,8
1,34872,34872,8,24
1,34881,34881,5,14
1,34883,34883,2,6
1,34884,34884,3,15
1,34889,34889,4,24
3,34903,34903,7,14
2,34908,34908,4,17
5,34909,34909,2,22
2,34929,34929,1,26
1,34935,34935,9,23
2,34936,34936,6,13
1,34940,34940,5,3
5,34942,34942,12,3
2,34943,34943,10,9
2,34948,34948,12,10
1,34949,34949,11,20
1,34950,34950,1,21
1,34951,34951,3,2
2,34955,34955,4,11
2,34960,34960,11,22
1,34969,34969,2,21
1,34986,34986,9,21
1,34994,34994,1,22
1,35006,35006,2,9
1,35008,35008,5,9
1,35018,35018,3,10
1,35019,35019,10,12
3,35028,35028,12,5
1,35035,35035,4,5
1,35046,35046,8,17
1,35057,35057,6,9
1,35061,35061,3,20
2,35063,35063,5,21
2,35064,35064,8,8
2,35066,35066,11,2
1,35071,35071,2,19
1,35072,35072,10,14
1,35072,35072,2,27
3,35075,35075,7,21
1,35076,35076,4,21
1,35087,35087,7,9
1,35090,35090,5,13
2,35090,35090,8,17
3,35093,35093,12,15
1,35106,35106,1,20
2,35119,35119,8,11
8,35124,35124,8,2
1,35125,35125,2,26
1,35126,35126,6,13
1,35128,35128,12,14
1,35131,35131,4,6
1,35134,35134,1,8
1,35150,35150,9,23
1,35154,35154,7,6
1,35155,35155,9,28
1,35178,35178,2,3
1,35180,35180,12,20
3,35183,35183,8,28
1,35197,35197,4,24
5,35212,35212,3,15
1,35213,35213,3,17
2,35213,35213,9,20
1,35234,35234,9,12
8,35239,35239,5,13
5,35247,35247,5,17
1,35250,35250,10,18
5,35251,35251,4,20
2,35256,35256,5,14
3,35256,35256,6,27
7,35256,35256,5,14
2,35293,35293,5,23
2,35298,35298,7,12
1,35306,35306,11,14
1,35325,35325,9,17
1,35332,35332,3,15
2,35332,35332,6,19
3,35332,35332,6,17
1,35336,35336,7,1
1,35337,35337,1,21
1,35339,35339,7,9
1,35351,35351,9,23
1,35357,35357,8,28
1,35360,35360,10,4
1,35365,35365,9,21
7,35372,35372,8,24
2,35379,35379,5,10
3,35387,35387,3,11
1,35396,35396,1,10
2,35403,35403,10,9
1,35411,35411,10,27
1,35414,35414,11,6
1,35426,35426,12,16
1,35429,35429,10,10
3,35434,35434,6,14
1,35435,35435,5,27
2,35441,35441,1,17
1,35464,35464,10,23
1,35465,35465,12,4
1,35485,35485,6,9
2,35494,35494,5,17
4,35498,35498,1,18
6,35504,35504,6,2
2,35519,35519,12,3
1,35524,35524,4,18
2,35529,35529,1,10
1,35539,35539,10,20
1,35547,35547,10,23
3,35554,35554,3,22
4,35555,35555,11,19
1,35557,35557,5,25
5,35560,35560,8,7
1,35563,35563,3,14
2,35573,35573,7,5
6,35575,35575,4,5
1,35629,35629,8,14
2,35637,35637,4,21
3,35640,35640,9,25
1,35652,35652,11,2
1,35659,35659,12,2
1,35662,35662,4,25
1,35673,35673,6,19
1,35675,35675,4,14
1,35676,35676,9,11
1,35681,35681,10,20
1,35692,35692,1,15
1,35696,35696,9,6
1,35708,35708,11,2
7,35708,35708,6,14
1,35714,35714,3,14
2,35716,35716,11,4
1,35718,35718,1,9
1,35722,35722,9,28
5,35723,35723,8,5
1,35724,35724,2,23
1,35725,35725,5,8
1,35726,35726,9,21
1,35743,35743,8,6
1,35745,35745,2,6
1,35755,35755,4,15
1,35758,35758,4,26
6,35767,35767,12,15
3,35769,35769,11,8
1,35776,35776,8,27
2,35779,35779,12,14
1,35780,35780,4,17
1,35784,35784,5,22
1,35799,35799,6,24
6,35805,35805,2,21
1,35813,35813,7,28
1,35824,35824,4,24
1,35825,35825,1,7
1,35826,35826,4,1
1,35828,35828,6,2
1,35845,35845,8,21
1,35850,35850,9,20
2,35863,35863,7,10
1,35867,35867,3,3
2,35867,35867,3,16
6,35871,35871,9,9
1,35874,35874,11,13
1,35881,35881,3,14
3,35882,35882,8,5
1,35897,35897,9,26
1,35907,35907,1,11
1,35910,35910,10,28
1,35913,35913,10,16
1,35923,35923,3,28
1,35933,35933,8,23
2,35948,35948,1,13
5,35961,35961,5,20
5,35971,35971,9,8
1,35974,35974,3,20
2,35974,35974,3,10
5,35975,35975,9,15
1,36018,36018,11,28
1,36032,36032,11,17
1,36032,36032,8,25
1,36033,36033,2,5
2,36035,36035,8,25
1,36040,36040,2,10
4,36043,36043,10,27
6,36044,36044,8,27
1,36046,36046,6,18
2,36052,36052,12,4
1,36056,36056,4,20
8,36056,36056,6,10
1,36073,36073,6,13
2,36084,36084,5,15
6,36104,36104,5,15
1,36111,36111,12,27
1,36116,36116,7,22
2,36119,36119,4,12
2,36131,36131,2,28
1,36175,36175,5,15
3,36177,36177,6,9
1,36178,36178,12,19
2,36180,36180,5,25
1,36182,36182,6,22
3,36189,36189,3,8
1,36191,36191,2,1
5,36195,36195,8,8
1,36205,36205,3,14
1,36213,36213,4,6
1,36215,36215,1,1
1,36220,36220,7,12
2,36222,36222,4,22
6,36223,36223,11,20
2,36226,36226,10,5
1,36228,36228,7,23
8,36245,36245,5,23
1,36250,36250,3,11
2,36259,36259,9,12
3,36260,36260,6,28
2,36262,36262,7,14
3,36270,36270,12,27
2,36271,36271,10,15
1,36273,36273,10,20
1,36281,36281,9,1
3,36286,36286,5,26
1,36287,36287,3,14
1,36289,36289,1,3
1,36293,36293,2,19
6,36298,36298,12,13
1,36300,36300,3,10
2,36305,36305,5,2
4,36323,36323,12,3
1,36324,36324,10,10
2,36324,36324,2,5
2,36326,36326,1,12
2,36327,36327,7,7
1,36332,36332,9,18
2,36333,36333,3,10
2,36334,36334,6,10
1,36336,36336,6,7
8,36353,36353,4,19
2,36354,36354,3,18
1,36356,36356,4,27
1,36366,36366,8,4
1,36368,36368,12,10
2,36370,36370,2,14
1,36374,36374,9,8
1,36376,36376,8,15
2,36376,36376,1,8
1,36384,36384,7,26
3,36387,36387,5,6
1,36402,36402,7,6
2,36409,36409,4,4
2,36412,36412,5,17
1,36415,36415,1,2
2,36417,36417,6,18
1,36429,36429,3,7
1,36434,36434,11,3
2,36444,36444,6,11
1,36453,36453,9,7
1,36465,36465,4,11
1,36477,36477,12,28
2,36486,36486,2,22
1,36489,36489,7,15
1,36491,36491,1,10
1,36491,36491,10,23
3,36494,36494,8,19
2,36497,36497,3,24
2,36503,36503,7,1
1,36505,36505,8,8
1,36510,36510,8,5
1,36510,36510,6,10
8,36519,36519,12,27
2,36526,36526,1,16
6,36527,36527,9,25
6,36533,36533,11,17
8,36533,36533,3,1
2,36537,36537,5,14
1,36549,36549,3,19
2,36550,36550,5,26
2,36552,36552,8,16
1,36555,36555,5,12
1,36558,36558,10,7
1,36560,36560,10,28
2,36561,36561,11,27
1,36575,36575,12,18
1,36577,36577,4,7
2,36578,36578,10,11
1,36594,36594,6,12
2,36596,36596,1,12
3,36596,36596,11,5
1,36599,36599,12,4
1,36600,36600,9,23
1,36601,36601,5,23
1,36602,36602,2,16
1,36602,36602,6,26
1,36602,36602,10,21
2,36608,36608,10,19
2,36620,36620,8,5
1,36621,36621,5,13
2,36623,36623,8,22
2,36628,36628,5,7
2,36632,36632,5,8
1,36634,36634,10,18
6,36634,36634,1,24
2,36638,36638,10,14
2,36640,36640,5,24
6,36645,36645,6,3
8,36652,36652,5,6
1,36656,36656,4,15
1,36657,36657,8,3
1,36657,36657,7,13
1,36660,36660,9,15
2,36660,36660,6,26
1,36667,36667,2,21
8,36669,36669,7,28
3,36677,36677,10,3
1,36681,36681,7,3
8,36681,36681,2,13
5,36683,36683,9,28
5,36693,36693,7,24
1,36695,36695,11,3
1,36697,36697,8,5
2,36701,36701,10,13
1,36708,36708,9,22
1,36710,36710,9,10
1,36725,36725,2,14
1,36742,36742,9,17
1,36744,36744,2,16
2,36746,36746,4,26
8,36746,36746,11,24
1,36756,36756,11,6
1,36757,36757,1,3
1,36760,36760,10,15
7,36767,36767,11,25
1,36776,36776,7,4
2,36776,36776,4,6
1,36788,36788,6,7
5,36788,36788,12,25
5,36790,36790,1,7
1,36791,36791,11,15
8,36806,36806,8,22
1,36815,36815,10,10
1,36815,36815,11,21
1,36815,36815,9,18
2,36820,36820,9,13
2,36858,36858,12,4
5,36884,36884,10,22
3,36896,36896,4,1
1,36906,36906,8,3
8,36911,36911,11,16
8,36914,36914,7,8
2,36915,36915,11,18
5,36915,36915,1,10
2,36926,36926,10,16
4,36929,36929,10,16
1,36941,36941,7,8
6,36943,36943,8,13
3,36950,36950,8,9
1,36963,36963,7,16
1,36976,36976,6,28
1,36993,36993,6,23
2,36994,36994,2,28
1,37001,37001,5,17
1,37012,37012,1,24
1,37017,37017,1,28
1,37022,37022,6,11
1,37024,37024,3,4
1,37029,37029,2,11
5,37051,37051,4,2
1,37057,37057,9,26
1,37059,37059,10,24
1,37070,37070,10,14
1,37074,37074,11,25
1,37076,37076,10,3
1,37081,37081,7,13
2,37081,37081,3,4
4,37085,37085,8,21
2,37094,37094,11,17
1,37096,37096,6,14
5,37100,37100,6,9
4,37129,37129,9,9
8,37138,37138,7,21
1,37139,37139,2,24
1,37153,37153,10,11
1,37156,37156,11,15
2,37157,37157,9,6
4,37160,37160,9,5
1,37177,37177,2,12
2,37184,37184,11,15
2,37190,37190,12,27
3,37192,37192,8,24
1,37198,37198,3,1
3,37206,37206,5,2
1,37211,37211,1,18
1,37220,37220,10,20
2,37222,37222,11,15
1,37239,37239,2,4
1,37254,37254,12,24
1,37260,37260,5,9
2,37271,37271,9,6
2,37273,37273,8,17
1,37277,37277,9,27
2,37285,37285,7,13
7,37312,37312,8,22
1,37313,37313,1,19
3,37316,37316,10,6
2,37333,37333,12,9
2,37335,37335,7,13
1,37336,37336,12,21
1,37339,37339,6,3
8,37342,37342,9,14
1,37344,37344,8,3
1,37349,37349,3,13
1,37349,37349,6,2
1,37351,37351,5,6
1,37351,37351,4,13
2,37351,37351,9,4
2,37352,37352,4,12
6,37354,37354,8,14
1,37359,37359,12,4
2,37366,37366,6,15
6,37367,37367,8,5
7,37375,37375,2,26
1,37383,37383,12,12
8,37383,37383,2,7
1,37397,37397,7,28
4,37398,37398,6,21
2,37404,37404,2,20
1,37411,37411,4,6
1,37417,37417,1,1
2,37431,37431,11,23
2,37431,37431,2,12
1,37436,37436,10,18
1,37439,37439,2,9
3,37445,37445,11,3
1,37449,37449,9,18
5,37455,37455,2,16
1,37463,37463,7,18
1,37468,37468,2,9
2,37470,37470,9,6
1,37477,37477,10,2
1,37477,37477,8,26
2,37490,37490,8,6
1,37508,37508,12,25
1,37516,37516,7,16
2,37517,37517,12,1
1,37523,37523,4,24
1,37542,37542,1,12
1,37544,37544,10,10
2,37545,37545,6,24
1,37548,37548,5,9
3,37584,37584,5,9
1,37585,37585,10,8
1,37603,37603,3,20
1,37604,37604,1,26
1,37608,37608,4,5
2,37609,37609,12,3
8,37611,37611,8,24
1,37616,37616,10,25
1,37625,37625,7,5
1,37627,37627,7,3
5,37628,37628,5,27
2,37634,37634,2,3
2,37637,37637,6,26
1,37645,37645,10,12
1,37660,37660,9,24
1,37660,37660,10,28
7,37689,37689,7,17
7,37695,37695,8,22
2,37696,37696,8,16
1,37704,37704,1,22
1,37707,37707,7,20
1,37712,37712,8,2
1,37712,37712,8,10
7,37717,37717,1,21
1,37727,37727,8,3
8,37733,37733,6,2
1,37735,37735,6,4
2,37739,37739,9,3
1,37752,37752,3,8
1,37774,37774,2,24
7,37776,37776,7,26
1,37778,37778,11,2
1,37783,37783,6,1
5,37783,37783,10,12
3,37799,37799,5,11
1,37808,37808,1,26
1,37812,37812,9,13
1,37817,37817,6,16
2,37826,37826,3,20
4,37835,37835,9,20
1,37838,37838,12,14
1,37848,37848,6,8
2,37853,37853,10,10
1,37899,37899,5,18
1,37901,37901,4,2
1,37908,37908,10,28
7,37909,37909,5,2
3,37913,37913,4,11
1,37914,37914,3,17
6,37918,37918,10,19
2,37927,37927,2,13
1,37931,37931,9,15
2,37934,37934,5,4
1,37940,37940,5,10
7,37952,37952,9,22
2,37954,37954,10,9
3,37958,37958,8,24
8,37966,37966,12,8
2,37970,37970,7,7
2,37970,37970,3,22
3,37970,37970,3,4
1,37993,37993,8,26
6,37995,37995,7,16
2,37997,37997,1,3
2,38002,38002,10,15
1,38005,38005,2,23
2,38007,38007,6,3
1,38008,38008,5,17
1,38016,38016,9,1
4,38019,38019,6,8
2,38022,38022,2,24
3,38022,38022,1,8
1,38024,38024,10,20
1,38027,38027,11,12
1,38034,38034,11,1
1,38038,38038,7,14
2,38039,38039,10,23
1,38043,38043,4,9
6,38049,38049,5,10
7,38058,38058,8,5
1,38059,38059,11,10
1,38060,38060,10,8
2,38075,38075,8,1
6,38076,38076,1,26
5,38088,38088,9,7
1,38091,38091,8,13
3,38095,38095,7,7
1,38107,38107,7,10
1,38112,38112,10,3
2,38124,38124,5,28
2,38131,38131,7,28
4,38131,38131,6,23
1,38149,38149,4,17
3,38151,38151,12,20
1,38174,38174,5,19
8,38183,38183,3,2
3,38185,38185,4,4
1,38190,38190,1,5
2,38196,38196,6,17
1,38198,38198,9,1
1,38210,38210,11,27
1,38216,38216,7,14
2,38221,38221,12,12
2,38230,38230,4,7
1,38233,38233,3,24
2,38234,38234,5,22
6,38236,38236,2,7
1,38237,38237,3,17
1,38248,38248,3,7
5,38249,38249,8,25
4,38252,38252,10,12
2,38259,38259,4,19
1,38260,38260,6,20
1,38260,38260,4,16
2,38268,38268,10,15
3,38276,38276,8,25
1,38278,38278,5,14
1,38281,38281,4,13
5,38305,38305,4,18
1,38309,38309,7,21
1,38318,38318,5,6
5,38321,38321,8,2
1,38328,38328,9,23
6,38353,38353,1,16
1,38354,38354,5,2
1,38357,38357,9,22
2,38362,38362,12,3
2,38366,38366,6,24
1,38375,38375,8,25
1,38384,38384,7,22
2,38386,38386,5,14
2,38394,38394,1,1
1,38395,38395,3,16
1,38420,38420,5,25
2,38425,38425,6,15
1,38431,38431,7,15
8,38431,38431,6,17
1,38443,38443,11,17
5,38443,38443,3,15
2,38445,38445,9,18
3,38456,38456,6,6
1,38457,38457,5,24
2,38459,38459,7,1
8,38459,38459,11,11
5,38461,38461,12,27
1,38472,38472,11,17
1,38473,38473,1,5
1,38478,38478,6,17
1,38486,38486,9,7
1,38491,38491,3,15
1,38492,38492,3,6
1,38492,38492,6,20
3,38492,38492,6,24
5,38494,38494,6,28
1,38497,38497,6,7
6,38498,38498,11,5
6,38505,38505,4,7
8,38505,38505,11,16
1,38509,38509,12,8
1,38520,38520,1,13
1,38521,38521,2,22
5,38542,38542,10,11
2,38544,38544,11,10
2,38545,38545,5,17
5,38551,38551,2,13
2,38553,38553,1,22
1,38560,38560,10,20
4,38569,38569,2,1
6,38602,38602,8,19
1,38606,38606,8,7
8,38608,38608,10,23
5,38610,38610,5,27
1,38619,38619,7,22
1,38637,38637,3,21
2,38639,38639,9,5
1,38645,38645,5,13
1,38649,38649,2,7
2,38650,38650,10,4
1,38661,38661,7,23
5,38662,38662,11,7
1,38667,38667,5,6
1,38669,38669,9,21
2,38669,38669,8,7
8,38670,38670,3,13
5,38681,38681,8,26
1,38691,38691,3,17
1,38695,38695,9,14
1,38697,38697,12,9
1,38707,38707,4,5
1,38734,38734,11,25
1,38742,38742,5,10
2,38769,38769,11,11
3,38782,38782,12,13
4,38789,38789,5,17
1,38797,38797,8,14
1,38798,38798,12,16
1,38799,38799,4,16
2,38812,38812,7,24
1,38816,38816,6,6
1,38823,38823,4,3
1,38833,38833,12,4
3,38851,38851,5,8
1,38854,38854,2,3
2,38861,38861,4,8
1,38876,38876,1,18
3,38877,38877,3,8
8,38878,38878,9,16
1,38891,38891,5,3
1,38896,38896,9,28
1,38897,38897,4,7
3,38898,38898,11,1
1,38900,38900,10,18
1,38920,38920,5,21
2,38920,38920,6,2
1,38923,38923,7,13
6,38935,38935,7,27
1,38941,38941,5,16
1,38955,38955,8,10
1,38962,38962,5,6
2,38962,38962,1,26
2,38964,38964,8,17
1,38971,38971,8,27
1,38975,38975,11,12
1,38979,38979,3,9
1,38995,38995,2,15
7,38995,38995,8,20
2,38997,38997,4,15
6,38998,38998,11,3
1,39003,39003,5,19
1,39017,39017,6,23
2,39020,39020,6,17
4,39025,39025,2,22
6,39027,39027,5,13
2,39034,39034,4,19
6,39039,39039,12,16
1,39041,39041,3,2
1,39042,39042,3,7
1,39044,39044,6,13
8,39062,39062,1,18
2,39064,39064,1,22
2,39065,39065,9,13
2,39071,39071,2,4
4,39077,39077,12,25
1,39078,39078,2,4
1,39080,39080,4,1
2,39083,39083,5,23
1,39099,39099,6,25
1,39101,39101,4,6
1,39105,39105,10,7
1,39109,39109,5,16
2,39115,39115,6,28
1,39116,39116,11,26
1,39124,39124,8,16
1,39126,39126,2,22
1,39130,39130,3,9
1,39137,39137,4,23
1,39139,39139,10,10
2,39144,39144,5,11
1,39147,39147,3,5
3,39147,39147,11,7
2,39150,39150,9,5
1,39157,39157,5,23
2,39165,39165,5,14
1,39180,39180,10,5
1,39189,39189,9,22
1,39190,39190,3,5
2,39196,39196,8,7
1,39219,39219,11,6
2,39219,39219,4,13
6,39219,39219,12,3
6,39220,39220,6,25
1,39222,39222,10,20
1,39229,39229,4,19
1,39233,39233,8,1
1,39234,39234,9,20
1,39240,39240,11,11
4,39242,39242,8,9
1,39254,39254,5,26
3,39261,39261,10,23
1,39268,39268,2,4
1,39269,39269,10,27
1,39270,39270,10,21
1,39278,39278,1,26
4,39287,39287,3,27
1,39289,39289,5,17
1,39295,39295,4,24
1,39299,39299,7,8
1,39310,39310,8,1
1,39316,39316,1,28
2,39317,39317,10,14
2,39358,39358,5,21
6,39361,39361,12,8
5,39366,39366,3,17
2,39373,39373,5,24
5,39375,39375,10,13
2,39376,39376,3,2
2,39378,39378,8,28
1,39380,39380,5,1
2,39384,39384,9,22
1,39391,39391,1,7
1,39414,39414,3,28
2,39417,39417,3,1
2,39423,39423,7,3
3,39435,39435,4,8
3,39436,39436,9,24
1,39438,39438,7,6
2,39447,39447,6,15
3,39450,39450,2,24
1,39451,39451,10,16
1,39456,39456,10,5
1,39464,39464,10,7
3,39470,39470,7,12
1,39472,39472,11,23
1,39477,39477,12,22
1,39494,39494,5,6
1,39494,39494,2,20
6,39498,39498,6,15
1,39515,39515,7,15
1,39515,39515,3,9
3,39516,39516,1,9
1,39535,39535,7,3
1,39538,39538,10,24
1,39540,39540,10,22
2,39548,39548,10,12
2,39576,39576,7,13
1,39588,39588,9,5
1,39593,39593,3,15
3,39602,39602,9,1
1,39615,39615,2,20
1,39621,39621,12,11
1,39631,39631,2,17
1,39640,39640,5,3
1,39646,39646,11,19
1,39655,39655,5,5
1,39658,39658,6,8
6,39679,39679,5,11
1,39683,39683,3,19
1,39706,39706,12,28
2,39722,39722,7,25
2,39723,39723,10,20
2,39727,39727,10,12
1,39729,39729,10,21
2,39740,39740,7,13
2,39743,39743,4,4
1,39754,39754,10,15
1,39754,39754,8,28
1,39764,39764,9,16
1,39772,39772,5,21
6,39775,39775,9,2
1,39785,39785,7,28
1,39787,39787,1,24
1,39789,39789,11,25
1,39792,39792,9,1
7,39799,39799,3,26
2,39814,39814,4,9
1,39822,39822,11,28
1,39823,39823,1,17
1,39827,39827,1,25
1,39832,39832,12,21
1,39842,39842,7,25
1,39847,39847,8,18
1,39850,39850,5,7
1,39852,39852,7,17
2,39856,39856,5,13
1,39861,39861,1,12
1,39868,39868,7,14
1,39876,39876,7,16
1,39877,39877,7,27
1,39885,39885,6,26
2,39893,39893,1,18
1,39906,39906,2,1
1,39919,39919,9,8
2,39929,39929,3,11
3,39933,39933,1,24
1,39935,39935,9,16
1,39939,39939,6,18
8,39941,39941,1,5
1,39951,39951,7,14
2,39951,39951,9,7
1,39963,39963,4,25
1,39964,39964,7,20
1,39968,39968,9,11
3,39972,39972,2,28
1,39990,39990,10,22
2,39990,39990,5,9
1,39992,39992,5,17
6,40002,40002,9,13
2,40003,40003,3,16
1,40006,40006,7,16
1,40018,40018,12,7
1,40019,40019,1,24
3,40027,40027,12,25
2,40034,40034,9,4
1,40037,40037,9,10
3,40059,40059,9,20
2,40063,40063,5,4
4,40064,40064,11,13
1,40070,40070,6,12
1,40076,40076,9,6
1,40085,40085,2,15
2,40088,40088,7,24
2,40092,40092,7,4
1,40097,40097,4,27
1,40099,40099,4,26
1,40106,40106,5,28
1,40109,40109,6,1
7,40116,40116,12,8
7,40118,40118,6,3
1,40126,40126,2,5
2,40132,40132,12,15
1,40133,40133,10,8
1,40135,40135,11,27
2,40142,40142,6,2
1,40146,40146,4,19
1,40147,40147,4,9
1,40148,40148,7,10
2,40152,40152,12,17
3,40153,40153,12,9
2,40155,40155,3,13
7,40157,40157,4,23
1,40158,40158,1,2
1,40162,40162,10,15
1,40169,40169,11,26
2,40170,40170,10,25
2,40181,40181,10,6
1,40189,40189,12,19
4,40205,40205,12,1
1,40220,40220,9,23
2,40225,40225,3,7
5,40225,40225,7,4
1,40231,40231,5,27
2,40233,40233,5,22
1,40242,40242,4,1
1,40247,40247,1,15
2,40256,40256,7,15
3,40259,40259,6,12
1,40263,40263,1,11
8,40276,40276,8,25
5,40277,40277,12,11
2,40280,40280,11,8
6,40293,40293,10,23
1,40294,40294,11,28
1,40310,40310,11,6
1,40313,40313,9,16
6,40329,40329,8,4
2,40331,40331,5,14
1,40333,40333,7,8
3,40345,40345,6,10
2,40348,40348,9,13
5,40362,40362,2,22
7,40363,40363,5,6
3,40365,40365,1,23
2,40370,40370,10,15
1,40378,40378,2,11
7,40395,40395,5,3
2,40401,40401,2,15
1,40402,40402,10,14
1,40402,40402,10,15
1,40421,40421,11,9
3,40426,40426,12,26
3,40428,40428,11,24
2,40429,40429,11,24
2,40450,40450,2,3
3,40450,40450,10,6
3,40451,40451,2,20
1,40456,40456,1,15
1,40458,40458,7,24
1,40465,40465,10,7
1,40465,40465,5,12
2,40471,40471,6,11
3,40472,40472,4,7
1,40479,40479,5,19
2,40487,40487,2,11
2,40488,40488,4,10
1,40503,40503,12,8
2,40515,40515,6,2
2,40517,40517,10,17
6,40517,40517,8,16
8,40537,40537,1,19
1,40545,40545,4,4
1,40553,40553,12,3
3,40573,40573,10,20
1,40576,40576,2,6
1,40579,40579,12,18
1,40591,40591,6,20
1,40593,40593,5,17
1,40594,40594,9,15
1,40599,40599,4,2
2,40599,40599,6,7
2,40607,40607,7,7
2,40609,40609,7,22
1,40617,40617,4,11
5,40628,40628,1,8
6,40634,40634,5,27
3,40638,40638,2,18
4,40664,40664,10,23
1,40672,40672,12,14
1,40677,40677,5,17
1,40693,40693,3,21
1,40695,40695,6,13
2,40704,40704,12,4
2,40705,40705,6,21
2,40707,40707,8,11
1,40711,40711,8,27
1,40713,40713,5,2
2,40714,40714,11,15
3,40714,40714,8,26
6,40715,40715,4,4
1,40716,40716,2,2
1,40720,40720,12,18
5,40724,40724,4,10
2,40729,40729,2,21
7,40731,40731,4,4
6,40733,40733,2,15
3,40737,40737,12,28
1,40749,40749,9,2
1,40749,40749,12,12
2,40759,40759,4,13
1,40766,40766,2,13
1,40797,40797,2,4
2,40801,40801,11,10
1,40808,40808,7,13
1,40812,40812,11,2
2,40822,40822,9,16
2,40825,40825,8,19
1,40831,40831,7,16
1,40846,40846,12,6
1,40852,40852,1,20
8,40852,40852,10,10
1,40854,40854,6,10
1,40858,40858,4,27
7,40865,40865,5,26
1,40868,40868,7,28
1,40874,40874,3,21
1,40882,40882,3,26
1,40912,40912,3,23
4,40918,40918,7,17
2,40919,40919,5,16
5,40919,40919,11,27
4,40926,40926,5,13
6,40933,40933,10,28
2,40940,40940,2,14
2,40941,40941,1,21
1,40957,40957,11,6
2,40965,40965,9,28
1,40967,40967,10,6
1,40968,40968,2,5
1,40973,40973,9,2
1,40975,40975,12,26
1,40976,40976,6,24
1,40977,40977,1,3
2,40977,40977,1,3
7,40980,40980,12,20
1,41000,41000,3,10
8,41008,41008,6,2
1,41017,41017,3,12
5,41038,41038,11,23
2,41044,41044,11,20
2,41046,41046,6,10
2,41047,41047,6,28
2,41049,41049,9,26
7,41060,41060,3,9
7,41061,41061,5,10
8,41062,41062,4,26
1,41063,41063,8,6
1,41067,41067,7,3
2,41070,41070,5,22
1,41072,41072,5,23
1,41075,41075,8,10
6,41092,41092,8,10
1,41096,41096,9,23
1,41110,41110,8,23
1,41123,41123,6,12
1,41124,41124,5,17
2,41124,41124,8,14
2,41134,41134,12,9
1,41137,41137,1,27
1,41138,41138,6,20
2,41139,41139,1,27
1,41149,41149,11,22
1,41156,41156,7,27
1,41163,41163,4,24
5,41172,41172,2,24
1,41178,41178,9,10
2,41178,41178,4,15
1,41179,41179,10,18
1,41192,41192,4,6
6,41195,41195,1,1
1,41205,41205,11,6
1,41211,41211,12,4
1,41215,41215,7,27
1,41216,41216,8,11
5,41216,41216,1,2
3,41222,41222,3,9
3,41225,41225,9,11
2,41233,41233,12,21
7,41234,41234,11,11
2,41238,41238,2,15
1,41242,41242,10,28
1,41247,41247,1,8
2,41259,41259,5,7
2,41265,41265,8,8
1,41267,41267,8,13
1,41282,41282,12,24
1,41287,41287,5,12
1,41289,41289,5,21
2,41289,41289,12,22
1,41298,41298,2,8
8,41299,41299,9,11
1,41304,41304,8,27
4,41304,41304,3,5
1,41306,41306,3,10
1,41308,41308,2,10
1,41308,41308,2,9
2,41327,41327,2,12
1,41329,41329,3,14
8,41332,41332,3,3
2,41334,41334,11,24
1,41336,41336,2,7
1,41342,41342,6,22
1,41347,41347,12,3
2,41349,41349,1,15
5,41353,41353,9,13
1,41354,41354,4,6
1,41357,41357,11,10
2,41357,41357,1,25
2,41359,41359,12,12
4,41361,41361,3,6
8,41365,41365,2,22
2,41367,41367,8,4
1,41371,41371,8,19
2,41386,41386,9,13
2,41393,41393,11,3
1,41399,41399,11,15
8,41410,41410,11,4
1,41419,41419,10,25
2,41420,41420,8,8
1,41422,41422,3,5
2,41422,41422,4,27
1,41451,41451,8,19
1,41455,41455,2,26
7,41457,41457,4,1
1,41474,41474,2,21
2,41476,41476,3,3
1,41485,41485,12,13
1,41492,41492,3,27
1,41492,41492,6,26
2,41498,41498,1,11
1,41533,41533,11,15
8,41538,41538,6,3
1,41544,41544,5,19
2,41550,41550,8,15
1,41552,41552,12,3
1,41558,41558,6,17
3,41573,41573,10,6
1,41575,41575,7,18
1,41583,41583,2,25
1,41598,41598,4,7
1,41599,41599,3,13
1,41600,41600,10,12
8,41600,41600,5,16
2,41601,41601,2,18
2,41618,41618,10,18
2,41619,41619,5,7
1,41635,41635,3,1
1,41638,41638,6,17
1,41650,41650,5,9
1,41651,41651,9,16
4,41682,41682,10,26
1,41683,41683,5,18
1,41690,41690,6,9
2,41699,41699,1,24
1,41710,41710,5,12
1,41711,41711,8,13
7,41717,41717,2,9
1,41732,41732,3,26
1,41749,41749,1,2
1,41750,41750,11,16
1,41752,41752,10,27
1,41752,41752,12,20
6,41752,41752,8,11
2,41753,41753,10,15
2,41759,41759,8,14
6,41759,41759,1,3
1,41785,41785,8,6
1,41793,41793,8,14
6,41793,41793,11,8
1,41801,41801,10,17
6,41801,41801,11,2
1,41817,41817,6,24
2,41823,41823,6,18
2,41827,41827,2,14
4,41828,41828,4,7
1,41846,41846,10,12
3,41858,41858,7,16
2,41872,41872,2,3
7,41872,41872,7,17
4,41874,41874,12,13
2,41876,41876,12,18
2,41878,41878,12,12
1,41888,41888,9,4
1,41896,41896,6,6
1,41897,41897,11,11
2,41901,41901,7,21
6,41902,41902,9,19
6,41907,41907,8,5
7,41923,41923,7,28
7,41948,41948,11,21
1,41949,41949,3,13
1,41953,41953,8,17
7,41953,41953,12,8
1,41957,41957,7,22
1,41965,41965,2,25
4,41976,41976,11,8
1,41987,41987,2,22
2,41991,41991,1,28
6,42000,42000,2,13
1,42006,42006,2,11
1,42019,42019,3,20
1,42019,42019,3,13
2,42033,42033,12,25
2,42038,42038,3,6
6,42038,42038,5,1
2,42040,42040,12,25
1,42041,42041,6,25
6,42047,42047,11,19
8,42050,42050,11,2
3,42055,42055,2,11
1,42072,42072,6,24
1,42080,42080,8,5
1,42081,42081,2,28
5,42086,42086,6,9
1,42097,42097,1,7
1,42106,42106,5,15
1,42119,42119,11,12
1,42124,42124,9,3
1,42129,42129,6,3
3,42129,42129,3,17
4,42132,42132,1,14
2,42145,42145,7,8
1,42157,42157,3,16
1,42164,42164,2,28
1,42170,42170,2,13
2,42178,42178,10,27
1,42194,42194,7,9
1,42199,42199,5,21
1,42208,42208,6,1
1,42209,42209,8,27
1,42210,42210,10,10
1,42214,42214,6,6
2,42225,42225,3,25
2,42231,42231,1,9
1,42232,42232,3,16
1,42238,42238,7,4
1,42240,42240,4,6
1,42242,42242,6,24
5,42244,42244,9,28
1,42245,42245,7,24
8,42246,42246,7,23
1,42251,42251,7,1
7,42254,42254,1,19
1,42262,42262,11,1
2,42262,42262,1,20
1,42265,42265,7,22
1,42268,42268,7,18
1,42270,42270,10,25
2,42275,42275,4,17
1,42281,42281,10,14
1,42313,42313,9,20
1,42316,42316,10,16
4,42317,42317,7,27
1,42320,42320,2,3
1,42339,42339,7,9
1,42345,42345,1,22
1,42369,42369,1,24
5,42371,42371,10,20
1,42375,42375,6,11
1,42382,42382,9,2
3,42397,42397,8,5
2,42401,42401,2,13
4,42401,42401,4,23
1,42412,42412,2,10
1,42412,42412,12,8
2,42420,42420,5,26
7,42422,42422,10,16
1,42426,42426,4,12
1,42427,42427,9,19
1,42436,42436,2,9
5,42436,42436,6,4
1,42441,42441,11,5
3,42441,42441,7,20
1,42448,42448,1,5
2,42454,42454,6,7
2,42456,42456,5,26
1,42457,42457,11,13
2,42461,42461,6,3
1,42464,42464,12,14
2,42468,42468,12,16
3,42474,42474,3,10
1,42485,42485,5,21
1,42500,42500,2,10
8,42510,42510,5,6
1,42514,42514,12,25
1,42516,42516,9,21
3,42516,42516,6,1
2,42519,42519,12,3
2,42520,42520,1,21
2,42528,42528,3,7
1,42531,42531,12,19
7,42535,42535,3,12
8,42549,42549,7,18
7,42551,42551,1,14
1,42555,42555,4,24
1,42557,42557,11,17
2,42575,42575,3,12
1,42585,42585,1,25
1,42591,42591,8,24
2,42594,42594,11,3
2,42597,42597,5,15
1,42599,42599,1,13
5,42600,42600,12,3
1,42602,42602,9,26
1,42605,42605,7,15
1,42607,42607,4,10
1,42614,42614,10,13
3,42622,42622,8,3
2,42629,42629,12,28
2,42630,42630,9,5
1,42641,42641,3,2
3,42661,42661,3,21
1,42670,42670,6,11
1,42677,42677,4,7
2,42680,42680,8,1
1,42682,42682,5,13
1,42699,42699,3,23
1,42699,42699,12,26
1,42706,42706,2,19
5,42714,42714,7,26
4,42738,42738,5,8
2,42757,42757,7,1
2,42757,42757,1,16
1,42761,42761,6,18
2,42763,42763,9,18
1,42766,42766,4,4
6,42768,42768,12,2
4,42775,42775,5,8
2,42781,42781,12,17
2,42785,42785,6,22
7,42789,42789,12,3
1,42795,42795,10,3
2,42812,42812,10,6
1,42813,42813,7,22
6,42819,42819,4,5
6,42823,42823,6,13
2,42824,42824,11,8
1,42827,42827,2,27
2,42828,42828,2,17
1,42829,42829,11,14
8,42829,42829,8,10
2,42834,42834,12,16
1,42841,42841,4,1
1,42849,42849,8,9
6,42854,42854,12,20
2,42859,42859,5,23
3,42860,42860,8,5
1,42861,42861,12,9
2,42868,42868,1,11
2,42884,42884,12,5
1,42885,42885,6,28
2,42894,42894,7,15
1,42903,42903,1,26
1,42910,42910,1,18
2,42910,42910,12,8
3,42918,42918,8,5
4,42923,42923,10,15
1,42927,42927,3,4
3,42933,42933,6,16
1,42935,42935,11,7
6,42941,42941,4,3
1,42943,42943,5,11
1,42944,42944,5,8
3,42956,42956,5,4
2,42962,42962,3,26
1,42968,42968,9,15
1,42969,42969,8,7
1,42976,42976,12,17
1,42984,42984,8,10
2,42991,42991,5,23
1,43001,43001,7,14
2,43011,43011,8,26
1,43037,43037,5,24
1,43045,43045,10,10
1,43058,43058,2,3
6,43060,43060,12,12
2,43065,43065,5,8
1,43068,43068,3,7
3,43080,43080,12,18
2,43092,43092,3,12
2,43092,43092,7,23
2,43102,43102,3,12
1,43119,43119,8,4
1,43127,43127,7,11
1,43127,43127,12,24
5,43147,43147,11,17
1,43166,43166,3,20
1,43172,43172,7,14
1,43182,43182,5,12
6,43218,43218,5,4
1,43220,43220,5,19
1,43224,43224,1,18
8,43224,43224,3,8
2,43230,43230,10,21
1,43232,43232,11,3
1,43233,43233,3,24
1,43244,43244,9,13
3,43249,43249,6,5
1,43250,43250,6,7
2,43253,43253,4,5
2,43254,43254,6,13
1,43256,43256,4,19
1,43263,43263,2,27
3,43267,43267,1,11
5,43270,43270,4,5
2,43272,43272,11,23
4,43287,43287,2,9
6,43292,43292,11,5
1,43296,43296,5,15
1,43306,43306,8,15
8,43308,43308,5,24
1,43310,43310,7,27
5,43311,43311,6,5
2,43313,43313,7,23
1,43318,43318,3,19
1,43337,43337,11,1
1,43350,43350,1,2
1,43350,43350,1,2
1,43354,43354,1,15
1,43365,43365,11,8
2,43368,43368,12,7
1,43375,43375,1,8
1,43376,43376,6,20
1,43385,43385,5,22
7,43385,43385,4,21
1,43386,43386,6,3
1,43395,43395,2,5
1,43405,43405,2,5
3,43407,43407,2,15
2,43409,43409,12,25
2,43410,43410,3,22
2,43411,43411,12,6
2,43416,43416,6,8
1,43427,43427,3,6
1,43427,43427,3,15
4,43433,43433,8,13
7,43434,43434,12,17
6,43441,43441,6,22
1,43452,43452,7,21
7,43455,43455,4,1
6,43489,43489,6,5
5,43494,43494,6,17
1,43500,43500,10,26
2,43506,43506,2,15
1,43510,43510,8,21
1,43511,43511,8,19
2,43513,43513,5,27
1,43522,43522,10,21
1,43523,43523,4,11
2,43527,43527,3,17
2,43541,43541,8,3
1,43543,43543,2,12
1,43546,43546,3,27
1,43550,43550,12,17
2,43551,43551,2,18
1,43558,43558,3,13
1,43559,43559,4,26
1,43560,43560,4,12
3,43561,43561,9,28
1,43567,43567,11,4
1,43568,43568,4,11
2,43569,43569,12,10
1,43571,43571,4,26
1,43572,43572,1,23
1,43575,43575,5,11
1,43577,43577,10,22
1,43585,43585,5,7
8,43589,43589,7,18
1,43595,43595,5,12
1,43596,43596,4,27
1,43599,43599,7,5
3,43601,43601,2,18
1,43622,43622,10,28
5,43629,43629,5,11
1,43643,43643,10,4
5,43644,43644,12,12
7,43651,43651,4,7
8,43666,43666,10,1
2,43677,43677,12,18
5,43677,43677,4,6
1,43678,43678,7,7
1,43690,43690,2,11
4,43691,43691,2,21
1,43694,43694,5,2
3,43697,43697,8,2
1,43701,43701,5,22
1,43704,43704,12,27
1,43711,43711,5,3
1,43719,43719,12,8
1,43720,43720,5,15
2,43741,43741,3,15
1,43746,43746,1,1
6,43760,43760,2,8
2,43766,43766,12,3
1,43771,43771,7,19
1,43774,43774,11,8
1,43775,43775,3,3
1,43781,43781,1,10
1,43786,43786,5,21
1,43794,43794,2,28
1,43794,43794,10,3
2,43794,43794,1,19
1,43795,43795,11,28
1,43805,43805,3,6
1,43810,43810,12,20
1,43829,43829,10,25
7,43829,43829,5,7
2,43833,43833,11,5
1,43840,43840,12,5
1,43846,43846,12,3
8,43848,43848,10,5
6,43851,43851,11,20
2,43858,43858,12,23
1,43866,43866,12,24
1,43867,43867,2,11
1,43883,43883,7,1
4,43892,43892,2,4
1,43901,43901,2,20
1,43926,43926,2,7
2,43928,43928,12,8
2,43934,43934,1,5
7,43939,43939,6,26
2,43942,43942,3,25
3,43945,43945,6,13
3,43949,43949,9,2
1,43952,43952,9,25
2,43954,43954,9,23
5,43958,43958,7,17
3,43962,43962,5,8
1,43981,43981,8,13
2,43993,43993,9,25
1,43994,43994,11,28
1,43995,43995,8,28
1,44027,44027,2,8
1,44028,44028,8,5
1,44028,44028,9,26
6,44046,44046,5,5
1,44047,44047,2,3
1,44057,44057,6,14
2,44064,44064,8,20
5,44064,44064,8,21
1,44069,44069,8,1
5,44070,44070,11,21
2,44074,44074,1,6
2,44076,44076,7,11
5,44077,44077,10,20
8,44083,44083,10,27
1,44101,44101,12,19
2,44111,44111,9,17
2,44136,44136,3,9
2,44141,44141,7,4
3,44144,44144,9,20
4,44146,44146,8,12
1,44147,44147,3,17
2,44180,44180,8,10
3,44189,44189,7,25
1,44191,44191,4,4
2,44208,44208,4,1
1,44227,44227,11,27
7,44227,44227,8,20
1,44231,44231,7,11
7,44231,44231,2,3
1,44246,44246,9,9
1,44248,44248,5,26
2,44253,44253,10,21
1,44260,44260,1,9
2,44264,44264,8,26
2,44265,44265,11,11
3,44266,44266,3,15
1,44273,44273,9,10
1,44273,44273,11,23
5,44285,44285,12,24
2,44288,44288,11,19
3,44293,44293,5,19
1,44295,44295,12,6
1,44303,44303,3,10
4,44318,44318,10,14
1,44320,44320,7,3
3,44321,44321,9,6
1,44326,44326,1,17
1,44328,44328,12,19
2,44329,44329,9,23
2,44330,44330,8,9
2,44330,44330,10,22
1,44331,44331,8,22
2,44353,44353,6,4
6,44361,44361,4,17
4,44370,44370,6,10
2,44374,44374,6,23
6,44384,44384,1,7
7,44389,44389,5,1
1,44409,44409,6,7
3,44410,44410,3,16
7,44412,44412,6,7
1,44415,44415,4,1
1,44418,44418,6,2
1,44419,44419,4,27
2,44430,44430,4,7
1,44437,44437,10,3
1,44445,44445,5,4
2,44445,44445,12,9
1,44446,44446,12,15
1,44449,44449,6,10
1,44451,44451,4,9
1,44452,44452,11,5
1,44458,44458,10,7
1,44461,44461,3,1
1,44469,44469,12,18
3,44480,44480,12,16
6,44480,44480,8,24
1,44495,44495,10,13
5,44502,44502,4,24
1,44504,44504,5,13
2,44509,44509,5,15
1,44510,44510,12,14
1,44511,44511,5,19
1,44519,44519,12,21
3,44520,44520,3,23
8,44524,44524,3,25
1,44525,44525,4,5
1,44549,44549,10,20
3,44582,44582,11,10
1,44601,44601,3,19
1,44615,44615,8,7
2,44620,44620,11,21
5,44632,44632,12,13
7,44635,44635,6,16
2,44636,44636,6,8
1,44653,44653,8,28
6,44653,44653,3,24
1,44655,44655,2,13
5,44661,44661,9,14
1,44667,44667,9,5
1,44670,44670,10,1
1,44675,44675,8,9
1,44681,44681,6,1
1,44682,44682,8,26
1,44685,44685,7,9
2,44697,44697,10,18
7,44709,44709,8,1
1,44711,44711,3,12
1,44720,44720,10,9
1,44720,44720,7,17
1,44728,44728,12,27
2,44728,44728,7,8
1,44732,44732,3,8
7,44736,44736,7,18
1,44750,44750,1,23
2,44783,44783,3,26
2,44784,44784,9,20
5,44788,44788,11,14
2,44791,44791,4,16
2,44816,44816,9,16
2,44824,44824,2,14
1,44833,44833,8,4
1,44837,44837,11,6
3,44838,44838,12,20
3,44855,44855,12,14
4,44857,44857,12,10
3,44861,44861,9,23
8,44861,44861,12,2
1,44862,44862,1,6
1,44879,44879,3,11
2,44888,44888,11,6
2,44893,44893,6,24
1,44894,44894,11,19
1,44901,44901,6,12
2,44903,44903,6,10
1,44915,44915,12,16
2,44918,44918,9,25
2,44931,44931,6,15
1,44942,44942,7,3
1,44953,44953,2,11
2,44972,44972,2,27
1,44984,44984,4,18
2,44985,44985,1,24
1,44988,44988,5,7
3,44998,44998,10,11
1,45001,45001,3,12
3,45010,45010,11,22
2,45023,45023,3,26
1,45035,45035,2,15
1,45038,45038,3,23
1,45041,45041,10,11
1,45048,45048,1,19
1,45059,45059,7,5
1,45061,45061,9,14
1,45076,45076,11,13
2,45093,45093,10,26
1,45101,45101,4,4
1,45102,45102,9,9
8,45108,45108,4,23
8,45119,45119,6,6
1,45126,45126,12,12
1,45133,45133,7,2
2,45134,45134,4,5
2,45152,45152,10,3
1,45162,45162,12,18
1,45172,45172,6,23
1,45175,45175,7,20
6,45190,45190,9,16
5,45201,45201,6,16
6,45202,45202,12,6
1,45205,45205,3,17
1,45206,45206,8,17
7,45214,45214,5,4
1,45222,45222,5,2
1,45224,45224,12,22
2,45232,45232,9,9
3,45241,45241,7,18
8,45259,45259,12,23
2,45260,45260,6,4
2,45264,45264,1,6
1,45265,45265,7,15
8,45271,45271,11,12
1,45272,45272,8,6
5,45279,45279,8,8
1,45294,45294,11,12
1,45303,45303,9,3
1,45330,45330,11,27
2,45351,45351,2,16
1,45374,45374,9,11
2,45390,45390,7,9
5,45397,45397,5,9
2,45405,45405,12,26
1,45409,45409,4,24
1,45417,45417,8,22
1,45417,45417,7,26
5,45422,45422,1,22
1,45426,45426,5,10
1,45428,45428,4,21
1,45428,45428,3,25
1,45429,45429,8,17
1,45430,45430,4,21
2,45436,45436,7,27
1,45441,45441,11,8
1,45449,45449,7,22
1,45450,45450,9,4
1,45454,45454,4,21
1,45458,45458,5,3
1,45458,45458,9,9
1,45465,45465,11,7
2,45474,45474,4,13
2,45481,45481,10,1
2,45483,45483,9,27
2,45489,45489,4,25
2,45497,45497,6,7
8,45505,45505,4,19
1,45507,45507,9,16
2,45512,45512,1,20
2,45518,45518,8,1
1,45519,45519,9,8
2,45531,45531,5,13
1,45534,45534,2,13
1,45546,45546,7,24
1,45555,45555,2,15
1,45561,45561,8,10
7,45565,45565,11,8
2,45574,45574,4,22
2,45577,45577,4,16
6,45581,45581,12,17
1,45589,45589,5,27
1,45595,45595,8,26
1,45602,45602,12,27
1,45604,45604,3,24
5,45604,45604,6,13
8,45610,45610,2,28
2,45616,45616,12,10
5,45619,45619,12,20
7,45633,45633,7,4
2,45636,45636,2,23
1,45645,45645,11,4
1,45668,45668,9,18
1,45673,45673,12,14
1,45677,45677,9,6
4,45677,45677,1,27
1,45680,45680,12,28
1,45682,45682,11,28
2,45687,45687,6,22
1,45688,45688,10,13
4,45696,45696,3,1
1,45705,45705,10,23
2,45705,45705,4,14
1,45711,45711,12,14
1,45718,45718,7,25
2,45728,45728,7,13
2,45737,45737,8,16
1,45740,45740,6,3
1,45742,45742,8,28
1,45744,45744,2,28
2,45749,45749,3,26
4,45758,45758,12,6
1,45761,45761,5,11
1,45765,45765,9,6
2,45765,45765,9,27
1,45767,45767,7,5
1,45767,45767,11,19
1,45797,45797,4,15
2,45805,45805,8,28
2,45811,45811,5,24
1,45812,45812,1,14
5,45817,45817,4,3
6,45821,45821,12,3
3,45824,45824,8,4
1,45828,45828,5,3
2,45828,45828,12,12
2,45830,45830,10,16
1,45835,45835,5,23
2,45838,45838,1,9
1,45846,45846,7,20
1,45868,45868,6,7
1,45873,45873,9,9
1,45878,45878,8,22
1,45887,45887,3,20
2,45896,45896,4,27
1,45912,45912,3,18
2,45935,45935,6,12
1,45939,45939,4,8
2,45939,45939,12,1
1,45947,45947,7,28
1,45952,45952,5,7
1,45953,45953,4,21
2,45953,45953,10,19
1,45957,45957,1,27
5,45960,45960,12,18
1,45968,45968,4,12
1,45969,45969,10,14
1,45970,45970,1,15
1,45980,45980,1,8
2,45991,45991,3,16
2,45991,45991,4,18
2,45996,45996,4,27
1,46002,46002,5,5
2,46006,46006,4,13
1,46009,46009,6,23
1,46011,46011,6,26
8,46011,46011,8,28
1,46018,46018,4,5
1,46019,46019,12,18
1,46021,46021,3,17
1,46034,46034,6,18
8,46034,46034,7,10
1,46052,46052,10,21
1,46058,46058,7,2
1,46066,46066,2,16
2,46066,46066,1,9
1,46078,46078,10,5
8,46078,46078,12,13
1,46086,46086,1,7
2,46092,46092,8,19
1,46106,46106,9,26
1,46108,46108,4,11
3,46114,46114,12,3
1,46133,46133,9,2
3,46134,46134,6,12
3,46135,46135,9,10
1,46140,46140,3,6
2,46153,46153,2,15
2,46156,46156,3,19
1,46175,46175,8,9
1,46179,46179,10,2
1,46182,46182,5,13
2,46195,46195,3,5
7,46200,46200,7,23
8,46202,46202,6,11
2,46205,46205,8,20
2,46223,46223,4,21
2,46225,46225,5,13
1,46227,46227,6,24
7,46234,46234,9,15
3,46246,46246,6,16
1,46248,46248,2,28
3,46253,46253,2,10
1,46265,46265,8,9
2,46268,46268,4,21
1,46274,46274,4,12
2,46276,46276,4,21
6,46278,46278,11,4
1,46286,46286,10,20
1,46292,46292,1,2
2,46294,46294,1,19
1,46298,46298,11,14
1,46305,46305,6,22
1,46305,46305,1,3
1,46308,46308,11,1
1,46318,46318,6,9
4,46333,46333,4,28
8,46333,46333,7,3
2,46344,46344,4,4
8,46346,46346,9,14
1,46354,46354,7,6
7,46360,46360,2,4
1,46365,46365,12,2
1,46369,46369,4,12
1,46390,46390,4,16
1,46391,46391,9,25
2,46392,46392,8,10
1,46393,46393,4,8
1,46399,46399,8,27
2,46399,46399,12,14
2,46401,46401,6,27
2,46403,46403,11,6
1,46416,46416,2,5
6,46417,46417,6,6
1,46433,46433,6,26
2,46436,46436,3,20
3,46436,46436,2,13
1,46438,46438,11,16
3,46438,46438,7,28
8,46438,46438,12,1
1,46452,46452,12,11
1,46454,46454,2,18
2,46454,46454,7,19
7,46457,46457,1,11
5,46464,46464,8,9
2,46470,46470,12,19
1,46471,46471,10,8
1,46472,46472,6,14
2,46477,46477,10,4
1,46482,46482,11,6
1,46485,46485,11,6
1,46490,46490,4,11
1,46491,46491,2,1
1,46495,46495,8,18
5,46503,46503,9,23
1,46509,46509,6,16
1,46510,46510,9,3
1,46511,46511,3,4
1,46520,46520,11,6
1,46520,46520,10,24
2,46542,46542,5,7
1,46547,46547,3,13
7,46553,46553,5,10
4,46554,46554,4,2
6,46556,46556,7,28
1,46564,46564,6,12
1,46565,46565,4,22
1,46568,46568,8,9
1,46570,46570,12,8
1,46570,46570,5,25
4,46571,46571,4,8
6,46572,46572,6,14
1,46574,46574,12,2
1,46595,46595,12,22
1,46602,46602,3,22
5,46613,46613,10,1
1,46626,46626,1,13
2,46626,46626,11,26
2,46630,46630,1,9
8,46632,46632,5,25
8,46633,46633,10,28
1,46635,46635,1,27
2,46639,46639,8,8
1,46646,46646,3,6
1,46651,46651,4,10
1,46657,46657,9,2
1,46662,46662,7,19
2,46666,46666,5,18
1,46671,46671,6,12
1,46674,46674,12,22
1,46683,46683,2,16
3,46684,46684,4,17
1,46685,46685,9,27
1,46687,46687,3,11
2,46687,46687,12,1
1,46694,46694,8,23
6,46694,46694,9,17
8,46698,46698,10,2
1,46710,46710,6,26
6,46711,46711,8,3
2,46720,46720,11,19
1,46723,46723,2,9
2,46724,46724,2,5
2,46737,46737,9,8
1,46741,46741,3,8
2,46743,46743,2,12
2,46748,46748,12,13
2,46751,46751,10,8
3,46757,46757,6,12
6,46757,46757,9,6
1,46763,46763,9,6
1,46774,46774,12,23
1,46775,46775,3,26
1,46777,46777,1,14
1,46788,46788,8,2
1,46790,46790,4,2
1,46795,46795,4,24
1,46796,46796,1,23
1,46797,46797,7,15
1,46803,46803,11,6
1,46817,46817,6,8
1,46836,46836,11,6
4,46846,46846,9,23
1,46851,46851,5,17
4,46853,46853,8,14
8,46853,46853,7,12
1,46857,46857,11,19
1,46857,46857,6,22
1,46867,46867,3,24
1,46869,46869,3,23
1,46874,46874,11,4
8,46874,46874,11,22
1,46876,46876,9,23
3,46876,46876,4,9
1,46878,46878,4,7
2,46879,46879,3,5
4,46891,46891,11,17
1,46914,46914,5,6
8,46921,46921,9,27
1,46928,46928,4,5
1,46932,46932,10,7
3,46938,46938,2,26
1,46941,46941,2,13
2,46944,46944,9,22
1,46946,46946,4,14
3,46950,46950,10,28
2,46952,46952,5,22
1,46953,46953,2,19
1,46958,46958,3,17
1,46963,46963,2,1
1,46966,46966,7,12
1,46970,46970,12,17
1,46972,46972,5,20
2,46975,46975,12,13
3,46976,46976,1,17
6,46992,46992,5,10
1,47009,47009,6,5
1,47028,47028,10,1
5,47044,47044,8,26
3,47053,47053,11,28
1,47057,47057,11,12
1,47066,47066,9,25
1,47086,47086,6,10
3,47098,47098,5,8
1,47122,47122,9,5
1,47124,47124,10,26
8,47126,47126,8,8
1,47129,47129,8,26
1,47137,47137,8,7
2,47142,47142,4,11
1,47162,47162,3,25
4,47162,47162,7,27
1,47164,47164,3,27
1,47164,47164,6,7
2,47178,47178,3,8
1,47179,47179,11,5
2,47191,47191,4,9
1,47197,47197,8,7
2,47227,47227,5,28
1,47235,47235,12,12
1,47239,47239,1,3
2,47243,47243,7,25
1,47245,47245,10,5
1,47259,47259,11,27
2,47266,47266,8,14
6,47274,47274,3,3
1,47282,47282,8,6
7,47297,47297,10,19
8,47298,47298,4,17
1,47307,47307,8,24
8,47309,47309,9,17
1,47311,47311,4,27
1,47316,47316,8,1
4,47319,47319,8,2
1,47323,47323,5,7
2,47330,47330,10,3
1,47338,47338,7,8
7,47339,47339,2,18
1,47346,47346,8,15
2,47351,47351,12,5
4,47357,47357,11,17
6,47373,47373,10,22
5,47375,47375,6,16
1,47379,47379,6,27
1,47386,47386,12,9
7,47387,47387,8,25
8,47387,47387,12,9
1,47393,47393,4,25
1,47396,47396,9,5
1,47397,47397,7,5
5,47397,47397,12,9
3,47399,47399,7,27
1,47403,47403,3,15
2,47410,47410,10,24
2,47413,47413,6,2
1,47415,47415,7,3
1,47416,47416,5,24
8,47421,47421,6,16
1,47423,47423,11,13
1,47424,47424,2,2
2,47429,47429,7,8
1,47431,47431,4,3
4,47448,47448,11,1
2,47453,47453,8,17
1,47463,47463,2,26
1,47463,47463,10,8
1,47477,47477,10,15
2,47477,47477,1,6
1,47479,47479,10,22
4,47494,47494,2,10
2,47496,47496,4,6
1,47519,47519,12,2
1,47526,47526,5,22
2,47536,47536,11,12
1,47548,47548,2,9
2,47561,47561,10,14
6,47565,47565,9,19
1,47578,47578,3,9
5,47581,47581,8,23
1,47586,47586,6,5
5,47587,47587,9,27
1,47588,47588,5,23
1,47597,47597,11,6
3,47603,47603,9,3
1,47605,47605,11,20
1,47607,47607,3,13
8,47608,47608,11,25
2,47610,47610,3,20
6,47624,47624,11,9
1,47629,47629,11,26
3,47629,47629,11,22
1,47639,47639,3,2
1,47660,47660,3,19
2,47670,47670,11,15
5,47672,47672,1,21
1,47674,47674,5,19
2,47692,47692,5,18
2,47693,47693,10,9
1,47694,47694,4,13
1,47696,47696,6,5
1,47704,47704,6,9
2,47711,47711,11,20
1,47716,47716,11,4
1,47722,47722,1,27
8,47727,47727,11,28
1,47734,47734,5,26
1,47746,47746,8,5
1,47755,47755,4,23
1,47756,47756,6,17
1,47765,47765,3,16
1,47780,47780,6,14
1,47782,47782,12,10
2,47782,47782,6,19
8,47785,47785,3,22
1,47795,47795,9,11
1,47801,47801,5,27
8,47803,47803,11,14
1,47804,47804,7,26
1,47805,47805,3,13
1,47819,47819,6,27
2,47827,47827,10,27
1,47838,47838,6,28
1,47839,47839,10,19
2,47852,47852,9,18
2,47855,47855,11,22
2,47860,47860,6,21
1,47862,47862,10,16
6,47865,47865,6,26
2,47866,47866,7,4
1,47877,47877,1,23
1,47881,47881,4,19
2,47881,47881,5,11
1,47889,47889,1,6
2,47895,47895,12,21
1,47924,47924,7,19
1,47925,47925,11,20
2,47925,47925,11,23
4,47927,47927,2,7
3,47934,47934,4,15
1,47937,47937,7,28
1,47950,47950,7,15
1,47953,47953,2,21
1,47957,47957,7,22
1,47959,47959,4,18
1,47975,47975,1,10
1,47980,47980,5,22
1,47985,47985,3,21
2,47990,47990,8,9
2,47992,47992,7,19
1,47994,47994,12,20
1,47998,47998,1,6
2,47998,47998,7,28
8,48008,48008,2,25
1,48016,48016,12,4
2,48019,48019,7,17
5,48024,48024,8,7
2,48025,48025,9,7
1,48037,48037,7,25
1,48047,48047,9,8
8,48048,48048,9,8
8,48074,48074,5,27
1,48088,48088,5,12
1,48093,48093,10,5
2,48113,48113,8,3
1,48118,48118,4,3
1,48138,48138,11,21
1,48156,48156,11,24
1,48157,48157,6,2
1,48158,48158,11,19
1,48166,48166,7,4
1,48166,48166,6,2
1,48167,48167,11,10
1,48169,48169,6,13
1,48169,48169,7,25
1,48181,48181,7,27
2,48188,48188,11,2
1,48196,48196,1,23
2,48199,48199,12,26
8,48201,48201,10,27
1,48209,48209,11,8
2,48211,48211,11,16
8,48218,48218,2,17
2,48222,48222,5,2
1,48232,48232,11,15
1,48250,48250,9,19
1,48252,48252,12,1
1,48255,48255,5,9
1,48256,48256,4,28
1,48261,48261,2,4
2,48266,48266,11,15
8,48275,48275,9,7
1,48297,48297,4,22
2,48303,48303,4,14
7,48303,48303,9,9
1,48304,48304,11,3
2,48322,48322,8,8
5,48322,48322,5,17
3,48325,48325,6,14
1,48329,48329,7,20
1,48341,48341,10,13
2,48343,48343,1,25
5,48345,48345,8,5
1,48348,48348,10,23
4,48363,48363,9,26
1,48373,48373,4,8
1,48373,48373,8,2
1,48374,48374,3,6
2,48386,48386,10,24
2,48398,48398,8,23
8,48401,48401,9,13
4,48414,48414,8,12
1,48425,48425,12,25
1,48435,48435,6,16
2,48435,48435,11,20
1,48438,48438,9,3
3,48452,48452,4,5
2,48459,48459,8,9
2,48466,48466,4,14
3,48472,48472,6,2
1,48475,48475,7,13
1,48476,48476,2,6
8,48476,48476,8,26
1,48478,48478,5,4
1,48490,48490,11,6
2,48490,48490,5,12
2,48491,48491,11,28
2,48493,48493,3,5
1,48502,48502,3,26
1,48506,48506,7,4
2,48511,48511,4,13
2,48515,48515,8,24
8,48523,48523,11,27
5,48527,48527,1,10
1,48529,48529,4,22
1,48529,48529,2,4
1,48533,48533,6,4
8,48536,48536,7,9
1,48553,48553,10,2
1,48563,48563,11,5
2,48564,48564,1,22
1,48583,48583,7,3
1,48592,48592,12,11
2,48594,48594,2,25
1,48604,48604,9,6
2,48610,48610,11,12
8,48613,48613,2,8
1,48616,48616,7,16
2,48617,48617,10,1
1,48618,48618,8,6
1,48620,48620,1,13
2,48624,48624,10,1
1,48642,48642,9,2
2,48642,48642,7,28
1,48644,48644,10,20
2,48644,48644,11,11
1,48649,48649,3,16
3,48659,48659,9,2
3,48661,48661,2,25
1,48663,48663,9,8
1,48670,48670,1,9
1,48671,48671,4,27
1,48672,48672,10,8
1,48676,48676,8,13
2,48676,48676,9,26
1,48707,48707,7,2
1,48719,48719,12,27
1,48727,48727,10,19
3,48728,48728,5,10
1,48733,48733,6,20
2,48742,48742,3,11
1,48744,48744,11,1
2,48751,48751,3,7
2,48755,48755,10,14
3,48760,48760,10,5
2,48764,48764,7,3
1,48765,48765,12,20
5,48765,48765,11,3
1,48766,48766,11,12
5,48772,48772,11,23
1,48774,48774,8,11
1,48788,48788,9,14
1,48801,48801,11,17
3,48803,48803,2,8
1,48805,48805,10,28
1,48805,48805,10,21
1,48808,48808,8,25
2,48834,48834,6,28
1,48838,48838,1,22
2,48848,48848,5,8
3,48849,48849,8,15
1,48853,48853,3,25
1,48858,48858,4,18
7,48862,48862,9,7
7,48864,48864,2,19
1,48867,48867,6,18
1,48868,48868,10,3
4,48874,48874,2,8
1,48875,48875,7,10
1,48876,48876,5,27
1,48877,48877,8,7
1,48880,48880,4,5
1,48889,48889,7,9
1,48905,48905,8,28
1,48918,48918,3,14
1,48921,48921,1,19
1,48923,48923,2,8
6,48923,48923,11,21
3,48925,48925,8,5
1,48927,48927,11,1
2,48956,48956,11,17
1,48957,48957,5,3
8,48967,48967,1,27
3,48976,48976,11,12
8,48976,48976,12,9
2,48987,48987,7,6
1,48998,48998,9,27
1,49011,49011,11,12
3,49024,49024,12,8
7,49029,49029,1,12
3,49049,49049,1,5
1,49068,49068,3,9
3,49069,49069,3,13
8,49069,49069,7,18
1,49083,49083,3,8
1,49092,49092,9,27
2,49093,49093,2,28
2,49108,49108,6,4
2,49126,49126,1,23
2,49135,49135,9,2
1,49142,49142,4,2
2,49155,49155,11,15
1,49180,49180,10,22
1,49192,49192,1,22
1,49198,49198,3,2
2,49205,49205,7,26
1,49213,49213,11,5
1,49229,49229,6,4
1,49242,49242,6,20
2,49246,49246,9,15
1,49252,49252,12,4
1,49272,49272,1,17
1,49274,49274,4,7
1,49299,49299,10,19
1,49303,49303,2,13
7,49326,49326,10,27
1,49327,49327,12,14
1,49333,49333,9,24
1,49340,49340,9,20
1,49356,49356,1,3
7,49356,49356,3,26
1,49362,49362,8,9
7,49363,49363,11,25
1,49375,49375,8,11
2,49377,49377,1,14
1,49390,49390,1,25
1,49399,49399,4,4
2,49410,49410,8,24
6,49410,49410,10,23
8,49414,49414,10,2
1,49415,49415,4,5
8,49422,49422,1,7
1,49423,49423,5,12
1,49423,49423,1,19
2,49439,49439,8,24
6,49445,49445,4,11
1,49452,49452,7,10
8,49464,49464,12,12
4,49468,49468,4,2
2,49477,49477,8,16
8,49488,49488,2,22
2,49502,49502,12,9
2,49511,49511,9,4
2,49519,49519,3,9
1,49522,49522,2,19
6,49523,49523,12,15
3,49526,49526,7,1
2,49528,49528,7,24
1,49530,49530,12,16
1,49537,49537,3,25
2,49539,49539,11,2
1,49546,49546,4,18
2,49547,49547,4,28
7,49564,49564,1,23
1,49567,49567,4,2
1,49569,49569,6,4
7,49578,49578,5,22
2,49588,49588,4,12
2,49588,49588,8,1
1,49591,49591,11,6
1,49608,49608,9,5
8,49608,49608,1,21
2,49611,49611,8,23
2,49612,49612,3,19
6,49613,49613,9,3
2,49615,49615,7,6
1,49616,49616,4,5
2,49623,49623,1,18
8,49629,49629,6,27
8,49645,49645,9,1
2,49647,49647,9,4
2,49661,49661,5,6
1,49662,49662,10,7
2,49668,49668,10,20
1,49672,49672,6,2
1,49672,49672,1,15
1,49676,49676,9,16
1,49677,49677,1,28
1,49690,49690,2,20
1,49690,49690,5,10
2,49690,49690,1,25
1,49703,49703,5,9
1,49705,49705,5,10
2,49705,49705,5,12
2,49712,49712,1,23
1,49715,49715,7,14
2,49715,49715,6,6
1,49717,49717,1,18
1,49726,49726,12,9
1,49731,49731,2,2
8,49732,49732,4,4
1,49737,49737,6,23
2,49743,49743,4,5
3,49756,49756,3,10
2,49762,49762,7,12
1,49765,49765,12,16
1,49767,49767,10,23
2,49786,49786,5,8
2,49787,49787,1,27
1,49789,49789,8,8
2,49800,49800,11,27
2,49808,49808,4,21
1,49828,49828,10,14
2,49834,49834,4,9
5,49834,49834,5,25
2,49835,49835,1,18
8,49858,49858,3,24
1,49859,49859,7,6
1,49860,49860,6,5
1,49863,49863,3,26
1,49863,49863,1,7
1,49876,49876,9,25
1,49878,49878,8,3
1,49884,49884,6,5
2,49888,49888,11,9
2,49897,49897,12,13
1,49898,49898,9,17
1,49899,49899,12,12
1,49899,49899,11,4
2,49900,49900,12,9
8,49904,49904,1,2
6,49923,49923,2,5
2,49925,49925,6,13
1,49926,49926,3,16
1,49935,49935,6,8
2,49966,49966,8,22
2,49966,49966,3,6
2,49967,49967,6,22
3,49967,49967,11,13
4,49969,49969,10,3
2,49971,49971,12,14
1,49972,49972,2,8
1,49973,49973,2,11
1,49988,49988,11,24
1,49989,49989,8,22
1,49989,49989,11,11
1,49992,49992,1,11
3,49996,49996,4,9
2,50007,50007,4,11
3,50033,50033,4,14
2,50037,50037,3,24
1,50038,50038,6,15
8,50042,50042,5,2
5,50063,50063,12,6
1,50064,50064,6,20
2,50075,50075,3,15
1,50077,50077,2,24
1,50080,50080,9,28
1,50083,50083,7,2
1,50086,50086,10,5
1,50088,50088,6,10
2,50088,50088,4,14
5,50090,50090,8,18
1,50095,50095,7,20
1,50103,50103,8,11
3,50109,50109,9,4
8,50111,50111,10,10
1,50119,50119,7,13
3,50129,50129,3,3
1,50141,50141,9,21
1,50164,50164,5,7
1,50174,50174,5,9
1,50179,50179,11,15
7,50186,50186,5,22
3,50203,50203,1,7
1,50217,50217,2,7
2,50222,50222,2,2
1,50224,50224,11,20
2,50226,50226,6,4
3,50233,50233,3,5
1,50241,50241,2,19
2,50245,50245,1,25
1,50246,50246,12,9
1,50260,50260,1,25
3,50263,50263,9,13
1,50265,50265,10,15
1,50269,50269,11,9
2,50275,50275,8,28
1,50277,50277,3,27
1,50277,50277,6,9
3,50284,50284,9,6
5,50300,50300,7,25
1,50301,50301,5,14
1,50317,50317,3,20
2,50321,50321,1,13
5,50329,50329,2,23
2,50330,50330,11,18
1,50331,50331,3,18
4,50332,50332,4,15
2,50335,50335,1,2
4,50338,50338,5,25
1,50344,50344,1,28
4,50353,50353,2,6
2,50355,50355,5,25
2,50356,50356,8,10
1,50367,50367,7,7
2,50369,50369,5,18
1,50370,50370,10,28
1,50376,50376,10,21
1,50377,50377,6,24
2,50385,50385,1,6
3,50387,50387,2,12
1,50391,50391,7,15
1,50399,50399,9,8
1,50419,50419,3,24
1,50422,50422,10,27
1,50433,50433,3,11
1,50440,50440,9,1
1,50446,50446,8,20
1,50453,50453,3,19
1,50454,50454,4,8
1,50461,50461,3,20
1,50462,50462,11,22
1,50464,50464,10,25
1,50469,50469,1,27
5,50470,50470,3,9
2,50472,50472,1,27
1,50476,50476,3,27
1,50483,50483,2,12
6,50494,50494,8,1
1,50517,50517,11,19
5,50518,50518,6,2
5,50518,50518,6,11
1,50521,50521,3,6
8,50522,50522,8,12
1,50528,50528,12,13
2,50536,50536,3,19
2,50538,50538,11,18
1,50560,50560,6,24
2,50562,50562,5,7
1,50564,50564,12,16
2,50581,50581,3,26
2,50581,50581,8,7
1,50590,50590,5,9
1,50598,50598,2,18
2,50598,50598,4,27
1,50599,50599,2,8
5,50602,50602,6,15
1,50605,50605,3,26
1,50622,50622,2,24
1,50624,50624,10,14
5,50624,50624,10,11
1,50630,50630,11,27
1,50634,50634,7,14
2,50645,50645,11,5
3,50645,50645,8,20
1,50648,50648,3,4
6,50656,50656,10,16
2,50660,50660,11,3
2,50667,50667,8,28
2,50681,50681,3,6
1,50683,50683,10,23
1,50692,50692,12,17
2,50695,50695,7,14
2,50699,50699,11,13
2,50708,50708,2,24
2,50712,50712,5,16
1,50713,50713,11,26
1,50740,50740,10,13
2,50740,50740,1,23
1,50741,50741,12,18
2,50748,50748,12,7
4,50760,50760,11,9
1,50774,50774,10,16
1,50776,50776,10,4
1,50777,50777,1,17
2,50777,50777,11,1
1,50782,50782,6,14
1,50788,50788,1,6
1,50801,50801,11,19
1,50801,50801,3,10
2,50809,50809,12,26
5,50839,50839,11,12
1,50842,50842,3,10
1,50843,50843,10,8
2,50861,50861,10,5
1,50864,50864,2,22
2,50865,50865,7,15
1,50871,50871,2,5
1,50892,50892,10,9
2,50893,50893,7,4
1,50915,50915,3,14
1,50925,50925,6,2
4,50947,50947,4,19
1,50949,50949,6,20
1,50950,50950,12,4
1,50960,50960,5,25
1,50961,50961,12,3
1,50962,50962,11,15
1,50963,50963,7,8
1,50967,50967,6,7
1,50974,50974,8,16
3,50985,50985,8,21
5,50987,50987,2,24
1,51012,51012,6,2
2,51026,51026,11,12
2,51034,51034,8,9
1,51035,51035,9,7
1,51044,51044,3,19
1,51046,51046,7,19
1,51067,51067,2,1
1,51070,51070,3,7
1,51081,51081,8,4
1,51088,51088,4,11
1,51089,51089,5,1
2,51094,51094,9,13
1,51095,51095,4,8
1,51099,51099,5,12
1,51108,51108,10,21
1,51116,51116,6,26
1,51122,51122,9,4
1,51126,51126,4,4
2,51133,51133,8,28
1,51139,51139,6,20
8,51147,51147,2,12
1,51151,51151,3,19
1,51157,51157,12,24
1,51171,51171,8,15
1,51180,51180,4,16
2,51189,51189,10,25
1,51199,51199,11,27
1,51203,51203,10,3
2,51203,51203,9,20
1,51213,51213,6,8
1,51224,51224,10,9
1,51224,51224,4,8
1,51228,51228,2,12
2,51237,51237,9,4
2,51248,51248,12,23
2,51253,51253,6,19
1,51261,51261,11,23
1,51261,51261,6,9
6,51265,51265,10,9
5,51266,51266,9,13
1,51273,51273,4,4
2,51281,51281,9,11
6,51298,51298,2,18
3,51302,51302,1,19
5,51303,51303,7,28
1,51310,51310,2,19
1,51311,51311,2,7
2,51311,51311,11,25
8,51313,51313,2,12
1,51319,51319,2,16
1,51320,51320,7,14
1,51334,51334,10,12
2,51334,51334,3,23
2,51340,51340,8,18
1,51341,51341,5,7
1,51344,51344,7,4
1,51348,51348,3,14
2,51350,51350,1,15
1,51359,51359,9,10
1,51365,51365,3,21
8,51366,51366,4,13
1,51371,51371,11,14
7,51384,51384,7,4
5,51392,51392,8,15
3,51404,51404,9,26
2,51405,51405,10,15
2,51410,51410,2,10
2,51411,51411,7,2
1,51412,51412,3,21
1,51418,51418,4,8
1,51420,51420,2,18
3,51420,51420,7,25
1,51425,51425,12,14
1,51429,51429,11,21
1,51434,51434,3,3
2,51435,51435,12,16
1,51444,51444,5,1
8,51448,51448,11,28
3,51452,51452,8,6
7,51459,51459,9,13
3,51460,51460,11,7
1,51464,51464,12,16
1,51465,51465,12,19
2,51467,51467,8,3
2,51483,51483,3,20
1,51485,51485,8,17
2,51487,51487,9,15
2,51490,51490,4,20
1,51496,51496,11,7
1,51498,51498,6,10
1,51500,51500,6,3
1,51513,51513,10,24
1,51514,51514,12,9
3,51522,51522,2,6
4,51529,51529,10,10
1,51530,51530,12,12
8,51533,51533,4,16
2,51535,51535,9,20
2,51546,51546,11,26
2,51558,51558,7,14
3,51572,51572,9,28
2,51576,51576,1,13
1,51578,51578,5,26
2,51579,51579,6,2
2,51583,51583,1,5
8,51583,51583,8,21
3,51585,51585,6,5
2,51588,51588,3,22
1,51592,51592,1,11
2,51603,51603,9,22
2,51608,51608,10,27
1,51615,51615,6,18
8,51621,51621,6,14
8,51623,51623,8,4
1,51625,51625,2,18
2,51626,51626,6,6
1,51627,51627,7,11
7,51640,51640,6,1
1,51643,51643,9,16
7,51644,51644,8,13
3,51652,51652,6,12
1,51660,51660,10,25
1,51660,51660,7,8
6,51661,51661,5,24
1,51662,51662,11,4
1,51668,51668,9,13
1,51672,51672,1,20
1,51685,51685,3,2
1,51708,51708,5,21
2,51714,51714,8,14
7,51716,51716,12,9
8,51724,51724,12,2
1,51725,51725,2,23
1,51731,51731,7,20
1,51731,51731,11,25
5,51735,51735,9,16
5,51736,51736,5,11
1,51740,51740,8,8
4,51745,51745,8,13
7,51745,51745,12,3
1,51746,51746,6,11
1,51752,51752,4,13
2,51760,51760,2,23
7,51765,51765,5,23
1,51779,51779,9,22
6,51788,51788,6,6
1,51803,51803,8,22
2,51805,51805,3,26
1,51810,51810,2,22
1,51812,51812,11,15
1,51834,51834,7,6
1,51835,51835,12,14
3,51850,51850,6,28
2,51859,51859,10,21
1,51861,51861,9,18
1,51864,51864,9,5
1,51866,51866,1,26
8,51871,51871,3,10
1,51877,51877,12,15
5,51893,51893,2,24
1,51896,51896,3,20
4,51901,51901,8,18
1,51906,51906,8,22
1,51908,51908,4,5
3,51914,51914,3,15
2,51926,51926,2,7
1,51928,51928,6,18
2,51928,51928,12,27
2,51937,51937,11,21
1,51948,51948,1,4
1,51954,51954,11,11
3,51968,51968,8,22
8,51979,51979,9,24
1,51983,51983,10,12
6,51986,51986,4,6
1,51988,51988,6,27
1,51989,51989,1,6
4,51990,51990,4,28
1,51995,51995,7,26
1,52019,52019,10,13
5,52021,52021,11,17
1,52023,52023,1,22
1,52024,52024,1,19
1,52032,52032,12,15
8,52035,52035,7,13
2,52053,52053,3,2
8,52056,52056,7,19
1,52065,52065,11,28
1,52072,52072,2,28
4,52078,52078,2,12
1,52083,52083,4,26
1,52084,52084,1,14
2,52086,52086,1,18
2,52088,52088,7,14
1,52104,52104,7,4
2,52115,52115,3,20
1,52116,52116,8,18
7,52119,52119,6,5
2,52135,52135,12,10
1,52136,52136,12,24
3,52143,52143,3,8
1,52146,52146,6,7
1,52164,52164,5,23
1,52168,52168,9,19
1,52179,52179,6,5
8,52179,52179,1,25
1,52181,52181,1,10
2,52187,52187,1,20
2,52194,52194,7,12
2,52197,52197,11,21
7,52214,52214,2,15
7,52216,52216,2,5
1,52217,52217,7,8
1,52226,52226,12,23
4,52242,52242,2,27
2,52260,52260,8,8
1,52261,52261,6,21
1,52264,52264,5,6
1,52289,52289,10,19
3,52292,52292,1,28
2,52297,52297,12,15
1,52298,52298,4,28
3,52326,52326,6,14
7,52326,52326,3,4
1,52327,52327,12,22
1,52330,52330,1,25
1,52338,52338,10,19
1,52343,52343,3,1
1,52355,52355,3,18
1,52361,52361,3,4
1,52362,52362,6,11
8,52365,52365,7,26
1,52367,52367,7,23
1,52372,52372,7,26
1,52374,52374,12,11
1,52379,52379,9,16
4,52385,52385,10,18
1,52393,52393,7,12
1,52415,52415,12,9
1,52417,52417,9,17
1,52418,52418,1,6
1,52419,52419,1,18
2,52421,52421,7,27
1,52423,52423,8,9
1,52429,52429,4,5
1,52436,52436,6,5
1,52438,52438,7,5
3,52445,52445,5,16
1,52446,52446,3,18
2,52459,52459,10,7
3,52466,52466,2,18
1,52473,52473,6,7
2,52476,52476,4,23
1,52493,52493,1,27
3,52495,52495,5,2
1,52504,52504,8,15
1,52513,52513,5,10
2,52519,52519,8,3
2,52523,52523,2,5
1,52550,52550,7,26
1,52558,52558,1,28
2,52564,52564,11,22
2,52566,52566,2,7
1,52568,52568,9,26
1,52572,52572,11,4
2,52583,52583,4,18
1,52593,52593,6,24
2,52601,52601,9,21
1,52602,52602,7,28
2,52603,52603,8,11
1,52609,52609,6,5
1,52610,52610,4,27
1,52621,52621,11,26
4,52623,52623,12,25
1,52628,52628,11,9
7,52631,52631,10,26
1,52648,52648,4,9
2,52649,52649,4,23
1,52655,52655,1,20
2,52658,52658,7,2
1,52661,52661,7,8
1,52662,52662,3,21
1,52675,52675,4,28
2,52687,52687,9,14
1,52693,52693,10,11
3,52693,52693,7,9
1,52708,52708,4,28
1,52709,52709,3,11
5,52713,52713,11,15
1,52715,52715,4,11
6,52725,52725,12,9
1,52727,52727,4,2
2,52735,52735,1,6
7,52737,52737,11,1
1,52745,52745,6,17
1,52746,52746,8,23
3,52747,52747,8,17
1,52748,52748,2,15
5,52756,52756,9,3
2,52759,52759,7,5
1,52768,52768,6,28
2,52781,52781,12,24
4,52787,52787,3,12
2,52797,52797,9,16
7,52809,52809,1,17
2,52816,52816,7,4
1,52823,52823,10,3
1,52827,52827,1,12
2,52828,52828,11,16
1,52835,52835,7,7
1,52840,52840,4,8
1,52843,52843,1,22
1,52844,52844,6,2
5,52849,52849,12,4
3,52852,52852,12,26
1,52860,52860,9,9
7,52867,52867,10,17
3,52883,52883,1,16
1,52890,52890,11,13
2,52900,52900,4,7
1,52901,52901,4,15
4,52904,52904,10,18
1,52910,52910,4,25
2,52920,52920,2,9
2,52926,52926,2,3
2,52928,52928,3,19
1,52943,52943,4,18
5,52943,52943,9,3
1,52948,52948,3,6
2,52952,52952,2,25
1,52967,52967,6,21
7,52967,52967,10,27
4,52968,52968,11,4
1,52979,52979,8,5
7,52980,52980,11,11
2,52986,52986,4,13
3,53001,53001,4,10
5,53006,53006,6,11
2,53014,53014,1,15
1,53017,53017,6,19
2,53017,53017,2,26
1,53020,53020,11,12
2,53021,53021,3,19
7,53023,53023,7,27
2,53025,53025,1,14
1,53033,53033,12,1
1,53034,53034,9,9
1,53067,53067,9,4
2,53077,53077,6,21
1,53089,53089,4,27
2,53096,53096,3,27
1,53105,53105,7,27
1,53110,53110,7,9
2,53112,53112,10,14
1,53115,53115,4,7
1,53132,53132,5,4
6,53132,53132,8,4
1,53136,53136,6,21
1,53137,53137,7,4
1,53138,53138,4,14
1,53147,53147,5,13
1,53157,53157,10,19
1,53164,53164,3,9
1,53164,53164,3,5
1,53165,53165,10,2
4,53172,53172,2,1
5,53189,53189,9,27
1,53207,53207,11,1
1,53208,53208,4,12
1,53211,53211,9,4
1,53219,53219,7,19
2,53219,53219,2,12
1,53227,53227,11,13
1,53230,53230,2,21
1,53230,53230,8,12
2,53243,53243,9,7
1,53245,53245,12,7
1,53248,53248,4,16
8,53254,53254,10,12
8,53264,53264,3,4
4,53271,53271,11,4
1,53287,53287,3,11
1,53288,53288,8,6
6,53294,53294,8,3
6,53305,53305,11,20
7,53308,53308,4,12
2,53317,53317,6,8
1,53323,53323,1,28
2,53325,53325,7,24
1,53335,53335,2,11
1,53341,53341,7,17
1,53343,53343,6,28
2,53357,53357,11,19
1,53360,53360,5,18
1,53381,53381,12,7
2,53383,53383,4,10
1,53387,53387,11,21
1,53392,53392,12,14
1,53392,53392,1,13
7,53393,53393,5,17
1,53397,53397,8,8
1,53408,53408,1,14
1,53410,53410,12,2
1,53420,53420,9,17
1,53424,53424,6,24
1,53437,53437,12,25
1,53455,53455,12,13
3,53455,53455,4,7
1,53460,53460,4,14
1,53461,53461,1,1
2,53471,53471,11,15
2,53471,53471,2,15
3,53471,53471,12,13
7,53477,53477,11,22
1,53480,53480,11,23
2,53491,53491,6,19
2,53492,53492,11,25
1,53498,53498,4,4
1,53503,53503,5,15
1,53512,53512,2,5
1,53520,53520,9,3
2,53536,53536,8,20
6,53537,53537,10,21
5,53538,53538,4,1
1,53543,53543,11,21
2,53549,53549,2,26
1,53551,53551,11,1
2,53555,53555,3,15
5,53561,53561,5,26
1,53567,53567,4,28
8,53580,53580,1,27
1,53590,53590,1,14
1,53594,53594,4,4
1,53597,53597,8,1
1,53603,53603,4,16
1,53607,53607,12,18
4,53622,53622,6,10
1,53626,53626,3,16
8,53626,53626,1,19
1,53627,53627,11,4
1,53639,53639,2,6
1,53643,53643,9,16
2,53666,53666,10,20
2,53666,53666,4,21
2,53672,53672,7,18
4,53691,53691,11,14
1,53710,53710,7,14
1,53722,53722,3,4
2,53732,53732,11,16
2,53736,53736,5,13
1,53737,53737,3,20
3,53737,53737,2,15
2,53757,53757,12,24
1,53765,53765,1,6
6,53767,53767,3,19
2,53769,53769,6,18
1,53771,53771,5,17
1,53786,53786,12,6
1,53786,53786,12,25
7,53801,53801,5,26
2,53802,53802,5,4
1,53803,53803,9,7
4,53813,53813,7,20
1,53819,53819,5,14
2,53819,53819,9,16
3,53830,53830,1,10
1,53835,53835,1,27
2,53843,53843,7,26
1,53844,53844,12,27
2,53847,53847,11,16
1,53850,53850,12,22
1,53859,53859,3,27
1,53864,53864,6,20
1,53871,53871,2,20
1,53890,53890,9,19
1,53890,53890,3,13
3,53896,53896,3,3
1,53915,53915,3,23
7,53928,53928,11,4
1,53929,53929,2,8
3,53953,53953,3,7
1,53962,53962,2,27
5,53963,53963,12,1
1,53964,53964,3,7
6,53974,53974,8,20
1,53993,53993,3,18
2,54021,54021,5,11
7,54027,54027,11,11
1,54033,54033,8,12
1,54033,54033,11,26
7,54042,54042,10,2
1,54044,54044,8,28
1,54047,54047,1,22
1,54053,54053,7,2
6,54053,54053,11,1
1,54067,54067,2,7
3,54067,54067,6,12
1,54072,54072,7,7
1,54075,54075,6,13
2,54084,54084,11,7
1,54085,54085,7,20
6,54085,54085,2,12
1,54092,54092,3,22
3,54096,54096,9,8
2,54097,54097,11,12
5,54099,54099,2,5
2,54100,54100,3,6
1,54110,54110,11,21
1,54111,54111,9,27
1,54113,54113,10,7
6,54124,54124,4,1
6,54130,54130,12,8
1,54131,54131,1,16
1,54137,54137,12,12
2,54142,54142,10,19
1,54148,54148,2,15
1,54148,54148,2,20
1,54152,54152,5,25
5,54157,54157,9,12
2,54176,54176,11,4
2,54201,54201,4,7
4,54205,54205,9,2
1,54209,54209,12,18
2,54209,54209,8,13
5,54209,54209,1,21
2,54217,54217,6,4
1,54220,54220,11,9
3,54228,54228,5,8
2,54230,54230,4,14
1,54231,54231,10,20
4,54240,54240,10,13
1,54246,54246,12,11
5,54257,54257,6,7
2,54286,54286,2,11
1,54287,54287,4,22
1,54300,54300,12,8
1,54301,54301,2,6
3,54304,54304,10,24
4,54317,54317,7,3
1,54322,54322,2,11
1,54343,54343,1,10
1,54353,54353,2,28
3,54369,54369,9,24
1,54374,54374,3,23
1,54376,54376,5,28
1,54381,54381,12,10
8,54384,54384,4,6
1,54395,54395,1,24
1,54396,54396,10,9
3,54396,54396,10,23
2,54400,54400,7,5
1,54402,54402,9,5
3,54406,54406,10,6
1,54424,54424,2,15
1,54424,54424,6,15
2,54430,54430,2,17
4,54433,54433,10,26
1,54435,54435,6,15
2,54448,54448,10,18
1,54450,54450,11,26
1,54453,54453,3,6
1,54464,54464,7,20
1,54472,54472,12,14
5,54478,54478,2,2
1,54479,54479,3,18
2,54483,54483,8,23
1,54496,54496,3,20
3,54501,54501,3,2
8,54503,54503,9,10
2,54522,54522,2,16
1,54525,54525,5,18
2,54526,54526,6,2
3,54539,54539,3,3
4,54539,54539,4,4
2,54543,54543,6,14
8,54546,54546,3,12
1,54547,54547,12,15
6,54550,54550,2,28
1,54554,54554,2,1
1,54557,54557,4,3
2,54560,54560,10,20
1,54565,54565,1,21
6,54568,54568,10,21
1,54578,54578,11,27
2,54579,54579,6,2
8,54581,54581,8,13
2,54582,54582,6,12
2,54586,54586,10,19
1,54591,54591,10,15
1,54596,54596,1,25
6,54598,54598,5,25
2,54601,54601,3,5
1,54613,54613,3,27
1,54622,54622,6,14
1,54625,54625,5,23
6,54625,54625,5,12
1,54626,54626,1,21
1,54635,54635,8,24
2,54645,54645,3,27
1,54656,54656,6,2
1,54661,54661,12,8
6,54664,54664,8,6
1,54666,54666,5,3
7,54668,54668,3,5
2,54670,54670,3,13
1,54671,54671,1,22
1,54671,54671,8,17
8,54675,54675,10,12
1,54680,54680,9,14
1,54680,54680,7,18
2,54689,54689,12,1
1,54690,54690,8,20
7,54694,54694,9,8
5,54699,54699,2,19
6,54702,54702,5,11
2,54705,54705,9,17
5,54705,54705,11,20
3,54710,54710,3,23
2,54715,54715,5,20
1,54717,54717,11,28
4,54724,54724,3,15
1,54725,54725,9,12
1,54729,54729,3,16
1,54733,54733,9,1
1,54739,54739,9,24
1,54743,54743,1,5
6,54744,54744,11,19
7,54770,54770,2,10
8,54775,54775,12,23
1,54776,54776,2,26
3,54776,54776,12,15
8,54791,54791,2,9
2,54798,54798,9,14
2,54807,54807,5,13
1,54813,54813,9,19
2,54817,54817,10,15
5,54821,54821,8,13
1,54823,54823,2,25
1,54825,54825,12,16
6,54829,54829,5,12
1,54841,54841,12,12
5,54854,54854,1,12
5,54855,54855,4,7
1,54856,54856,6,22
1,54859,54859,11,10
3,54860,54860,12,28
1,54861,54861,3,3
1,54869,54869,9,26
5,54879,54879,1,23
4,54880,54880,5,2
1,54888,54888,3,6
1,54888,54888,10,10
1,54892,54892,6,3
1,54894,54894,2,28
2,54896,54896,6,5
4,54908,54908,10,13
8,54910,54910,12,16
2,54922,54922,4,24
1,54938,54938,7,25
1,54949,54949,11,16
2,54950,54950,2,3
1,54955,54955,6,27
1,54957,54957,1,23
8,54957,54957,11,2
1,54966,54966,6,8
8,54978,54978,6,13
1,54979,54979,8,22
1,54988,54988,6,5
1,54993,54993,2,13
1,54995,54995,7,25
3,54997,54997,9,13
5,55013,55013,3,5
1,55035,55035,9,6
1,55039,55039,2,11
1,55039,55039,11,20
2,55043,55043,11,19
1,55058,55058,12,21
7,55069,55069,8,4
1,55070,55070,1,22
2,55072,55072,5,4
1,55079,55079,11,13
1,55084,55084,6,8
2,55086,55086,3,24
1,55089,55089,3,14
2,55103,55103,9,28
7,55114,55114,9,5
8,55115,55115,11,17
2,55117,55117,2,24
8,55122,55122,11,17
1,55123,55123,11,25
6,55131,55131,2,23
1,55139,55139,6,8
2,55148,55148,11,20
1,55153,55153,2,25
2,55173,55173,8,19
8,55175,55175,8,25
3,55185,55185,12,10
5,55188,55188,4,7
2,55189,55189,1,13
2,55190,55190,8,21
1,55207,55207,10,19
8,55207,55207,2,26
1,55214,55214,7,22
1,55218,55218,8,23
1,55218,55218,10,22
1,55227,55227,7,9
1,55241,55241,6,28
5,55242,55242,9,9
1,55243,55243,2,3
1,55250,55250,10,6
1,55254,55254,9,10
7,55256,55256,9,9
1,55260,55260,8,9
4,55261,55261,1,1
2,55272,55272,7,11
3,55283,55283,10,16
6,55285,55285,4,23
4,55302,55302,5,16
1,55309,55309,3,27
1,55313,55313,1,17
2,55323,55323,1,24
1,55346,55346,12,6
2,55357,55357,6,2
2,55372,55372,7,12
2,55379,55379,1,25
1,55387,55387,6,23
1,55387,55387,8,23
1,55397,55397,7,21
4,55400,55400,1,14
2,55401,55401,5,26
8,55405,55405,11,2
1,55411,55411,5,14
1,55416,55416,5,8
2,55422,55422,4,24
1,55429,55429,5,28
1,55435,55435,9,16
1,55457,55457,4,16
1,55459,55459,3,25
5,55460,55460,5,26
1,55468,55468,8,22
6,55480,55480,6,8
1,55490,55490,12,1
8,55498,55498,6,20
1,55525,55525,4,17
1,55525,55525,9,4
4,55528,55528,11,22
1,55530,55530,2,17
1,55541,55541,12,7
3,55541,55541,12,1
1,55551,55551,1,8
1,55553,55553,5,12
1,55554,55554,9,27
3,55564,55564,7,28
2,55571,55571,8,17
2,55604,55604,10,24
2,55609,55609,6,1
2,55609,55609,1,8
1,55620,55620,10,18
3,55636,55636,3,21
7,55644,55644,5,11
1,55645,55645,3,7
2,55647,55647,4,28
1,55669,55669,10,21
2,55672,55672,6,2
3,55674,55674,12,6
1,55695,55695,10,16
3,55704,55704,1,7
2,55705,55705,6,24
1,55710,55710,8,13
1,55714,55714,9,22
1,55716,55716,8,10
1,55722,55722,11,9
1,55725,55725,5,6
1,55739,55739,11,18
1,55745,55745,4,22
1,55749,55749,5,14
2,55749,55749,1,8
1,55754,55754,10,13
2,55756,55756,10,27
1,55767,55767,9,20
2,55780,55780,5,9
4,55785,55785,4,3
1,55786,55786,2,4
1,55790,55790,1,20
1,55805,55805,9,22
1,55806,55806,12,12
2,55825,55825,4,27
1,55826,55826,9,21
1,55830,55830,11,13
1,55841,55841,3,23
1,55841,55841,1,17
2,55845,55845,2,21
1,55865,55865,1,26
3,55875,55875,7,4
1,55878,55878,1,22
1,55891,55891,8,18
1,55903,55903,1,9
3,55903,55903,3,26
1,55905,55905,2,13
1,55906,55906,7,26
5,55914,55914,1,5
1,55920,55920,8,15
2,55935,55935,12,15
1,55938,55938,4,21
1,55949,55949,4,20
1,55956,55956,11,22
1,55961,55961,6,7
1,55962,55962,7,9
7,55966,55966,2,7
1,55970,55970,11,24
3,55973,55973,5,10
1,55979,55979,11,21
6,55983,55983,4,18
1,55984,55984,12,7
6,55984,55984,10,13
1,55985,55985,12,13
1,55989,55989,9,20
1,55995,55995,4,7
1,55997,55997,6,20
2,55998,55998,11,26
1,56006,56006,5,11
1,56009,56009,5,15
1,56010,56010,7,9
6,56010,56010,11,12
7,56011,56011,6,27
1,56017,56017,9,3
1,56022,56022,12,12
3,56025,56025,12,24
1,56035,56035,8,5
1,56046,56046,6,4
2,56049,56049,3,17
5,56056,56056,5,15
1,56065,56065,12,14
1,56085,56085,5,13
2,56087,56087,12,26
2,56095,56095,9,13
2,56102,56102,8,10
1,56122,56122,9,19
1,56136,56136,11,9
1,56139,56139,12,3
5,56144,56144,3,17
1,56145,56145,11,1
1,56152,56152,7,24
8,56157,56157,2,16
1,56170,56170,2,17
5,56177,56177,11,23
5,56181,56181,3,12
1,56189,56189,12,25
1,56198,56198,6,1
2,56222,56222,1,9
1,56228,56228,11,17
1,56233,56233,7,8
1,56235,56235,9,17
1,56247,56247,7,11
1,56248,56248,11,2
8,56277,56277,10,6
2,56278,56278,9,25
8,56278,56278,12,3
1,56279,56279,7,21
3,56281,56281,8,26
2,56285,56285,4,7
1,56309,56309,3,9
3,56333,56333,5,17
1,56335,56335,2,11
1,56339,56339,7,1
4,56341,56341,10,22
1,56351,56351,1,15
1,56363,56363,1,26
1,56366,56366,5,11
2,56374,56374,6,20
2,56377,56377,3,10
6,56384,56384,10,26
1,56388,56388,10,22
1,56389,56389,10,17
1,56394,56394,3,28
1,56408,56408,7,15
1,56410,56410,3,1
2,56418,56418,4,8
1,56420,56420,11,28
1,56431,56431,3,3
1,56450,56450,2,15
6,56458,56458,2,5
1,56469,56469,10,27
1,56473,56473,2,16
1,56474,56474,7,28
2,56477,56477,5,20
1,56486,56486,4,6
6,56486,56486,6,19
4,56487,56487,1,8
1,56497,56497,12,21
1,56504,56504,6,8
2,56507,56507,8,15
3,56509,56509,3,27
1,56510,56510,8,15
4,56517,56517,8,13
3,56519,56519,3,5
1,56522,56522,9,3
1,56528,56528,12,16
4,56531,56531,4,26
5,56538,56538,10,1
1,56547,56547,11,8
3,56556,56556,10,7
1,56581,56581,8,8
3,56583,56583,1,14
2,56587,56587,6,1
1,56612,56612,1,11
1,56618,56618,3,4
2,56618,56618,10,28
1,56619,56619,5,26
2,56630,56630,9,28
1,56634,56634,5,19
4,56634,56634,6,1
8,56636,56636,9,9
1,56649,56649,5,22
1,56661,56661,8,16
2,56662,56662,9,2
3,56664,56664,8,9
1,56666,56666,10,23
2,56675,56675,11,3
1,56677,56677,12,2
1,56686,56686,7,9
1,56700,56700,7,5
2,56700,56700,12,1
3,56700,56700,4,8
1,56706,56706,1,16
2,56706,56706,6,9
5,56711,56711,4,10
2,56712,56712,12,15
1,56713,56713,9,22
1,56718,56718,7,20
1,56728,56728,1,13
1,56728,56728,2,23
2,56733,56733,1,28
3,56735,56735,5,10
1,56737,56737,10,6
5,56739,56739,1,5
1,56742,56742,11,23
1,56750,56750,2,21
1,56763,56763,8,24
1,56764,56764,6,11
1,56769,56769,7,7
1,56776,56776,8,22
3,56783,56783,3,28
1,56793,56793,9,22
4,56793,56793,2,11
1,56795,56795,3,18
1,56805,56805,3,23
1,56810,56810,5,22
1,56813,56813,11,8
5,56814,56814,12,7
3,56816,56816,1,17
1,56818,56818,1,4
1,56821,56821,5,20
1,56826,56826,1,8
8,56828,56828,7,2
2,56833,56833,7,26
1,56842,56842,8,10
1,56845,56845,6,27
1,56856,56856,4,22
1,56867,56867,2,28
4,56888,56888,6,18
1,56894,56894,12,26
2,56895,56895,4,24
2,56905,56905,5,11
2,56912,56912,8,4
2,56923,56923,11,9
1,56926,56926,3,6
8,56928,56928,7,19
1,56936,56936,2,28
1,56944,56944,6,1
1,56946,56946,8,6
1,56947,56947,10,3
2,56950,56950,2,3
3,56976,56976,6,6
1,56977,56977,9,4
2,57007,57007,9,7
2,57007,57007,3,24
1,57011,57011,8,11
1,57043,57043,9,13
1,57081,57081,4,8
1,57087,57087,12,19
8,57098,57098,8,22
2,57115,57115,12,22
2,57120,57120,5,7
4,57121,57121,12,14
1,57123,57123,12,6
1,57128,57128,12,11
1,57129,57129,5,6
1,57130,57130,4,15
2,57134,57134,6,3
2,57134,57134,12,26
1,57135,57135,12,23
1,57137,57137,6,9
8,57140,57140,12,28
2,57147,57147,10,7
1,57148,57148,1,20
1,57165,57165,1,15
2,57173,57173,6,23
2,57179,57179,6,1
1,57204,57204,4,20
1,57214,57214,6,9
1,57215,57215,10,6
2,57215,57215,5,19
1,57216,57216,4,5
5,57218,57218,1,6
2,57221,57221,6,16
1,57222,57222,12,22
1,57231,57231,8,26
1,57252,57252,10,20
1,57258,57258,12,16
1,57258,57258,2,14
1,57283,57283,10,11
1,57288,57288,1,5
1,57289,57289,3,27
1,57294,57294,11,15
2,57305,57305,1,16
1,57306,57306,4,25
2,57307,57307,4,10
1,57324,57324,4,14
2,57329,57329,12,9
1,57332,57332,10,15
1,57333,57333,2,20
2,57336,57336,2,25
1,57338,57338,2,7
2,57338,57338,4,2
1,57345,57345,5,20
1,57360,57360,1,28
2,57360,57360,7,20
7,57360,57360,3,20
2,57362,57362,3,6
1,57379,57379,5,16
7,57387,57387,8,5
3,57392,57392,6,5
1,57402,57402,2,19
1,57407,57407,9,15
3,57409,57409,4,3
1,57414,57414,9,8
1,57419,57419,2,9
1,57422,57422,9,15
7,57425,57425,6,13
3,57435,57435,6,19
5,57441,57441,10,1
1,57442,57442,12,23
1,57454,57454,10,9
1,57454,57454,9,7
3,57458,57458,1,11
1,57476,57476,10,4
2,57491,57491,11,1
1,57493,57493,10,6
2,57496,57496,9,11
1,57502,57502,1,10
1,57508,57508,2,18
2,57513,57513,10,26
1,57522,57522,4,26
3,57526,57526,12,17
6,57527,57527,5,15
1,57529,57529,7,27
1,57532,57532,6,17
1,57533,57533,10,1
2,57537,57537,7,4
1,57541,57541,10,11
1,57542,57542,3,19
3,57547,57547,1,7
6,57552,57552,11,19
1,57573,57573,8,28
7,57575,57575,10,23
1,57580,57580,2,6
1,57581,57581,12,13
1,57583,57583,1,26
2,57603,57603,7,28
2,57607,57607,9,20
1,57608,57608,8,28
2,57616,57616,4,28
2,57634,57634,10,8
1,57638,57638,10,16
1,57639,57639,10,22
1,57640,57640,7,15
1,57640,57640,1,3
2,57665,57665,7,22
1,57681,57681,11,5
1,57692,57692,12,26
4,57703,57703,9,13
1,57709,57709,8,25
1,57713,57713,2,15
1,57716,57716,1,9
1,57719,57719,1,2
1,57729,57729,10,21
1,57743,57743,10,4
2,57744,57744,1,5
2,57746,57746,12,13
6,57748,57748,12,9
2,57756,57756,2,3
5,57760,57760,12,21
8,57761,57761,11,12
1,57767,57767,6,28
1,57769,57769,10,18
1,57770,57770,7,26
1,57777,57777,3,18
1,57777,57777,6,28
1,57784,57784,4,8
3,57785,57785,8,2
1,57788,57788,5,15
1,57788,57788,2,19
3,57797,57797,2,26
1,57804,57804,4,7
4,57804,57804,11,20
7,57829,57829,5,7
2,57845,57845,4,27
3,57845,57845,12,9
1,57848,57848,2,24
4,57851,57851,2,20
1,57861,57861,8,24
1,57869,57869,11,28
1,57871,57871,7,13
1,57877,57877,3,2
8,57886,57886,6,3
1,57889,57889,12,16
7,57893,57893,9,22
1,57896,57896,10,22
6,57908,57908,1,23
1,57914,57914,3,9
6,57914,57914,2,25
1,57916,57916,12,19
7,57917,57917,2,10
1,57919,57919,9,6
4,57923,57923,11,4
5,57924,57924,6,1
2,57925,57925,1,2
2,57927,57927,7,19
1,57930,57930,1,16
6,57934,57934,6,26
2,57948,57948,8,13
8,57955,57955,3,11
1,57963,57963,4,25
8,57970,57970,6,5
3,58002,58002,12,20
8,58003,58003,11,7
1,58005,58005,4,3
1,58014,58014,7,10
7,58017,58017,10,27
1,58029,58029,11,13
1,58039,58039,12,3
6,58041,58041,2,2
1,58046,58046,3,24
2,58058,58058,3,9
6,58058,58058,6,23
7,58062,58062,7,2
2,58067,58067,11,22
4,58082,58082,2,9
1,58090,58090,12,22
7,58092,58092,1,7
1,58095,58095,6,22
1,58099,58099,10,8
1,58127,58127,10,12
1,58140,58140,12,21
4,58156,58156,1,19
5,58161,58161,7,15
2,58170,58170,4,26
6,58174,58174,11,14
1,58175,58175,1,8
8,58178,58178,3,11
1,58181,58181,7,2
2,58193,58193,4,11
2,58194,58194,1,24
5,58195,58195,4,12
1,58196,58196,12,16
1,58202,58202,8,23
1,58220,58220,1,28
1,58220,58220,11,20
5,58221,58221,11,6
5,58232,58232,3,18
1,58239,58239,8,15
2,58241,58241,9,19
1,58245,58245,3,14
1,58261,58261,8,12
2,58267,58267,4,17
2,58281,58281,1,10
1,58285,58285,9,19
7,58287,58287,3,17
7,58291,58291,9,24
1,58293,58293,7,8
2,58300,58300,2,11
1,58311,58311,8,2
1,58329,58329,2,23
1,58332,58332,3,10
1,58333,58333,6,8
1,58335,58335,1,20
2,58343,58343,11,8
1,58350,58350,6,14
2,58351,58351,4,7
1,58361,58361,3,17
3,58364,58364,11,15
1,58374,58374,5,3
1,58378,58378,7,26
1,58380,58380,1,25
1,58383,58383,3,17
1,58383,58383,12,16
2,58384,58384,12,5
1,58396,58396,10,11
1,58404,58404,7,22
2,58405,58405,9,9
3,58405,58405,8,9
3,58409,58409,7,14
4,58415,58415,2,17
1,58425,58425,12,7
2,58434,58434,1,6
1,58442,58442,5,19
1,58444,58444,3,8
1,58449,58449,10,15
4,58449,58449,3,4
1,58475,58475,1,20
2,58479,58479,8,27
1,58492,58492,12,5
8,58496,58496,11,2
1,58513,58513,9,11
4,58518,58518,7,18
1,58526,58526,11,16
3,58529,58529,8,16
5,58543,58543,6,8
2,58549,58549,8,17
6,58549,58549,11,24
1,58551,58551,11,5
2,58559,58559,5,10
1,58568,58568,1,5
6,58568,58568,9,23
1,58578,58578,5,2
1,58591,58591,2,24
2,58603,58603,1,13
1,58604,58604,10,5
1,58608,58608,10,25
1,58618,58618,12,17
2,58623,58623,5,24
2,58624,58624,8,4
1,58626,58626,3,27
2,58636,58636,3,24
2,58650,58650,5,5
3,58651,58651,6,18
5,58655,58655,10,21
1,58658,58658,5,13
6,58659,58659,9,16
1,58673,58673,3,20
2,58673,58673,2,2
2,58687,58687,5,20
1,58696,58696,3,2
5,58703,58703,12,23
2,58705,58705,8,13
2,58706,58706,3,13
2,58709,58709,6,3
1,58723,58723,2,28
1,58733,58733,4,15
2,58740,58740,6,13
5,58747,58747,7,22
1,58753,58753,12,20
8,58755,58755,10,18
2,58762,58762,6,21
1,58764,58764,11,4
1,58767,58767,9,3
1,58768,58768,4,16
1,58768,58768,11,2
1,58773,58773,12,14
1,58773,58773,3,19
1,58780,58780,1,27
2,58781,58781,6,21
8,58795,58795,8,26
1,58799,58799,4,13
1,58800,58800,12,20
1,58803,58803,9,8
1,58804,58804,9,24
1,58804,58804,10,18
1,58806,58806,4,26
2,58807,58807,7,28
1,58810,58810,4,19
1,58810,58810,7,4
1,58816,58816,12,23
2,58821,58821,6,9
2,58839,58839,3,25
1,58843,58843,10,28
1,58848,58848,6,16
1,58848,58848,1,23
8,58848,58848,7,8
1,58856,58856,7,4
8,58859,58859,3,21
1,58861,58861,6,20
7,58861,58861,11,14
1,58862,58862,12,3
5,58864,58864,3,3
1,58888,58888,9,2
1,58889,58889,3,11
2,58903,58903,11,8
1,58907,58907,2,1
1,58914,58914,6,8
4,58917,58917,9,9
7,58919,58919,7,6
5,58929,58929,9,1
1,58931,58931,6,13
1,58932,58932,2,24
3,58932,58932,2,28
2,58941,58941,12,17
1,58947,58947,8,26
1,58963,58963,4,4
1,58963,58963,5,3
6,58968,58968,8,12
4,58969,58969,5,16
2,58970,58970,4,11
1,58980,58980,11,13
1,58984,58984,11,17
2,58990,58990,12,8
8,59017,59017,8,9
2,59021,59021,5,28
1,59025,59025,12,19
1,59035,59035,5,9
6,59045,59045,11,26
1,59047,59047,7,10
1,59051,59051,9,12
1,59056,59056,5,4
2,59056,59056,11,21
5,59066,59066,7,3
5,59068,59068,4,24
3,59082,59082,4,23
1,59085,59085,6,8
1,59107,59107,11,10
2,59109,59109,3,7
1,59111,59111,4,4
2,59111,59111,11,4
2,59113,59113,5,19
1,59116,59116,4,5
8,59123,59123,4,13
1,59136,59136,11,18
2,59140,59140,1,20
2,59142,59142,4,25
1,59152,59152,7,11
2,59162,59162,10,9
1,59163,59163,5,23
2,59166,59166,5,13
6,59170,59170,2,22
2,59175,59175,11,7
1,59186,59186,11,18
2,59188,59188,3,10
3,59198,59198,7,7
1,59203,59203,1,4
2,59203,59203,11,19
2,59209,59209,6,17
1,59211,59211,6,15
8,59234,59234,11,26
2,59236,59236,8,27
2,59238,59238,6,12
1,59240,59240,7,25
1,59245,59245,3,18
2,59246,59246,9,13
6,59256,59256,8,9
3,59258,59258,8,9
1,59273,59273,4,27
5,59279,59279,8,12
2,59281,59281,9,25
1,59284,59284,6,8
7,59285,59285,2,17
1,59295,59295,3,15
5,59302,59302,2,21
1,59310,59310,3,10
8,59311,59311,4,21
3,59319,59319,8,2
1,59320,59320,11,3
2,59324,59324,12,10
2,59331,59331,11,8
6,59338,59338,3,17
1,59347,59347,8,19
1,59363,59363,10,14
3,59367,59367,5,23
1,59372,59372,10,4
1,59376,59376,12,8
1,59377,59377,1,12
1,59384,59384,1,2
5,59391,59391,1,1
1,59397,59397,7,28
1,59409,59409,5,14
2,59430,59430,12,19
1,59432,59432,6,11
1,59432,59432,1,13
1,59441,59441,4,14
1,59441,59441,6,14
2,59442,59442,5,11
1,59457,59457,10,28
1,59458,59458,12,6
8,59459,59459,4,9
7,59464,59464,7,4
1,59465,59465,1,25
8,59469,59469,11,3
1,59471,59471,5,15
3,59477,59477,1,5
2,59482,59482,2,21
2,59489,59489,9,6
1,59494,59494,9,27
1,59499,59499,12,24
1,59511,59511,5,20
1,59514,59514,7,10
1,59516,59516,11,9
1,59527,59527,12,10
3,59528,59528,7,20
3,59536,59536,7,27
1,59540,59540,1,6
1,59563,59563,11,28
1,59564,59564,8,2
3,59583,59583,3,15
1,59592,59592,9,5
7,59592,59592,5,28
1,59623,59623,2,20
1,59624,59624,8,5
2,59631,59631,7,25
1,59632,59632,1,17
2,59651,59651,6,6
1,59654,59654,8,22
2,59659,59659,2,19
3,59665,59665,6,25
2,59667,59667,7,16
2,59668,59668,10,16
1,59670,59670,11,23
3,59674,59674,11,24
1,59678,59678,5,25
1,59680,59680,12,10
3,59684,59684,7,23
3,59692,59692,6,10
1,59698,59698,11,27
1,59699,59699,3,4
3,59707,59707,2,27
2,59711,59711,5,20
2,59714,59714,8,6
1,59719,59719,4,13
1,59729,59729,2,26
1,59743,59743,1,22
1,59766,59766,10,7
1,59768,59768,7,20
3,59769,59769,12,11
1,59775,59775,4,25
1,59780,59780,6,22
2,59794,59794,5,22
2,59797,59797,4,4
1,59801,59801,4,9
1,59803,59803,11,6
6,59809,59809,11,2
2,59825,59825,10,22
8,59825,59825,9,6
2,59827,59827,5,1
1,59838,59838,2,13
1,59841,59841,6,11
2,59848,59848,2,13
1,59860,59860,10,6
1,59869,59869,6,11
1,59872,59872,2,17
2,59879,59879,4,19
1,59884,59884,12,21
1,59885,59885,6,4
1,59891,59891,7,15
1,59895,59895,7,11
2,59896,59896,5,1
1,59903,59903,12,10
3,59904,59904,4,9
6,59906,59906,4,18
2,59911,59911,11,7
7,59928,59928,3,18
1,59930,59930,11,7
1,59939,59939,7,23
7,59939,59939,10,14
6,59940,59940,6,27
6,59948,59948,6,1
8,59955,59955,4,16
8,59963,59963,2,7
1,59974,59974,10,11
1,59975,59975,10,6
1,59993,59993,3,24
1,60012,60012,8,1
1,60020,60020,7,1
1,60024,60024,9,11
2,60034,60034,2,19
1,60035,60035,3,2
3,60038,60038,4,12
6,60038,60038,5,24
1,60059,60059,12,27
2,60061,60061,3,12
8,60064,60064,12,2
1,60068,60068,6,15
2,60072,60072,1,12
1,60079,60079,12,20
1,60080,60080,12,19
1,60084,60084,2,11
1,60088,60088,10,12
3,60097,60097,2,28
1,60099,60099,5,26
2,60106,60106,11,8
1,60114,60114,8,24
2,60129,60129,7,8
1,60131,60131,9,17
1,60148,60148,2,16
1,60151,60151,7,22
2,60157,60157,1,13
1,60158,60158,5,4
1,60162,60162,2,18
1,60177,60177,11,8
1,60187,60187,11,10
8,60187,60187,9,18
3,60193,60193,5,3
1,60199,60199,10,2
8,60199,60199,12,2
2,60202,60202,10,23
4,60210,60210,10,8
1,60211,60211,1,28
2,60214,60214,6,28
2,60217,60217,6,11
2,60218,60218,9,23
1,60219,60219,10,3
1,60221,60221,5,27
1,60223,60223,7,24
2,60224,60224,9,6
1,60227,60227,6,14
5,60228,60228,12,7
1,60230,60230,6,5
1,60234,60234,6,10
2,60236,60236,12,3
1,60249,60249,10,15
1,60251,60251,7,16
8,60254,60254,4,19
2,60256,60256,11,18
7,60276,60276,3,6
1,60277,60277,7,4
2,60279,60279,7,5
2,60293,60293,2,12
1,60294,60294,3,11
1,60294,60294,2,10
1,60304,60304,12,19
2,60314,60314,6,3
1,60322,60322,10,12
1,60323,60323,5,19
8,60327,60327,10,9
1,60343,60343,1,25
2,60354,60354,4,10
2,60359,60359,12,14
1,60364,60364,9,8
7,60374,60374,6,14
1,60378,60378,11,23
2,60380,60380,9,10
7,60386,60386,8,3
3,60387,60387,3,10
2,60395,60395,1,4
2,60401,60401,11,11
1,60411,60411,6,26
1,60412,60412,1,25
3,60414,60414,6,4
3,60417,60417,10,23
1,60419,60419,7,21
1,60427,60427,1,4
2,60429,60429,3,23
2,60435,60435,2,11
2,60436,60436,6,22
8,60438,60438,2,23
1,60439,60439,12,16
2,60442,60442,3,7
1,60448,60448,3,27
1,60455,60455,10,2
1,60456,60456,10,5
2,60457,60457,5,8
1,60463,60463,3,24
1,60465,60465,3,17
2,60466,60466,7,20
2,60468,60468,1,9
2,60468,60468,10,19
1,60473,60473,7,19
1,60480,60480,4,28
3,60485,60485,2,4
8,60487,60487,8,17
1,60498,60498,10,8
3,60500,60500,2,2
2,60502,60502,10,9
1,60504,60504,8,27
1,60506,60506,4,28
1,60510,60510,5,15
1,60512,60512,1,16
1,60522,60522,12,28
2,60524,60524,9,25
1,60534,60534,4,14
1,60539,60539,2,11
1,60550,60550,8,16
1,60551,60551,5,10
2,60565,60565,1,28
1,60567,60567,7,11
1,60575,60575,1,7
8,60577,60577,7,28
1,60585,60585,3,23
1,60604,60604,3,4
2,60620,60620,6,7
2,60620,60620,12,24
1,60623,60623,8,3
5,60628,60628,12,14
1,60634,60634,7,25
1,60639,60639,7,2
1,60641,60641,9,14
2,60641,60641,2,18
1,60670,60670,12,27
1,60673,60673,1,20
6,60691,60691,7,18
7,60696,60696,5,11
1,60698,60698,2,4
3,60702,60702,9,1
1,60709,60709,12,28
1,60710,60710,8,6
1,60720,60720,2,19
1,60721,60721,2,11
1,60735,60735,7,6
4,60741,60741,11,7
7,60762,60762,8,14
1,60765,60765,5,17
1,60776,60776,2,16
2,60782,60782,8,15
1,60795,60795,4,10
1,60796,60796,2,13
2,60811,60811,11,6
6,60814,60814,8,11
2,60818,60818,3,17
2,60818,60818,11,13
2,60824,60824,4,21
1,60826,60826,9,2
1,60828,60828,5,5
3,60831,60831,10,22
2,60836,60836,5,5
1,60852,60852,11,7
1,60862,60862,12,18
1,60865,60865,10,19
5,60888,60888,2,8
8,60894,60894,3,2
1,60900,60900,2,6
1,60903,60903,1,14
1,60922,60922,2,3
3,60927,60927,6,17
2,60937,60937,9,7
2,60940,60940,10,15
1,60953,60953,1,21
6,60958,60958,10,3
2,60966,60966,9,12
5,60966,60966,11,7
1,60972,60972,12,12
5,60972,60972,4,25
3,60981,60981,8,2
1,60989,60989,9,6
6,60993,60993,11,16
1,60994,60994,5,12
1,60997,60997,10,16
1,60998,60998,1,14
1,61006,61006,12,16
2,61015,61015,1,2
2,61034,61034,2,27
2,61039,61039,1,5
8,61040,61040,3,19
1,61046,61046,3,5
1,61047,61047,10,10
1,61050,61050,4,16
1,61066,61066,2,15
2,61066,61066,5,13
2,61078,61078,11,23
4,61082,61082,7,26
1,61099,61099,8,27
1,61100,61100,12,5
7,61104,61104,3,22
1,61121,61121,7,8
1,61123,61123,10,22
2,61136,61136,8,14
1,61139,61139,1,25
6,61175,61175,6,22
1,61183,61183,3,9
1,61184,61184,3,26
2,61184,61184,6,11
1,61191,61191,10,22
2,61191,61191,4,24
1,61194,61194,6,10
2,61195,61195,9,23
1,61197,61197,11,13
1,61199,61199,8,20
5,61201,61201,4,18
1,61219,61219,1,3
1,61220,61220,12,26
1,61245,61245,8,15
1,61246,61246,4,5
2,61251,61251,4,10
7,61254,61254,10,1
2,61263,61263,11,28
2,61265,61265,4,15
1,61272,61272,12,19
7,61275,61275,12,9
2,61283,61283,5,19
1,61284,61284,4,8
8,61284,61284,7,22
3,61292,61292,6,27
1,61302,61302,10,7
1,61304,61304,6,10
2,61319,61319,3,16
2,61328,61328,12,7
2,61335,61335,6,7
1,61336,61336,2,21
1,61340,61340,3,14
1,61340,61340,8,26
2,61346,61346,6,1
7,61351,61351,8,20
1,61362,61362,5,28
4,61368,61368,3,21
1,61373,61373,11,7
5,61389,61389,5,19
2,61396,61396,5,18
1,61398,61398,6,28
2,61400,61400,12,24
1,61427,61427,9,4
1,61438,61438,12,3
7,61438,61438,6,1
1,61439,61439,1,20
3,61446,61446,7,1
1,61455,61455,1,25
5,61457,61457,12,19
1,61461,61461,10,4
1,61462,61462,9,23
1,61465,61465,11,2
4,61469,61469,9,22
2,61471,61471,11,17
8,61476,61476,9,24
1,61477,61477,1,10
2,61481,61481,7,17
1,61486,61486,11,28
5,61486,61486,11,18
2,61507,61507,1,28
4,61523,61523,7,17
1,61528,61528,6,9
1,61534,61534,4,25
1,61549,61549,2,16
1,61550,61550,7,22
1,61561,61561,7,28
2,61564,61564,5,7
1,61565,61565,5,18
2,61568,61568,8,25
1,61580,61580,5,14
2,61584,61584,2,12
2,61606,61606,11,11
1,61614,61614,3,8
1,61625,61625,1,28
2,61628,61628,2,9
1,61638,61638,8,23
1,61641,61641,10,11
2,61652,61652,5,24
1,61654,61654,2,23
2,61662,61662,9,6
2,61663,61663,7,3
2,61664,61664,4,23
3,61670,61670,4,23
7,61672,61672,6,1
2,61674,61674,6,8
2,61677,61677,9,16
1,61678,61678,11,6
1,61701,61701,10,17
2,61701,61701,5,6
1,61702,61702,2,14
1,61709,61709,7,20
2,61709,61709,7,12
1,61716,61716,2,16
1,61718,61718,8,17
1,61733,61733,5,27
1,61733,61733,6,5
2,61734,61734,3,20
2,61750,61750,7,6
2,61755,61755,5,27
1,61756,61756,2,3
1,61773,61773,5,3
2,61789,61789,11,3
1,61819,61819,8,19
1,61829,61829,4,5
2,61840,61840,10,28
1,61842,61842,5,28
6,61842,61842,2,8
1,61855,61855,12,22
4,61856,61856,11,6
2,61861,61861,2,7
1,61864,61864,12,11
1,61873,61873,2,15
1,61880,61880,12,16
1,61888,61888,7,17
8,61894,61894,3,5
2,61901,61901,11,19
1,61907,61907,2,6
1,61909,61909,11,13
1,61909,61909,4,25
1,61917,61917,3,21
1,61918,61918,11,4
5,61923,61923,3,8
1,61925,61925,11,3
1,61932,61932,8,12
1,61937,61937,4,2
1,61949,61949,12,20
1,61951,61951,4,18
1,61955,61955,12,17
1,61962,61962,9,19
1,61963,61963,4,22
5,61967,61967,7,7
1,61975,61975,2,2
3,61977,61977,7,22
5,62005,62005,5,12
5,62022,62022,7,8
2,62025,62025,4,2
1,62036,62036,10,16
1,62037,62037,5,5
6,62043,62043,5,23
1,62047,62047,9,13
3,62071,62071,3,4
2,62073,62073,4,23
2,62074,62074,5,23
6,62075,62075,8,22
3,62080,62080,4,26
5,62099,62099,6,24
1,62100,62100,3,13
1,62103,62103,8,28
2,62111,62111,9,20
3,62111,62111,10,23
1,62112,62112,9,12
1,62114,62114,2,15
1,62117,62117,1,13
6,62125,62125,2,6
1,62128,62128,12,15
2,62130,62130,2,12
2,62131,62131,9,8
5,62143,62143,1,8
1,62147,62147,1,13
1,62156,62156,1,3
1,62158,62158,5,6
1,62166,62166,7,28
2,62174,62174,11,28
1,62179,62179,4,15
2,62184,62184,11,22
8,62187,62187,6,5
3,62192,62192,12,3
2,62194,62194,6,24
3,62210,62210,5,23
7,62220,62220,4,2
1,62223,62223,3,4
1,62229,62229,3,18
5,62238,62238,1,26
2,62250,62250,10,17
1,62252,62252,7,8
1,62256,62256,3,23
1,62266,62266,8,20
2,62266,62266,6,25
2,62271,62271,4,16
6,62291,62291,3,24
2,62301,62301,9,25
1,62311,62311,6,13
2,62317,62317,7,1
4,62320,62320,11,9
2,62324,62324,4,26
2,62328,62328,11,9
2,62332,62332,9,3
1,62351,62351,5,2
2,62362,62362,1,27
3,62367,62367,2,10
1,62373,62373,2,11
1,62379,62379,8,8
1,62380,62380,11,23
1,62387,62387,1,6
2,62388,62388,3,21
1,62398,62398,6,28
1,62398,62398,9,4
5,62400,62400,7,2
2,62405,62405,12,10
1,62407,62407,11,18
1,62409,62409,3,3
2,62416,62416,9,2
1,62422,62422,6,22
3,62422,62422,10,4
5,62429,62429,2,6
1,62431,62431,11,8
2,62433,62433,12,8
3,62448,62448,7,12
3,62454,62454,3,18
2,62456,62456,5,11
1,62457,62457,1,28
8,62457,62457,4,19
2,62465,62465,1,23
1,62466,62466,4,10
1,62471,62471,1,23
1,62483,62483,4,21
2,62488,62488,10,19
2,62494,62494,11,25
4,62498,62498,8,16
2,62499,62499,11,5
6,62529,62529,12,3
6,62542,62542,3,16
1,62545,62545,11,19
2,62557,62557,4,8
3,62562,62562,4,1
8,62568,62568,5,22
1,62570,62570,7,19
1,62573,62573,7,7
1,62576,62576,2,1
1,62577,62577,7,11
2,62579,62579,8,6
1,62600,62600,8,19
1,62606,62606,6,26
2,62608,62608,9,14
1,62613,62613,5,19
1,62615,62615,8,26
1,62619,62619,10,9
2,62623,62623,7,27
2,62626,62626,4,1
4,62626,62626,1,2
1,62627,62627,4,17
2,62629,62629,8,28
1,62640,62640,7,21
1,62644,62644,12,15
3,62644,62644,3,16
1,62649,62649,3,24
1,62650,62650,9,9
6,62665,62665,7,7
7,62668,62668,10,26
1,62669,62669,7,27
3,62674,62674,5,9
1,62684,62684,11,15
2,62704,62704,9,13
6,62715,62715,5,16
1,62722,62722,12,11
1,62722,62722,5,16
6,62722,62722,9,7
2,62728,62728,12,6
1,62731,62731,1,12
2,62734,62734,3,23
2,62737,62737,10,23
2,62738,62738,9,23
1,62750,62750,8,20
1,62754,62754,9,20
2,62779,62779,3,7
1,62782,62782,12,5
2,62783,62783,11,7
1,62803,62803,7,23
1,62816,62816,3,15
1,62835,62835,4,14
8,62837,62837,6,25
8,62843,62843,7,6
1,62850,62850,5,16
1,62855,62855,12,6
1,62859,62859,11,13
1,62875,62875,10,26
1,62877,62877,12,13
2,62891,62891,2,4
2,62896,62896,3,24
4,62896,62896,9,12
8,62901,62901,8,20
2,62910,62910,5,23
3,62912,62912,3,20
1,62923,62923,5,7
1,62925,62925,1,22
7,62933,62933,3,25
3,62943,62943,2,7
2,62945,62945,2,14
1,62968,62968,1,10
1,62987,62987,8,3
2,62997,62997,2,20
2,62998,62998,1,12
1,63002,63002,4,27
1,63002,63002,10,4
1,63018,63018,1,21
1,63019,63019,10,13
5,63024,63024,10,15
1,63031,63031,1,8
1,63034,63034,9,21
1,63037,63037,7,13
6,63051,63051,12,28
1,63059,63059,7,16
1,63060,63060,8,6
4,63085,63085,12,12
2,63104,63104,5,22
7,63107,63107,10,18
1,63108,63108,3,9
7,63110,63110,12,11
1,63111,63111,12,18
1,63122,63122,12,20
8,63122,63122,11,24
5,63133,63133,8,1
2,63137,63137,1,14
1,63147,63147,9,22
6,63168,63168,4,24
1,63171,63171,5,16
1,63190,63190,12,15
5,63195,63195,10,18
1,63206,63206,11,1
2,63212,63212,1,21
7,63214,63214,9,5
1,63215,63215,9,16
2,63217,63217,12,26
1,63226,63226,8,3
1,63227,63227,1,19
1,63228,63228,12,18
3,63231,63231,10,4
3,63236,63236,3,11
7,63236,63236,3,9
1,63237,63237,3,8
6,63239,63239,8,5
7,63261,63261,10,16
1,63268,63268,4,22
6,63272,63272,2,6
1,63284,63284,3,22
3,63284,63284,7,25
7,63295,63295,12,6
2,63310,63310,8,15
1,63321,63321,3,1
8,63322,63322,2,19
2,63323,63323,3,23
1,63331,63331,10,24
6,63336,63336,2,4
1,63342,63342,9,24
2,63342,63342,5,5
2,63346,63346,9,11
2,63352,63352,10,4
7,63356,63356,2,1
2,63361,63361,8,11
2,63363,63363,3,10
1,63377,63377,7,25
1,63377,63377,7,14
1,63393,63393,2,13
2,63401,63401,1,27
1,63405,63405,9,4
8,63407,63407,11,9
1,63410,63410,4,8
1,63411,63411,6,18
1,63413,63413,8,11
2,63413,63413,10,26
1,63416,63416,10,28
2,63417,63417,5,23
1,63420,63420,8,3
1,63427,63427,3,19
7,63439,63439,6,18
3,63443,63443,9,21
1,63449,63449,11,19
1,63462,63462,7,23
2,63478,63478,2,2
1,63481,63481,1,1
2,63482,63482,2,16
2,63492,63492,12,12
1,63495,63495,3,15
2,63497,63497,9,10
1,63498,63498,9,6
6,63509,63509,7,8
1,63512,63512,10,8
2,63515,63515,9,16
1,63518,63518,8,24
1,63518,63518,3,23
3,63531,63531,12,11
2,63538,63538,5,22
8,63542,63542,1,13
2,63543,63543,6,12
1,63544,63544,4,22
1,63550,63550,9,14
2,63555,63555,12,13
1,63559,63559,4,16
2,63584,63584,9,11
1,63590,63590,1,14
6,63614,63614,2,25
1,63616,63616,1,15
1,63620,63620,12,2
1,63623,63623,9,2
1,63624,63624,12,10
8,63624,63624,8,28
1,63626,63626,12,13
2,63636,63636,11,2
1,63638,63638,4,25
1,63641,63641,12,4
1,63653,63653,8,9
1,63663,63663,1,23
1,63676,63676,7,27
5,63679,63679,9,16
3,63682,63682,5,24
6,63701,63701,2,16
7,63704,63704,12,23
6,63718,63718,10,21
2,63726,63726,6,15
3,63727,63727,7,7
1,63749,63749,8,25
2,63751,63751,9,28
1,63755,63755,2,28
2,63760,63760,11,2
1,63768,63768,9,5
1,63777,63777,11,26
3,63777,63777,11,14
8,63786,63786,4,1
5,63792,63792,6,25
2,63805,63805,4,20
8,63808,63808,9,3
1,63809,63809,8,11
1,63819,63819,5,5
2,63819,63819,5,12
1,63822,63822,5,7
3,63827,63827,10,27
1,63829,63829,12,28
2,63838,63838,10,6
6,63838,63838,10,7
1,63849,63849,8,16
1,63855,63855,6,7
6,63855,63855,2,1
2,63856,63856,2,20
1,63863,63863,12,2
1,63873,63873,7,22
8,63876,63876,8,19
1,63883,63883,4,21
2,63886,63886,12,26
2,63887,63887,12,14
1,63888,63888,4,25
1,63936,63936,11,14
1,63937,63937,10,19
8,63937,63937,1,23
3,63939,63939,1,10
3,63969,63969,2,6
1,63980,63980,5,19
1,63983,63983,12,11
1,63993,63993,7,1
2,63995,63995,6,24
1,63996,63996,5,9
2,64006,64006,4,27
1,64025,64025,3,5
4,64028,64028,1,13
2,64047,64047,12,16
1,64048,64048,4,9
3,64049,64049,1,3
2,64055,64055,8,25
1,64077,64077,12,24
2,64083,64083,9,12
1,64088,64088,3,27
2,64092,64092,9,3
1,64093,64093,11,12
6,64106,64106,2,6
2,64113,64113,9,1
2,64117,64117,1,28
3,64122,64122,4,24
7,64122,64122,12,4
1,64130,64130,3,6
6,64136,64136,7,2
2,64137,64137,3,16
1,64139,64139,10,18
1,64154,64154,5,22
2,64154,64154,7,24
2,64156,64156,8,1
1,64158,64158,7,8
5,64167,64167,9,15
7,64173,64173,9,22
1,64176,64176,9,24
3,64181,64181,10,9
1,64184,64184,8,14
6,64184,64184,7,20
2,64187,64187,1,12
2,64189,64189,12,4
1,64194,64194,7,8
1,64196,64196,1,14
5,64198,64198,8,6
1,64220,64220,10,16
4,64220,64220,3,7
3,64222,64222,4,20
5,64224,64224,12,1
1,64230,64230,6,7
1,64246,64246,12,27
2,64250,64250,2,4
3,64250,64250,4,23
2,64251,64251,10,27
6,64262,64262,9,6
1,64265,64265,11,18
1,64269,64269,3,23
1,64273,64273,11,13
1,64278,64278,12,13
2,64283,64283,1,25
1,64284,64284,1,22
2,64297,64297,2,15
1,64299,64299,6,6
1,64302,64302,4,10
1,64307,64307,11,28
1,64311,64311,6,4
1,64319,64319,2,25
1,64332,64332,12,14
6,64343,64343,3,8
6,64346,64346,9,9
2,64352,64352,9,11
2,64353,64353,3,19
1,64361,64361,2,3
3,64377,64377,1,12
1,64379,64379,3,19
6,64381,64381,5,14
2,64383,64383,9,14
1,64403,64403,9,23
1,64406,64406,2,10
1,64409,64409,12,9
5,64413,64413,2,5
1,64424,64424,3,24
3,64432,64432,11,3
2,64434,64434,7,22
1,64436,64436,1,5
2,64441,64441,5,19
3,64446,64446,10,21
1,64450,64450,9,28
2,64455,64455,9,13
4,64462,64462,5,24
1,64463,64463,5,2
1,64473,64473,4,23
2,64475,64475,8,3
1,64483,64483,2,23
6,64483,64483,9,24
1,64495,64495,7,10
7,64499,64499,5,9
7,64500,64500,6,18
2,64509,64509,2,23
1,64514,64514,7,25
4,64531,64531,1,17
1,64535,64535,3,11
3,64535,64535,5,1
8,64543,64543,2,18
1,64545,64545,11,6
1,64557,64557,12,22
1,64581,64581,6,17
1,64585,64585,4,28
1,64594,64594,3,5
2,64598,64598,6,13
1,64599,64599,11,12
1,64610,64610,6,26
5,64610,64610,10,22
1,64628,64628,11,26
2,64635,64635,10,5
6,64647,64647,10,8
5,64660,64660,3,23
6,64662,64662,9,25
1,64672,64672,3,2
2,64672,64672,11,10
1,64686,64686,3,28
1,64692,64692,12,17
1,64709,64709,12,6
1,64710,64710,7,3
2,64715,64715,10,16
8,64730,64730,6,6
3,64731,64731,2,24
1,64732,64732,6,11
1,64736,64736,2,23
1,64736,64736,11,25
1,64738,64738,12,25
1,64742,64742,10,17
3,64745,64745,1,17
2,64760,64760,9,9
2,64788,64788,1,19
6,64797,64797,3,8
2,64812,64812,8,10
2,64819,64819,5,2
3,64821,64821,11,5
3,64828,64828,10,26
1,64838,64838,12,17
1,64840,64840,12,19
4,64841,64841,12,2
1,64845,64845,1,6
8,64850,64850,7,3
2,64855,64855,12,8
2,64856,64856,4,20
1,64860,64860,7,6
1,64868,64868,1,28
8,64872,64872,10,19
8,64876,64876,8,10
1,64890,64890,4,9
1,64891,64891,2,23
1,64892,64892,9,8
2,64898,64898,5,8
3,64904,64904,7,19
7,64910,64910,5,16
1,64920,64920,3,21
1,64931,64931,10,21
1,64936,64936,4,23
1,64940,64940,7,21
1,64951,64951,12,14
1,64951,64951,6,7
2,64951,64951,4,3
1,64955,64955,1,22
1,64958,64958,10,21
1,64978,64978,4,9
2,64979,64979,12,3
1,64991,64991,11,8
8,64991,64991,1,3
8,64994,64994,12,10
1,65005,65005,2,18
1,65022,65022,9,23
1,65027,65027,11,15
1,65028,65028,2,4
1,65030,65030,1,5
1,65035,65035,2,15
1,65035,65035,11,21
1,65035,65035,5,15
2,65042,65042,1,21
1,65045,65045,3,10
4,65054,65054,8,18
2,65072,65072,8,12
1,65080,65080,1,13
1,65081,65081,12,8
1,65084,65084,4,28
1,65098,65098,12,20
1,65101,65101,10,17
1,65106,65106,2,21
1,65107,65107,5,6
1,65120,65120,4,10
1,65121,65121,10,21
5,65131,65131,11,27
5,65134,65134,8,3
5,65145,65145,8,21
2,65148,65148,6,16
1,65150,65150,12,19
2,65154,65154,2,21
3,65155,65155,3,17
1,65163,65163,5,19
2,65164,65164,2,12
2,65167,65167,5,9
2,65168,65168,11,21
3,65174,65174,11,9
3,65180,65180,5,14
1,65181,65181,4,22
1,65189,65189,10,23
2,65189,65189,5,16
1,65196,65196,3,7
1,65201,65201,11,13
2,65203,65203,8,25
2,65214,65214,12,16
7,65218,65218,9,14
1,65230,65230,2,23
2,65230,65230,1,21
1,65233,65233,6,11
2,65237,65237,2,13
1,65245,65245,10,7
1,65245,65245,6,14
6,65245,65245,8,23
8,65247,65247,2,3
2,65252,65252,8,24
5,65252,65252,10,13
8,65258,65258,11,1
1,65269,65269,9,10
2,65269,65269,6,24
2,65272,65272,3,17
3,65281,65281,8,1
2,65291,65291,9,24
1,65293,65293,5,21
1,65305,65305,12,23
7,65326,65326,4,12
3,65328,65328,3,8
4,65329,65329,2,12
2,65333,65333,3,19
3,65334,65334,1,3
1,65336,65336,4,22
1,65342,65342,6,15
2,65344,65344,10,18
1,65347,65347,5,12
1,65350,65350,7,2
2,65351,65351,12,10
1,65352,65352,5,28
1,65366,65366,1,18
1,65392,65392,8,15
1,65404,65404,10,3
5,65404,65404,1,28
1,65411,65411,1,12
6,65420,65420,1,1
1,65441,65441,9,13
1,65441,65441,5,7
2,65442,65442,3,12
1,65443,65443,1,15
5,65444,65444,7,10
1,65450,65450,4,23
3,65453,65453,7,3
1,65464,65464,4,20
3,65465,65465,12,3
2,65470,65470,7,23
3,65471,65471,12,5
2,65481,65481,1,4
2,65483,65483,7,4
1,65484,65484,1,10
1,65490,65490,2,7
8,65491,65491,7,2
8,65494,65494,7,9
1,65496,65496,12,21
1,65496,65496,5,15
6,65497,65497,1,6
3,65498,65498,3,2
2,65499,65499,6,27
5,65505,65505,9,7
2,65511,65511,7,2
2,65516,65516,2,6
2,65522,65522,7,4
2,65526,65526,12,3
1,65543,65543,2,1
1,65546,65546,8,4
1,65556,65556,4,2
1,65558,65558,8,10
7,65564,65564,3,7
8,65569,65569,6,8
5,65573,65573,7,28
1,65593,65593,2,5
2,65596,65596,1,18
8,65604,65604,9,8
1,65613,65613,9,16
1,65615,65615,6,28
1,65633,65633,10,7
1,65634,65634,5,18
4,65640,65640,12,8
4,65655,65655,1,25
1,65658,65658,6,18
2,65659,65659,2,3
2,65675,65675,12,21
2,65684,65684,10,13
8,65690,65690,2,15
8,65696,65696,10,26
1,65699,65699,4,7
1,65703,65703,5,3
1,65706,65706,11,27
1,65712,65712,8,18
2,65720,65720,8,20
7,65729,65729,4,24
1,65738,65738,3,22
1,65739,65739,6,7
8,65762,65762,12,16
1,65768,65768,4,2
1,65770,65770,7,12
5,65770,65770,7,23
1,65771,65771,7,27
3,65772,65772,11,27
3,65776,65776,6,18
2,65779,65779,3,25
6,65782,65782,7,24
1,65786,65786,2,12
1,65788,65788,6,19
1,65798,65798,4,22
5,65798,65798,11,2
1,65812,65812,3,20
1,65817,65817,2,2
1,65821,65821,3,23
1,65827,65827,4,14
2,65850,65850,9,20
3,65851,65851,4,26
1,65857,65857,3,19
1,65865,65865,1,9
2,65870,65870,4,1
3,65896,65896,5,23
1,65897,65897,11,22
2,65900,65900,12,1
1,65903,65903,2,12
2,65923,65923,8,19
1,65924,65924,6,15
2,65925,65925,9,24
1,65936,65936,9,23
3,65938,65938,8,18
3,65942,65942,1,21
1,65944,65944,8,17
1,65950,65950,3,1
2,65950,65950,7,24
1,65951,65951,10,23
5,65955,65955,4,26
8,65955,65955,12,16
1,65959,65959,3,26
1,65962,65962,10,25
2,65965,65965,1,17
5,65988,65988,2,26
1,65998,65998,8,2
2,66004,66004,8,2
1,66013,66013,8,13
2,66022,66022,9,15
1,66049,66049,7,24
5,66049,66049,9,18
2,66060,66060,10,12
5,66066,66066,8,11
2,66070,66070,1,23
3,66074,66074,11,4
4,66074,66074,8,23
1,66080,66080,1,15
1,66082,66082,3,16
3,66082,66082,5,28
1,66094,66094,6,7
1,66094,66094,9,28
1,66098,66098,5,4
1,66126,66126,9,6
1,66130,66130,8,6
2,66133,66133,9,4
1,66135,66135,4,8
1,66137,66137,8,18
1,66140,66140,7,16
1,66145,66145,3,2
7,66145,66145,5,20
1,66148,66148,2,22
4,66152,66152,3,6
1,66153,66153,3,4
1,66155,66155,1,8
2,66155,66155,6,7
7,66160,66160,4,2
2,66164,66164,11,28
2,66164,66164,2,23
3,66168,66168,11,6
1,66174,66174,11,12
4,66176,66176,3,9
4,66189,66189,1,5
1,66195,66195,9,4
2,66195,66195,8,2
2,66199,66199,11,24
1,66201,66201,12,22
1,66204,66204,8,26
8,66212,66212,9,26
1,66218,66218,4,9
1,66232,66232,9,1
1,66233,66233,8,12
1,66236,66236,6,23
1,66242,66242,3,11
3,66244,66244,6,18
2,66245,66245,11,9
1,66252,66252,2,20
1,66277,66277,2,1
3,66281,66281,11,14
1,66294,66294,5,27
1,66303,66303,10,10
1,66304,66304,8,7
1,66309,66309,10,25
8,66311,66311,9,9
1,66312,66312,10,15
2,66326,66326,3,24
6,66337,66337,5,5
8,66338,66338,6,23
2,66343,66343,3,13
1,66345,66345,7,18
2,66351,66351,4,28
2,66352,66352,4,9
6,66359,66359,5,10
1,66360,66360,4,16
1,66372,66372,10,21
1,66375,66375,8,24
3,66375,66375,4,8
3,66384,66384,8,1
1,66385,66385,1,22
1,66406,66406,3,4
1,66408,66408,9,16
2,66408,66408,10,8
1,66410,66410,6,7
1,66413,66413,8,19
8,66419,66419,7,4
1,66424,66424,10,19
2,66430,66430,9,1
5,66432,66432,4,6
6,66438,66438,12,28
1,66449,66449,12,11
3,66450,66450,2,27
3,66473,66473,4,1
1,66476,66476,4,19
1,66481,66481,10,24
1,66483,66483,12,3
1,66489,66489,5,16
2,66489,66489,3,27
2,66491,66491,3,5
1,66504,66504,5,24
2,66512,66512,5,11
2,66521,66521,5,27
1,66529,66529,5,17
1,66535,66535,7,17
1,66564,66564,12,23
1,66567,66567,12,26
1,66570,66570,3,25
1,66574,66574,11,2
1,66574,66574,5,19
3,66575,66575,3,18
3,66580,66580,8,10
1,66581,66581,1,22
1,66583,66583,11,6
1,66595,66595,5,25
1,66596,66596,12,25
1,66597,66597,10,12
1,66602,66602,4,13
2,66606,66606,4,28
1,66620,66620,6,18
1,66624,66624,8,24
1,66630,66630,12,7
1,66641,66641,10,1
1,66646,66646,5,28
1,66673,66673,3,27
1,66679,66679,11,20
5,66685,66685,2,13
1,66689,66689,8,10
1,66690,66690,4,1
3,66690,66690,5,26
1,66698,66698,1,22
1,66703,66703,2,6
1,66704,66704,7,18
6,66704,66704,7,3
1,66718,66718,11,22
6,66729,66729,3,9
2,66736,66736,8,9
1,66741,66741,5,7
1,66743,66743,1,15
1,66763,66763,5,7
2,66768,66768,9,12
4,66770,66770,4,10
6,66771,66771,10,27
1,66777,66777,6,24
2,66780,66780,10,17
1,66787,66787,12,18
1,66792,66792,10,9
1,66805,66805,3,14
1,66814,66814,5,11
1,66825,66825,7,15
2,66826,66826,9,10
1,66830,66830,12,20
2,66835,66835,12,23
1,66843,66843,8,13
1,66844,66844,6,7
1,66847,66847,8,21
7,66864,66864,8,25
1,66870,66870,6,6
1,66871,66871,3,18
1,66874,66874,12,1
1,66878,66878,4,21
1,66888,66888,9,19
1,66890,66890,9,8
8,66894,66894,1,1
1,66900,66900,4,19
3,66911,66911,6,12
1,66919,66919,7,26
1,66928,66928,3,7
1,66933,66933,9,27
5,66933,66933,11,24
2,66942,66942,10,21
1,66944,66944,9,2
1,66951,66951,3,7
2,66958,66958,12,24
3,66970,66970,5,1
1,66971,66971,5,10
1,66972,66972,1,9
2,66976,66976,7,18
1,66989,66989,5,5
1,66995,66995,9,16
1,67005,67005,3,25
1,67008,67008,7,14
3,67009,67009,10,8
2,67023,67023,10,28
3,67026,67026,2,2
7,67028,67028,6,23
2,67033,67033,3,16
2,67034,67034,7,6
2,67036,67036,8,22
1,67038,67038,6,5
1,67043,67043,5,21
5,67059,67059,12,14
1,67064,67064,9,4
2,67067,67067,9,21
1,67074,67074,12,9
1,67080,67080,8,18
1,67084,67084,4,22
1,67093,67093,7,5
2,67103,67103,8,12
1,67128,67128,1,21
5,67136,67136,2,1
3,67142,67142,9,6
1,67147,67147,6,3
2,67148,67148,4,19
1,67153,67153,5,5
2,67164,67164,3,2
1,67173,67173,11,5
1,67173,67173,10,20
1,67182,67182,7,10
8,67183,67183,11,1
5,67200,67200,3,24
1,67204,67204,11,19
7,67220,67220,10,1
2,67230,67230,9,4
1,67235,67235,7,4
2,67245,67245,2,25
1,67252,67252,9,25
2,67254,67254,7,4
6,67255,67255,6,8
1,67256,67256,1,26
1,67257,67257,7,1
8,67284,67284,9,12
1,67309,67309,9,1
1,67312,67312,12,22
4,67328,67328,10,27
8,67330,67330,1,25
1,67358,67358,12,20
1,67363,67363,7,11
1,67375,67375,6,20
1,67377,67377,2,15
1,67379,67379,1,1
7,67383,67383,9,11
2,67388,67388,9,12
1,67392,67392,1,14
8,67407,67407,7,28
2,67408,67408,6,8
1,67428,67428,9,23
1,67430,67430,4,28
6,67430,67430,7,11
1,67433,67433,8,16
1,67436,67436,12,15
1,67446,67446,11,12
8,67449,67449,3,27
1,67453,67453,10,18
2,67466,67466,11,6
6,67467,67467,1,20
1,67468,67468,2,18
1,67468,67468,6,15
1,67481,67481,10,18
1,67481,67481,10,24
2,67484,67484,10,8
6,67497,67497,5,6
1,67500,67500,3,8
2,67506,67506,5,23
6,67511,67511,7,14
4,67519,67519,4,22
1,67526,67526,12,1
1,67526,67526,7,6
1,67533,67533,3,2
1,67555,67555,5,9
3,67555,67555,8,1
3,67561,67561,9,2
5,67562,67562,12,20
1,67576,67576,3,10
2,67580,67580,5,10
2,67588,67588,7,27
1,67595,67595,10,23
7,67602,67602,2,24
2,67610,67610,3,9
1,67619,67619,12,2
1,67623,67623,5,19
2,67645,67645,2,23
1,67654,67654,11,28
1,67685,67685,5,7
1,67704,67704,9,4
7,67704,67704,7,1
1,67708,67708,7,24
2,67711,67711,9,6
1,67729,67729,7,15
1,67730,67730,6,16
3,67730,67730,12,4
2,67741,67741,1,26
3,67750,67750,8,4
1,67753,67753,9,26
1,67767,67767,4,19
5,67769,67769,10,6
2,67784,67784,7,15
2,67791,67791,3,17
3,67791,67791,9,9
6,67794,67794,9,19
7,67802,67802,4,9
3,67803,67803,8,25
1,67808,67808,10,5
7,67818,67818,9,20
2,67819,67819,12,25
6,67820,67820,4,25
1,67837,67837,1,27
2,67838,67838,10,7
1,67853,67853,8,1
2,67869,67869,9,1
2,67872,67872,3,27
1,67873,67873,3,24
6,67881,67881,7,9
1,67888,67888,6,3
1,67890,67890,11,15
1,67894,67894,11,15
1,67896,67896,3,19
1,67899,67899,9,20
1,67899,67899,4,15
1,67904,67904,1,23
2,67916,67916,9,8
8,67922,67922,6,5
1,67923,67923,1,13
1,67926,67926,11,23
1,67937,67937,12,21
1,67945,67945,1,16
1,67946,67946,8,13
1,67948,67948,12,9
1,67959,67959,8,20
1,68010,68010,7,9
1,68015,68015,3,22
2,68034,68034,4,20
1,68035,68035,11,27
1,68038,68038,1,20
2,68042,68042,6,15
1,68043,68043,12,3
1,68050,68050,10,3
1,68052,68052,6,13
1,68053,68053,7,7
1,68054,68054,3,14
2,68082,68082,4,23
3,68091,68091,3,18
8,68093,68093,6,2
1,68094,68094,12,27
1,68102,68102,4,18
1,68103,68103,6,22
2,68110,68110,6,9
4,68112,68112,6,25
1,68113,68113,2,4
8,68119,68119,5,28
2,68123,68123,1,21
1,68128,68128,5,6
1,68130,68130,4,13
2,68130,68130,7,9
1,68141,68141,7,6
1,68142,68142,3,3
1,68147,68147,4,1
2,68148,68148,11,11
1,68162,68162,10,10
1,68166,68166,1,14
1,68182,68182,5,21
1,68183,68183,12,9
2,68195,68195,10,6
1,68205,68205,5,8
1,68206,68206,11,11
1,68209,68209,6,27
1,68216,68216,3,13
1,68219,68219,6,12
8,68220,68220,8,26
2,68224,68224,2,11
2,68225,68225,10,7
5,68228,68228,6,12
1,68230,68230,5,14
8,68241,68241,1,27
5,68243,68243,9,3
1,68246,68246,9,2
2,68248,68248,7,7
1,68250,68250,9,25
5,68250,68250,3,17
1,68251,68251,7,20
1,68258,68258,1,11
6,68258,68258,6,14
8,68260,68260,3,7
4,68264,68264,11,4
1,68267,68267,7,7
3,68273,68273,8,6
1,68283,68283,1,19
5,68288,68288,2,19
1,68304,68304,4,9
1,68310,68310,7,20
6,68314,68314,8,25
1,68330,68330,3,17
1,68336,68336,6,22
3,68336,68336,6,21
1,68340,68340,9,26
1,68350,68350,2,23
5,68352,68352,3,5
1,68357,68357,7,25
2,68359,68359,7,26
1,68371,68371,11,20
6,68374,68374,12,28
1,68376,68376,8,23
3,68378,68378,5,20
7,68384,68384,10,13
1,68388,68388,4,10
1,68392,68392,12,1
1,68392,68392,5,7
3,68408,68408,1,25
1,68410,68410,5,21
1,68422,68422,5,9
1,68423,68423,8,11
1,68425,68425,7,13
1,68428,68428,11,27
1,68430,68430,3,20
1,68431,68431,12,3
1,68440,68440,4,19
1,68442,68442,4,17
1,68446,68446,1,6
5,68465,68465,3,13
1,68481,68481,2,5
8,68483,68483,6,6
1,68491,68491,3,17
1,68499,68499,12,1
1,68510,68510,10,9
2,68514,68514,9,5
1,68526,68526,3,2
6,68535,68535,8,3
1,68539,68539,8,23
2,68542,68542,7,14
1,68549,68549,12,11
1,68551,68551,1,11
1,68553,68553,1,22
1,68554,68554,12,3
2,68562,68562,6,16
7,68564,68564,3,20
3,68576,68576,6,22
4,68583,68583,9,12
1,68588,68588,10,20
1,68591,68591,1,24
2,68608,68608,6,23
2,68615,68615,6,7
1,68619,68619,8,28
2,68625,68625,6,26
1,68626,68626,7,7
6,68640,68640,4,26
2,68682,68682,6,18
2,68686,68686,1,22
1,68693,68693,2,27
1,68694,68694,4,28
7,68695,68695,9,9
7,68697,68697,10,1
1,68700,68700,3,13
2,68702,68702,8,16
1,68711,68711,10,26
1,68715,68715,1,3
1,68722,68722,9,27
2,68728,68728,10,20
1,68734,68734,4,28
3,68749,68749,6,6
1,68750,68750,3,22
1,68763,68763,6,15
1,68765,68765,4,2
1,68770,68770,6,26
1,68793,68793,3,13
1,68797,68797,12,21
2,68804,68804,5,9
1,68805,68805,9,1
6,68813,68813,11,21
1,68814,68814,1,22
5,68816,68816,4,15
3,68818,68818,9,18
3,68831,68831,5,15
1,68835,68835,2,17
2,68872,68872,7,16
7,68873,68873,10,25
5,68874,68874,2,24
1,68875,68875,5,15
4,68877,68877,9,5
1,68878,68878,11,22
2,68884,68884,9,14
1,68901,68901,11,10
5,68908,68908,5,8
1,68915,68915,3,17
2,68918,68918,4,8
2,68925,68925,8,9
1,68927,68927,6,27
1,68927,68927,4,19
4,68929,68929,2,23
2,68938,68938,2,23
1,68941,68941,1,1
2,68954,68954,9,4
8,68956,68956,5,11
2,68957,68957,6,5
2,68969,68969,9,11
1,68972,68972,5,24
8,68985,68985,4,27
2,69020,69020,1,13
2,69022,69022,1,6
2,69023,69023,1,25
1,69026,69026,5,7
1,69050,69050,1,13
1,69051,69051,6,13
1,69051,69051,7,11
3,69055,69055,8,14
4,69056,69056,11,11
1,69065,69065,12,14
1,69066,69066,6,11
1,69066,69066,11,4
8,69073,69073,6,8
7,69086,69086,9,3
3,69091,69091,3,18
5,69091,69091,2,4
3,69093,69093,4,10
1,69111,69111,4,24
7,69117,69117,3,24
2,69129,69129,5,8
1,69135,69135,8,20
1,69135,69135,8,5
1,69149,69149,5,14
1,69150,69150,11,23
1,69168,69168,1,24
1,69168,69168,10,4
1,69169,69169,7,6
1,69172,69172,8,15
2,69176,69176,6,21
1,69182,69182,10,12
1,69192,69192,4,18
1,69196,69196,1,24
1,69199,69199,11,28
2,69199,69199,4,16
2,69200,69200,4,22
1,69207,69207,5,5
3,69220,69220,3,3
1,69237,69237,2,5
2,69238,69238,10,11
1,69245,69245,1,8
2,69246,69246,3,23
1,69250,69250,3,13
2,69256,69256,4,6
4,69262,69262,1,15
2,69264,69264,1,24
2,69269,69269,12,11
1,69282,69282,5,18
1,69293,69293,6,7
2,69306,69306,3,9
1,69322,69322,9,7
3,69334,69334,2,23
1,69339,69339,5,6
2,69348,69348,8,9
1,69350,69350,6,11
1,69356,69356,8,27
1,69371,69371,11,11
1,69381,69381,12,10
5,69397,69397,1,11
1,69399,69399,8,4
1,69415,69415,8,20
7,69417,69417,7,21
1,69421,69421,12,18
2,69441,69441,5,26
2,69447,69447,10,14
1,69453,69453,10,19
6,69453,69453,3,21
2,69464,69464,10,23
2,69467,69467,5,6
1,69468,69468,9,22
1,69469,69469,11,7
1,69475,69475,8,19
8,69483,69483,2,22
3,69486,69486,8,20
8,69490,69490,2,4
1,69497,69497,9,10
2,69509,69509,9,6
1,69513,69513,6,10
3,69516,69516,2,1
8,69517,69517,3,15
1,69523,69523,5,15
2,69523,69523,2,20
1,69530,69530,8,9
1,69530,69530,4,14
4,69531,69531,11,14
1,69544,69544,2,26
1,69545,69545,12,4
3,69549,69549,9,14
8,69552,69552,4,23
1,69557,69557,12,24
1,69557,69557,8,1
1,69568,69568,11,9
2,69570,69570,10,24
6,69570,69570,5,3
2,69577,69577,6,12
2,69579,69579,4,3
1,69591,69591,11,17
3,69599,69599,9,12
1,69600,69600,3,11
7,69600,69600,1,18
2,69613,69613,3,21
1,69616,69616,5,9
3,69620,69620,11,27
1,69633,69633,6,22
5,69641,69641,4,16
1,69651,69651,6,5
8,69654,69654,9,28
2,69663,69663,9,5
8,69667,69667,7,26
3,69669,69669,12,27
2,69676,69676,12,27
1,69682,69682,9,3
1,69695,69695,2,3
2,69695,69695,9,22
1,69711,69711,7,7
1,69713,69713,11,8
1,69720,69720,5,18
1,69725,69725,1,26
7,69727,69727,10,26
1,69730,69730,10,17
2,69732,69732,11,11
8,69748,69748,3,27
1,69751,69751,1,11
1,69751,69751,5,17
1,69756,69756,3,7
1,69769,69769,1,10
8,69772,69772,6,12
1,69774,69774,5,2
1,69782,69782,11,23
1,69795,69795,7,5
1,69796,69796,10,7
1,69813,69813,7,10
1,69813,69813,12,17
1,69815,69815,2,23
3,69825,69825,2,7
2,69828,69828,6,2
1,69831,69831,10,23
7,69832,69832,9,5
1,69836,69836,8,2
1,69838,69838,7,9
2,69841,69841,7,17
1,69846,69846,2,2
2,69849,69849,8,6
1,69857,69857,8,20
5,69858,69858,10,27
2,69859,69859,4,14
2,69863,69863,8,4
3,69871,69871,4,6
2,69873,69873,1,21
6,69877,69877,8,15
1,69896,69896,2,6
1,69901,69901,4,3
1,69912,69912,1,15
1,69915,69915,8,15
1,69915,69915,3,17
3,69928,69928,10,11
1,69929,69929,4,25
6,69931,69931,3,8
1,69933,69933,12,23
1,69939,69939,8,24
5,69939,69939,11,28
3,69954,69954,4,24
3,69954,69954,2,11
1,69955,69955,2,15
1,69969,69969,6,9
1,69972,69972,3,3
2,69987,69987,4,11
2,69988,69988,3,6
1,69993,69993,12,11
3,69993,69993,7,27
1,70006,70006,2,9
2,70009,70009,2,16
1,70014,70014,2,14
2,70019,70019,4,7
2,70023,70023,5,1
6,70040,70040,5,28
1,70047,70047,8,13
2,70057,70057,2,20
1,70059,70059,9,1
2,70078,70078,4,11
2,70081,70081,4,22
1,70084,70084,9,2
2,70087,70087,5,17
2,70089,70089,12,9
7,70091,70091,12,19
1,70092,70092,6,7
1,70093,70093,5,27
4,70093,70093,7,24
8,70094,70094,9,14
1,70096,70096,1,11
1,70097,70097,5,3
1,70100,70100,2,1
2,70100,70100,10,20
4,70110,70110,2,15
3,70120,70120,10,18
1,70126,70126,7,25
1,70133,70133,7,5
3,70139,70139,3,3
1,70146,70146,9,21
1,70161,70161,8,22
1,70164,70164,7,27
4,70169,70169,9,15
8,70169,70169,8,25
2,70171,70171,8,7
1,70182,70182,11,15
1,70185,70185,1,11
1,70185,70185,7,13
1,70192,70192,6,17
1,70197,70197,6,10
8,70205,70205,3,18
1,70227,70227,11,21
3,70232,70232,2,27
1,70241,70241,3,14
1,70243,70243,11,26
3,70245,70245,9,13
1,70263,70263,9,14
1,70281,70281,3,26
1,70286,70286,4,17
2,70286,70286,1,16
1,70290,70290,6,7
1,70293,70293,8,15
1,70296,70296,11,27
2,70298,70298,3,25
1,70299,70299,12,15
1,70306,70306,12,15
1,70306,70306,4,21
1,70309,70309,2,16
1,70314,70314,4,4
1,70318,70318,1,5
1,70320,70320,4,6
1,70320,70320,12,3
8,70328,70328,11,20
7,70332,70332,5,4
1,70354,70354,11,26
1,70375,70375,3,23
5,70378,70378,1,25
1,70383,70383,7,3
2,70392,70392,2,11
1,70402,70402,10,6
7,70407,70407,10,26
1,70419,70419,4,22
1,70419,70419,5,19
5,70421,70421,6,5
6,70433,70433,2,21
3,70434,70434,4,21
1,70439,70439,6,28
1,70441,70441,8,19
1,70443,70443,3,15
3,70446,70446,4,26
1,70457,70457,8,21
3,70459,70459,8,28
1,70473,70473,4,16
2,70480,70480,8,12
1,70482,70482,10,13
2,70484,70484,3,9
1,70496,70496,10,6
1,70496,70496,9,24
3,70503,70503,7,10
3,70509,70509,9,13
1,70513,70513,11,18
1,70514,70514,5,16
1,70524,70524,9,1
1,70533,70533,3,27
2,70533,70533,2,5
3,70537,70537,10,17
1,70556,70556,7,1
3,70561,70561,4,7
1,70570,70570,9,5
1,70578,70578,2,22
1,70580,70580,11,4
3,70590,70590,2,4
1,70598,70598,12,22
1,70613,70613,6,6
1,70614,70614,2,5
1,70644,70644,6,8
1,70645,70645,5,21
2,70648,70648,1,21
1,70652,70652,11,17
7,70673,70673,5,8
3,70676,70676,4,23
3,70682,70682,2,12
8,70682,70682,1,3
8,70684,70684,1,22
1,70699,70699,1,8
1,70703,70703,2,26
1,70705,70705,4,14
1,70708,70708,1,22
7,70719,70719,12,16
8,70720,70720,5,8
5,70722,70722,4,20
1,70724,70724,1,12
3,70749,70749,7,23
5,70749,70749,11,23
1,70750,70750,12,10
1,70760,70760,11,22
1,70774,70774,11,28
1,70778,70778,1,7
6,70786,70786,12,2
1,70788,70788,11,1
1,70792,70792,10,22
1,70805,70805,3,26
2,70806,70806,5,16
3,70809,70809,2,13
1,70833,70833,9,27
1,70857,70857,3,17
2,70872,70872,1,12
6,70872,70872,2,28
1,70873,70873,2,13
1,70874,70874,1,5
1,70888,70888,2,20
1,70915,70915,8,22
1,70920,70920,8,9
1,70922,70922,9,27
8,70929,70929,2,18
2,70946,70946,10,4
1,70948,70948,10,16
2,70962,70962,9,23
2,70967,70967,1,8
1,70971,70971,5,26
2,70980,70980,4,22
6,70988,70988,1,2
1,70992,70992,7,8
1,70994,70994,4,24
2,71003,71003,5,13
1,71006,71006,9,1
1,71014,71014,9,28
3,71017,71017,12,12
1,71029,71029,4,7
1,71034,71034,11,21
2,71042,71042,1,10
1,71045,71045,7,2
1,71054,71054,3,3
1,71057,71057,12,3
1,71061,71061,11,4
2,71065,71065,10,18
3,71066,71066,12,23
1,71069,71069,3,1
1,71072,71072,12,10
8,71073,71073,1,22
3,71085,71085,5,19
1,71088,71088,10,24
2,71090,71090,7,2
1,71095,71095,2,1
2,71097,71097,2,16
5,71102,71102,8,25
1,71105,71105,7,7
1,71107,71107,11,16
1,71116,71116,5,24
2,71120,71120,11,9
2,71127,71127,9,21
1,71132,71132,3,10
5,71135,71135,9,24
1,71149,71149,1,21
1,71149,71149,3,14
4,71149,71149,7,25
1,71151,71151,8,1
1,71152,71152,11,19
1,71156,71156,2,6
1,71157,71157,12,22
1,71161,71161,6,28
2,71164,71164,12,21
2,71166,71166,9,8
5,71171,71171,11,28
1,71177,71177,11,15
1,71177,71177,11,12
1,71184,71184,8,10
7,71195,71195,1,25
1,71198,71198,4,6
2,71207,71207,8,2
1,71232,71232,3,26
1,71255,71255,8,14
1,71258,71258,6,14
2,71258,71258,3,18
5,71260,71260,2,13
2,71270,71270,2,24
1,71273,71273,11,9
1,71275,71275,6,6
3,71275,71275,6,5
1,71276,71276,12,10
1,71281,71281,2,17
5,71281,71281,9,21
1,71282,71282,6,13
1,71294,71294,6,16
1,71303,71303,5,26
1,71307,71307,2,10
1,71310,71310,8,24
2,71320,71320,3,5
2,71320,71320,4,14
2,71321,71321,7,7
2,71323,71323,7,21
1,71326,71326,5,26
1,71333,71333,7,21
8,71339,71339,1,10
3,71351,71351,1,12
1,71368,71368,5,7
3,71388,71388,3,6
7,71393,71393,10,7
1,71397,71397,5,15
1,71402,71402,11,15
2,71412,71412,6,22
1,71426,71426,5,20
2,71427,71427,11,6
7,71432,71432,11,24
1,71433,71433,2,20
1,71435,71435,3,22
1,71446,71446,12,6
1,71465,71465,8,15
1,71471,71471,4,26
8,71471,71471,12,8
3,71472,71472,1,15
7,71472,71472,5,2
1,71473,71473,1,7
1,71481,71481,8,15
1,71485,71485,2,7
1,71496,71496,11,7
4,71496,71496,1,23
2,71505,71505,11,23
2,71506,71506,3,18
3,71506,71506,2,9
8,71509,71509,5,21
1,71521,71521,5,10
1,71533,71533,6,27
2,71537,71537,1,15
1,71539,71539,12,22
2,71547,71547,8,6
2,71550,71550,5,1
1,71551,71551,8,20
2,71552,71552,11,28
3,71560,71560,4,12
2,71561,71561,4,19
2,71572,71572,1,27
7,71582,71582,7,26
1,71583,71583,2,27
2,71584,71584,5,13
2,71586,71586,9,12
5,71594,71594,6,6
1,71595,71595,10,23
1,71600,71600,1,20
4,71606,71606,10,26
1,71611,71611,3,18
4,71620,71620,5,20
1,71622,71622,2,3
1,71629,71629,12,22
1,71630,71630,1,21
1,71634,71634,7,12
1,71645,71645,6,23
1,71647,71647,10,8
3,71649,71649,5,21
1,71665,71665,1,9
2,71665,71665,7,3
1,71680,71680,3,28
1,71684,71684,1,16
1,71693,71693,2,10
1,71693,71693,8,28
2,71700,71700,12,16
1,71704,71704,7,17
1,71709,71709,3,11
1,71711,71711,3,8
1,71721,71721,10,5
2,71747,71747,12,18
2,71764,71764,2,13
3,71768,71768,11,28
2,71774,71774,3,25
3,71781,71781,2,4
2,71789,71789,10,3
1,71793,71793,3,21
1,71801,71801,11,11
1,71817,71817,6,20
2,71832,71832,6,12
3,71842,71842,2,14
1,71845,71845,10,20
1,71854,71854,2,8
1,71855,71855,7,7
1,71873,71873,5,24
2,71874,71874,10,9
1,71877,71877,6,20
1,71877,71877,11,11
1,71878,71878,12,15
1,71878,71878,4,19
1,71897,71897,6,24
1,71911,71911,1,28
2,71911,71911,3,8
1,71916,71916,9,10
1,71927,71927,3,25
1,71932,71932,10,27
5,71941,71941,3,25
3,71949,71949,2,1
1,71958,71958,11,10
1,71959,71959,10,7
2,71961,71961,2,21
2,71966,71966,2,12
3,71978,71978,5,17
1,71990,71990,8,18
6,72005,72005,3,4
1,72014,72014,10,25
1,72029,72029,12,25
5,72029,72029,8,11
2,72031,72031,9,27
2,72032,72032,3,17
4,72032,72032,1,19
3,72045,72045,11,11
2,72059,72059,1,13
1,72073,72073,9,9
1,72086,72086,2,14
2,72088,72088,11,14
2,72090,72090,1,23
1,72095,72095,5,18
1,72102,72102,11,22
1,72104,72104,2,20
1,72112,72112,1,7
1,72118,72118,10,9
5,72119,72119,10,23
7,72123,72123,10,15
4,72143,72143,4,18
1,72144,72144,4,14
1,72146,72146,6,17
3,72146,72146,2,6
1,72152,72152,8,22
2,72156,72156,2,23
1,72163,72163,7,18
1,72167,72167,5,20
1,72172,72172,10,16
5,72174,72174,8,22
1,72179,72179,4,11
1,72181,72181,5,27
2,72181,72181,2,24
2,72186,72186,10,15
2,72188,72188,11,19
2,72189,72189,2,27
1,72196,72196,3,28
1,72197,72197,8,5
1,72207,72207,3,3
1,72209,72209,10,3
2,72211,72211,6,15
1,72214,72214,12,27
3,72214,72214,2,8
1,72217,72217,4,27
1,72232,72232,8,23
3,72233,72233,6,25
1,72244,72244,8,8
1,72245,72245,2,25
1,72246,72246,6,14
2,72255,72255,4,24
1,72261,72261,2,19
1,72290,72290,6,20
2,72294,72294,2,1
1,72295,72295,7,5
1,72296,72296,3,8
1,72299,72299,9,27
1,72305,72305,6,17
1,72306,72306,3,24
1,72313,72313,4,1
1,72318,72318,6,8
2,72332,72332,3,1
1,72355,72355,1,3
6,72365,72365,7,15
1,72373,72373,6,8
1,72385,72385,5,22
1,72392,72392,6,7
1,72394,72394,2,19
1,72414,72414,3,22
7,72426,72426,3,22
4,72427,72427,1,27
1,72430,72430,10,24
1,72431,72431,2,8
1,72432,72432,10,22
1,72432,72432,10,23
2,72435,72435,8,21
1,72443,72443,6,18
6,72446,72446,1,10
2,72449,72449,5,24
1,72451,72451,6,16
1,72453,72453,2,21
1,72466,72466,4,2
8,72470,72470,9,8
2,72473,72473,4,12
2,72474,72474,3,26
1,72483,72483,10,12
1,72499,72499,7,12
1,72499,72499,9,15
2,72500,72500,5,28
1,72502,72502,12,27
3,72507,72507,6,14
5,72508,72508,6,26
1,72511,72511,5,21
6,72516,72516,8,23
5,72522,72522,12,16
1,72531,72531,12,21
6,72539,72539,7,3
1,72541,72541,2,10
7,72564,72564,5,10
1,72567,72567,11,12
2,72570,72570,4,23
1,72578,72578,4,7
1,72594,72594,1,10
6,72606,72606,1,1
2,72607,72607,6,16
2,72608,72608,5,5
1,72611,72611,2,9
3,72616,72616,3,7
1,72617,72617,1,22
3,72621,72621,5,2
1,72623,72623,9,20
1,72637,72637,6,28
4,72643,72643,8,18
1,72644,72644,6,24
1,72652,72652,1,13
1,72654,72654,3,18
2,72654,72654,11,21
1,72659,72659,4,6
7,72673,72673,5,22
2,72677,72677,8,19
5,72680,72680,12,17
1,72682,72682,7,16
1,72688,72688,8,14
4,72688,72688,8,16
2,72698,72698,12,13
1,72699,72699,1,7
1,72709,72709,12,28
6,72720,72720,7,20
2,72721,72721,5,14
1,72723,72723,1,5
5,72728,72728,11,7
2,72739,72739,1,8
1,72744,72744,9,25
8,72746,72746,4,19
1,72749,72749,10,23
2,72749,72749,5,26
2,72755,72755,8,27
1,72763,72763,11,16
2,72767,72767,6,15
2,72768,72768,7,3
1,72777,72777,10,22
1,72786,72786,10,25
6,72793,72793,3,14
1,72795,72795,11,7
2,72809,72809,10,21
5,72813,72813,7,12
1,72818,72818,11,7
1,72818,72818,5,17
1,72822,72822,1,6
1,72831,72831,1,8
7,72834,72834,4,7
4,72842,72842,7,24
7,72846,72846,10,7
1,72848,72848,8,24
1,72849,72849,3,13
6,72861,72861,2,1
1,72866,72866,6,24
2,72867,72867,4,4
1,72875,72875,11,16
2,72875,72875,2,4
8,72897,72897,8,9
2,72909,72909,1,12
2,72928,72928,8,21
2,72932,72932,8,7
1,72937,72937,2,9
1,72940,72940,5,12
1,72958,72958,3,14
1,72962,72962,3,10
3,72963,72963,11,18
1,72974,72974,10,12
1,72975,72975,10,21
1,72975,72975,5,5
1,72979,72979,10,3
1,72985,72985,6,22
1,72989,72989,6,18
6,72997,72997,11,25
1,72998,72998,11,15
1,73000,73000,9,23
1,73001,73001,8,5
1,73003,73003,9,16
2,73008,73008,10,20
4,73011,73011,5,14
7,73012,73012,7,22
1,73013,73013,1,17
7,73017,73017,10,12
1,73018,73018,1,25
1,73020,73020,2,28
1,73025,73025,7,5
1,73032,73032,11,20
2,73035,73035,10,9
1,73036,73036,2,18
1,73040,73040,7,20
1,73044,73044,5,27
1,73049,73049,1,5
1,73063,73063,3,16
2,73063,73063,7,18
2,73082,73082,1,9
2,73084,73084,10,28
1,73085,73085,8,26
1,73090,73090,9,15
2,73096,73096,6,18
2,73115,73115,5,22
2,73120,73120,4,20
1,73128,73128,1,16
3,73130,73130,1,14
1,73134,73134,6,28
8,73134,73134,7,8
1,73138,73138,9,7
2,73151,73151,3,4
2,73153,73153,9,7
2,73153,73153,7,28
2,73156,73156,12,20
1,73161,73161,6,22
1,73182,73182,11,12
1,73201,73201,4,28
1,73202,73202,4,12
3,73220,73220,5,23
2,73225,73225,5,19
1,73233,73233,4,17
5,73262,73262,5,3
2,73264,73264,12,28
6,73267,73267,3,1
1,73282,73282,4,21
1,73291,73291,5,25
2,73295,73295,1,13
2,73300,73300,4,28
6,73307,73307,7,5
1,73309,73309,1,3
1,73310,73310,11,23
3,73310,73310,3,1
1,73321,73321,2,27
1,73322,73322,9,27
1,73333,73333,11,9
2,73334,73334,3,3
1,73338,73338,4,24
2,73354,73354,2,28
1,73361,73361,7,1
1,73362,73362,11,28
1,73381,73381,12,4
2,73392,73392,12,21
1,73424,73424,5,4
1,73427,73427,9,6
2,73428,73428,10,1
2,73432,73432,1,22
2,73440,73440,2,23
1,73445,73445,8,25
1,73450,73450,2,11
2,73451,73451,5,14
2,73454,73454,10,10
4,73462,73462,3,3
3,73466,73466,3,27
1,73471,73471,12,23
1,73481,73481,12,20
2,73493,73493,8,13
2,73499,73499,3,3
5,73510,73510,12,28
4,73528,73528,8,12
5,73531,73531,10,8
1,73532,73532,7,18
2,73539,73539,12,1
1,73543,73543,5,15
2,73552,73552,8,9
6,73560,73560,2,26
1,73567,73567,11,15
1,73569,73569,6,25
6,73574,73574,9,19
2,73578,73578,3,4
1,73580,73580,7,26
1,73585,73585,2,15
2,73598,73598,2,22
1,73610,73610,5,24
1,73614,73614,4,8
1,73627,73627,3,27
4,73631,73631,8,20
5,73631,73631,7,25
6,73631,73631,11,14
1,73645,73645,4,5
2,73649,73649,4,4
1,73655,73655,4,2
2,73680,73680,3,6
1,73695,73695,9,19
1,73698,73698,6,18
4,73699,73699,3,7
1,73710,73710,4,25
2,73720,73720,9,5
1,73722,73722,9,23
1,73727,73727,3,15
2,73733,73733,2,25
1,73740,73740,12,18
1,73754,73754,12,18
2,73766,73766,9,5
1,73770,73770,12,3
3,73785,73785,2,11
6,73796,73796,3,14
2,73814,73814,12,17
6,73819,73819,8,11
2,73820,73820,5,18
5,73825,73825,5,7
2,73840,73840,5,10
1,73848,73848,1,28
2,73861,73861,7,7
1,73864,73864,12,1
2,73872,73872,10,13
2,73877,73877,9,6
2,73883,73883,8,18
6,73883,73883,5,16
2,73898,73898,7,4
1,73903,73903,9,21
2,73906,73906,10,3
3,73919,73919,5,13
1,73925,73925,10,27
1,73928,73928,8,4
1,73935,73935,6,2
3,73936,73936,2,14
1,73939,73939,12,11
2,73939,73939,10,4
1,73953,73953,6,27
6,73956,73956,7,20
1,73957,73957,6,19
2,73957,73957,6,23
1,73958,73958,9,7
2,73960,73960,3,23
6,73973,73973,11,3
1,73974,73974,4,10
2,73980,73980,10,12
1,73981,73981,4,8
1,73985,73985,11,4
1,73987,73987,8,24
2,73993,73993,10,25
2,73994,73994,10,9
3,74010,74010,8,22
1,74015,74015,8,12
1,74017,74017,3,23
6,74040,74040,2,7
6,74048,74048,3,12
1,74052,74052,4,11
2,74054,74054,1,9
2,74058,74058,10,12
5,74059,74059,9,26
1,74061,74061,1,10
1,74073,74073,11,23
2,74073,74073,1,20
1,74082,74082,7,6
1,74085,74085,3,20
1,74088,74088,6,8
1,74092,74092,7,1
1,74141,74141,8,14
8,74141,74141,11,8
3,74151,74151,12,7
2,74159,74159,12,22
2,74166,74166,5,9
7,74188,74188,6,27
4,74193,74193,7,9
2,74195,74195,7,20
6,74196,74196,2,16
3,74206,74206,10,10
8,74210,74210,1,22
1,74220,74220,12,1
1,74227,74227,8,23
1,74238,74238,10,9
1,74244,74244,10,28
1,74250,74250,8,20
2,74250,74250,8,20
2,74262,74262,12,25
3,74273,74273,5,14
1,74274,74274,2,6
2,74277,74277,12,18
8,74286,74286,1,23
1,74295,74295,6,13
3,74300,74300,2,19
2,74302,74302,4,20
3,74302,74302,11,9
2,74312,74312,5,14
1,74313,74313,6,21
4,74321,74321,4,3
1,74324,74324,6,16
1,74325,74325,8,20
1,74335,74335,2,15
2,74346,74346,4,12
1,74348,74348,7,10
2,74357,74357,10,22
1,74358,74358,12,26
2,74361,74361,3,27
2,74362,74362,10,9
1,74372,74372,11,20
1,74378,74378,3,9
1,74382,74382,3,9
1,74384,74384,1,10
6,74387,74387,9,12
3,74392,74392,11,3
1,74403,74403,9,7
5,74411,74411,5,25
1,74413,74413,10,12
1,74421,74421,2,16
4,74421,74421,3,12
1,74422,74422,1,8
1,74429,74429,1,11
2,74432,74432,7,17
8,74434,74434,10,21
1,74457,74457,5,14
2,74469,74469,2,5
2,74470,74470,12,5
1,74477,74477,3,21
5,74478,74478,1,2
1,74479,74479,9,16
2,74484,74484,1,21
3,74494,74494,1,6
4,74498,74498,2,14
5,74502,74502,3,22
1,74510,74510,4,17
5,74522,74522,11,3
7,74523,74523,6,21
1,74526,74526,9,1
3,74526,74526,2,18
1,74527,74527,5,19
1,74531,74531,1,13
2,74545,74545,11,4
5,74550,74550,4,7
4,74554,74554,8,6
2,74559,74559,1,16
2,74561,74561,5,26
1,74567,74567,6,27
8,74573,74573,11,10
2,74583,74583,11,25
1,74592,74592,4,16
1,74598,74598,11,15
1,74601,74601,2,1
1,74607,74607,2,26
3,74612,74612,9,18
2,74627,74627,10,25
6,74629,74629,11,8
1,74630,74630,7,4
2,74634,74634,12,1
1,74643,74643,9,5
1,74644,74644,3,6
1,74660,74660,4,10
1,74661,74661,4,11
2,74662,74662,12,3
1,74664,74664,5,6
1,74677,74677,12,7
1,74679,74679,7,14
5,74684,74684,6,1
1,74690,74690,6,3
1,74698,74698,8,16
2,74704,74704,5,12
1,74708,74708,11,17
1,74715,74715,5,2
5,74715,74715,10,25
3,74720,74720,1,23
3,74722,74722,8,8
1,74730,74730,9,21
8,74732,74732,8,11
1,74746,74746,11,11
1,74751,74751,6,23
2,74752,74752,3,11
3,74756,74756,3,2
5,74767,74767,3,18
1,74770,74770,11,19
1,74776,74776,2,15
3,74785,74785,5,13
1,74789,74789,5,1
3,74791,74791,6,8
1,74799,74799,10,24
2,74809,74809,2,21
5,74817,74817,6,15
1,74823,74823,5,6
6,74842,74842,11,6
2,74843,74843,8,14
1,74851,74851,1,20
1,74856,74856,8,18
1,74858,74858,4,23
1,74860,74860,2,16
2,74873,74873,6,11
2,74901,74901,7,28
1,74907,74907,3,21
1,74909,74909,2,22
5,74909,74909,5,10
1,74926,74926,9,26
2,74928,74928,7,24
1,74936,74936,11,6
2,74943,74943,1,19
2,74965,74965,12,3
2,74966,74966,10,12
7,74970,74970,7,7
3,74972,74972,3,12
1,74979,74979,5,20
2,74984,74984,4,6
1,74997,74997,4,19
1,74999,74999,7,12
2,75004,75004,8,28
1,75012,75012,4,14
1,75012,75012,11,7
1,75015,75015,9,20
1,75022,75022,4,15
1,75025,75025,5,1
1,75033,75033,5,18
1,75041,75041,10,12
2,75043,75043,1,2
1,75044,75044,10,11
2,75045,75045,10,1
1,75048,75048,8,17
3,75052,75052,12,26
1,75057,75057,4,27
2,75063,75063,10,28
4,75067,75067,4,6
1,75070,75070,4,5
1,75071,75071,11,8
1,75076,75076,7,13
1,75089,75089,1,6
2,75089,75089,7,26
7,75090,75090,11,1
1,75091,75091,1,16
2,75094,75094,10,26
1,75104,75104,9,6
2,75105,75105,11,1
2,75112,75112,6,12
2,75124,75124,2,14
1,75127,75127,10,8
2,75132,75132,7,2
8,75132,75132,1,17
3,75134,75134,9,28
2,75156,75156,2,16
1,75158,75158,1,6
2,75180,75180,6,19
4,75189,75189,1,27
1,75190,75190,11,12
1,75194,75194,7,2
1,75198,75198,5,14
1,75199,75199,10,21
1,75206,75206,11,1
2,75209,75209,6,28
1,75210,75210,12,22
1,75217,75217,1,2
1,75228,75228,11,13
1,75235,75235,7,22
2,75256,75256,9,7
2,75266,75266,11,13
1,75278,75278,11,12
8,75290,75290,4,7
1,75301,75301,7,6
1,75309,75309,10,20
1,75311,75311,5,22
1,75317,75317,4,11
1,75319,75319,9,17
2,75320,75320,3,23
2,75321,75321,6,8
1,75337,75337,3,25
1,75338,75338,6,3
2,75348,75348,5,19
1,75349,75349,4,13
1,75362,75362,8,16
1,75368,75368,5,16
3,75376,75376,10,16
1,75380,75380,9,14
1,75384,75384,5,16
2,75387,75387,6,16
6,75402,75402,6,23
8,75428,75428,1,12
1,75460,75460,7,5
1,75463,75463,9,15
1,75468,75468,2,17
2,75473,75473,2,17
1,75475,75475,8,4
1,75476,75476,1,8
8,75488,75488,3,26
6,75497,75497,8,5
4,75507,75507,8,27
1,75519,75519,10,13
1,75522,75522,7,11
1,75527,75527,4,8
5,75544,75544,10,19
1,75545,75545,5,8
2,75545,75545,10,11
1,75575,75575,10,20
1,75581,75581,6,5
1,75582,75582,8,13
2,75595,75595,5,20
2,75601,75601,8,25
1,75622,75622,10,7
2,75625,75625,1,11
5,75628,75628,1,2
2,75633,75633,5,2
5,75636,75636,2,3
1,75644,75644,12,7
1,75650,75650,7,13
1,75658,75658,7,23
2,75658,75658,6,7
2,75662,75662,3,1
1,75673,75673,7,18
1,75673,75673,2,26
2,75673,75673,7,22
1,75681,75681,10,5
1,75683,75683,11,23
1,75692,75692,7,25
7,75698,75698,4,22
3,75701,75701,4,2
3,75701,75701,7,27
1,75704,75704,12,27
4,75716,75716,12,28
1,75728,75728,12,22
2,75735,75735,2,8
2,75740,75740,5,22
1,75743,75743,1,10
1,75760,75760,12,14
1,75768,75768,1,22
5,75770,75770,11,8
3,75776,75776,12,28
1,75788,75788,6,19
8,75792,75792,7,7
1,75793,75793,8,1
2,75806,75806,12,27
2,75810,75810,10,16
1,75812,75812,4,18
2,75813,75813,11,9
3,75819,75819,8,12
1,75823,75823,6,4
1,75859,75859,3,20
1,75868,75868,5,22
5,75878,75878,8,7
2,75880,75880,3,15
1,75898,75898,4,8
8,75901,75901,2,28
4,75916,75916,10,21
1,75917,75917,3,7
1,75918,75918,3,21
1,75921,75921,12,1
3,75921,75921,4,7
2,75927,75927,8,7
2,75927,75927,11,6
2,75930,75930,2,10
1,75931,75931,9,28
1,75931,75931,5,8
1,75932,75932,12,2
2,75933,75933,6,23
1,75937,75937,1,27
2,75943,75943,9,21
2,75951,75951,2,22
1,75970,75970,2,13
3,75971,75971,10,17
2,75976,75976,9,5
1,75981,75981,9,2
1,75982,75982,12,27
2,75984,75984,10,16
8,75984,75984,8,22
1,75999,75999,3,22
2,76011,76011,5,12
1,76012,76012,3,15
1,76015,76015,10,23
6,76017,76017,8,27
1,76021,76021,9,22
5,76022,76022,5,26
1,76027,76027,3,5
2,76029,76029,2,22
2,76029,76029,12,20
2,76036,76036,12,16
1,76040,76040,4,21
1,76046,76046,7,8
1,76049,76049,2,9
2,76054,76054,3,19
1,76072,76072,2,14
3,76080,76080,11,25
8,76081,76081,3,28
2,76082,76082,12,1
5,76086,76086,12,23
1,76094,76094,7,17
1,76124,76124,5,27
2,76132,76132,6,25
1,76136,76136,5,15
6,76143,76143,1,24
1,76157,76157,1,17
1,76158,76158,7,10
1,76168,76168,3,22
2,76172,76172,7,1
2,76174,76174,6,7
1,76176,76176,3,27
1,76178,76178,3,3
1,76179,76179,5,23
1,76180,76180,3,13
2,76196,76196,3,13
1,76216,76216,10,25
1,76226,76226,11,25
2,76227,76227,6,3
2,76240,76240,6,10
1,76241,76241,7,12
1,76241,76241,2,6
1,76242,76242,1,13
5,76269,76269,7,22
1,76271,76271,9,18
1,76277,76277,6,23
3,76297,76297,8,20
1,76312,76312,10,22
1,76317,76317,1,5
1,76320,76320,1,28
1,76321,76321,1,4
1,76326,76326,11,4
1,76329,76329,4,26
1,76330,76330,1,7
3,76346,76346,6,6
1,76352,76352,11,9
1,76367,76367,7,14
2,76371,76371,7,1
1,76375,76375,8,26
1,76379,76379,10,12
2,76379,76379,5,25
2,76381,76381,11,23
1,76387,76387,4,24
1,76390,76390,11,13
1,76393,76393,5,10
1,76399,76399,2,10
1,76407,76407,6,24
1,76414,76414,1,17
1,76420,76420,3,28
1,76420,76420,11,25
1,76428,76428,5,16
2,76435,76435,1,3
1,76437,76437,8,14
1,76444,76444,3,18
1,76454,76454,5,12
1,76459,76459,6,13
1,76463,76463,3,21
1,76474,76474,6,17
6,76481,76481,5,20
1,76484,76484,7,3
1,76487,76487,11,18
3,76490,76490,8,8
1,76501,76501,1,18
7,76521,76521,2,27
2,76526,76526,11,7
1,76533,76533,11,19
1,76541,76541,5,13
1,76546,76546,11,25
1,76553,76553,11,14
3,76553,76553,2,7
1,76575,76575,6,21
1,76578,76578,2,23
1,76579,76579,4,26
1,76582,76582,5,19
1,76582,76582,2,17
2,76583,76583,5,15
6,76584,76584,7,4
6,76601,76601,5,19
8,76605,76605,8,13
2,76606,76606,10,11
2,76607,76607,8,9
5,76607,76607,8,20
3,76610,76610,1,2
2,76617,76617,3,12
1,76621,76621,6,17
2,76627,76627,7,25
1,76631,76631,7,26
1,76631,76631,1,3
2,76631,76631,12,25
1,76640,76640,2,25
2,76640,76640,11,28
1,76648,76648,4,23
1,76658,76658,10,3
7,76664,76664,7,1
6,76669,76669,12,18
2,76678,76678,8,11
2,76679,76679,7,2
1,76682,76682,4,21
3,76696,76696,6,19
1,76717,76717,8,26
2,76721,76721,1,19
2,76722,76722,10,11
1,76735,76735,11,12
1,76736,76736,4,27
1,76738,76738,3,24
1,76742,76742,7,16
1,76743,76743,12,9
1,76747,76747,11,7
1,76747,76747,9,5
2,76751,76751,12,5
1,76752,76752,6,19
1,76759,76759,7,6
1,76761,76761,1,8
1,76766,76766,6,4
1,76769,76769,7,3
1,76775,76775,8,27
7,76777,76777,4,20
8,76779,76779,11,19
4,76783,76783,9,9
1,76787,76787,7,16
2,76788,76788,7,21
1,76803,76803,6,17
8,76810,76810,3,2
7,76832,76832,6,5
1,76836,76836,11,10
1,76837,76837,12,5
1,76837,76837,2,28
1,76844,76844,11,1
2,76848,76848,10,24
1,76850,76850,1,16
1,76851,76851,11,7
1,76854,76854,5,2
2,76861,76861,10,2
2,76863,76863,3,15
2,76865,76865,7,20
1,76867,76867,2,28
3,76879,76879,3,11
2,76880,76880,12,23
1,76883,76883,10,23
1,76885,76885,1,21
1,76885,76885,11,5
1,76889,76889,4,14
1,76891,76891,6,21
2,76897,76897,11,3
1,76900,76900,7,16
1,76902,76902,12,7
3,76904,76904,7,1
6,76910,76910,6,25
3,76912,76912,6,13
4,76931,76931,8,19
2,76934,76934,9,1
1,76938,76938,3,15
2,76944,76944,8,25
1,76948,76948,3,1
2,76960,76960,3,4
8,76964,76964,11,7
1,76968,76968,6,17
1,76985,76985,8,13
1,76988,76988,11,26
1,76992,76992,1,22
1,77002,77002,12,1
3,77014,77014,12,4
2,77026,77026,3,7
1,77030,77030,8,17
2,77031,77031,12,26
2,77038,77038,6,9
7,77043,77043,5,20
1,77048,77048,10,9
1,77058,77058,12,25
2,77058,77058,12,13
1,77060,77060,1,5
1,77070,77070,11,20
1,77071,77071,10,6
4,77073,77073,11,3
1,77077,77077,4,22
1,77079,77079,4,27
2,77079,77079,4,5
1,77084,77084,2,28
1,77085,77085,2,12
1,77085,77085,11,13
2,77089,77089,12,26
1,77095,77095,8,24
5,77102,77102,12,20
1,77105,77105,11,4
2,77137,77137,3,8
4,77142,77142,1,22
1,77153,77153,10,20
1,77157,77157,7,8
1,77158,77158,5,8
1,77162,77162,1,19
2,77164,77164,9,24
1,77171,77171,1,22
1,77188,77188,2,3
3,77188,77188,4,8
1,77201,77201,8,23
1,77202,77202,5,14
2,77223,77223,9,19
1,77230,77230,7,7
2,77231,77231,2,9
1,77236,77236,7,3
1,77244,77244,8,17
2,77244,77244,8,25
2,77247,77247,9,13
1,77255,77255,9,22
5,77255,77255,8,11
2,77278,77278,6,14
1,77292,77292,3,23
6,77296,77296,3,5
1,77310,77310,2,17
1,77324,77324,9,16
1,77325,77325,10,19
1,77328,77328,3,22
1,77328,77328,10,13
1,77329,77329,5,27
1,77346,77346,12,18
2,77348,77348,2,27
1,77351,77351,9,23
2,77351,77351,7,3
1,77357,77357,7,11
7,77357,77357,2,1
2,77374,77374,12,22
1,77379,77379,4,18
5,77390,77390,12,14
6,77394,77394,1,26
2,77401,77401,12,13
1,77403,77403,7,8
1,77407,77407,2,24
1,77420,77420,6,3
2,77434,77434,3,14
5,77437,77437,6,26
6,77447,77447,3,1
4,77457,77457,2,1
1,77465,77465,1,1
1,77494,77494,3,1
7,77498,77498,2,28
1,77499,77499,2,12
1,77508,77508,4,22
2,77515,77515,6,13
1,77526,77526,11,25
1,77529,77529,10,16
1,77549,77549,4,25
1,77552,77552,10,23
1,77556,77556,2,17
1,77557,77557,5,13
6,77557,77557,12,5
2,77559,77559,5,6
1,77560,77560,11,24
1,77572,77572,9,27
8,77577,77577,9,10
1,77584,77584,8,15
1,77593,77593,7,27
1,77600,77600,1,5
1,77613,77613,7,4
3,77613,77613,1,19
1,77620,77620,9,14
1,77633,77633,4,15
1,77639,77639,7,23
1,77650,77650,2,14
3,77650,77650,2,19
6,77654,77654,10,12
1,77655,77655,5,23
1,77662,77662,10,24
2,77664,77664,7,12
1,77667,77667,1,20
8,77679,77679,11,22
1,77683,77683,4,6
2,77684,77684,2,6
1,77694,77694,4,24
1,77702,77702,6,7
2,77706,77706,6,24
1,77707,77707,7,1
1,77714,77714,1,15
1,77715,77715,12,21
2,77730,77730,7,7
1,77731,77731,7,12
2,77733,77733,7,1
1,77736,77736,10,9
1,77739,77739,3,7
6,77740,77740,6,3
1,77757,77757,3,6
1,77761,77761,12,1
1,77768,77768,5,9
1,77772,77772,6,20
4,77773,77773,12,21
2,77774,77774,6,20
1,77782,77782,2,9
2,77792,77792,12,5
1,77797,77797,10,1
1,77801,77801,12,16
3,77804,77804,12,17
3,77819,77819,9,7
1,77834,77834,10,1
1,77846,77846,6,5
2,77853,77853,6,16
1,77872,77872,3,14
1,77878,77878,5,7
1,77878,77878,9,12
2,77879,77879,12,15
1,77882,77882,12,17
1,77885,77885,8,1
8,77885,77885,3,24
6,77888,77888,12,27
1,77895,77895,1,2
1,77900,77900,10,27
1,77900,77900,6,6
1,77948,77948,11,2
2,77952,77952,6,6
1,77960,77960,8,21
1,77964,77964,3,3
3,77969,77969,9,11
2,77987,77987,11,1
8,78007,78007,6,13
1,78010,78010,1,5
1,78015,78015,4,11
2,78027,78027,6,20
1,78040,78040,4,12
1,78043,78043,9,21
6,78046,78046,4,7
2,78049,78049,12,21
1,78057,78057,11,23
2,78059,78059,3,14
2,78069,78069,10,22
2,78071,78071,8,13
2,78085,78085,6,10
6,78091,78091,2,28
1,78093,78093,10,28
3,78093,78093,11,1
2,78095,78095,12,10
1,78102,78102,11,8
1,78134,78134,1,2
1,78134,78134,2,1
2,78139,78139,9,17
5,78141,78141,4,20
1,78148,78148,8,21
8,78160,78160,3,23
2,78169,78169,9,6
2,78178,78178,1,23
2,78185,78185,9,4
1,78187,78187,1,14
6,78209,78209,2,14
8,78213,78213,6,5
1,78225,78225,11,16
1,78229,78229,5,25
2,78229,78229,2,2
1,78255,78255,3,23
1,78276,78276,1,28
1,78283,78283,7,9
1,78284,78284,10,1
1,78287,78287,1,10
1,78292,78292,8,26
2,78296,78296,1,7
1,78299,78299,12,17
1,78308,78308,8,27
3,78311,78311,2,3
4,78314,78314,7,19
3,78328,78328,7,9
1,78344,78344,7,28
1,78354,78354,8,14
7,78355,78355,10,21
1,78361,78361,9,6
1,78375,78375,4,4
3,78378,78378,12,3
1,78381,78381,7,6
5,78383,78383,2,17
8,78393,78393,8,22
8,78404,78404,10,4
1,78421,78421,2,5
1,78423,78423,7,25
2,78434,78434,3,18
1,78438,78438,12,26
2,78454,78454,11,19
3,78460,78460,4,22
8,78461,78461,5,13
1,78470,78470,12,23
3,78473,78473,7,23
1,78477,78477,3,14
2,78477,78477,10,24
3,78478,78478,11,6
2,78492,78492,3,1
2,78500,78500,3,5
6,78528,78528,1,21
1,78529,78529,4,13
1,78531,78531,8,18
2,78534,78534,1,16
1,78535,78535,6,2
2,78535,78535,10,21
2,78541,78541,5,1
2,78561,78561,11,14
2,78562,78562,2,27
2,78564,78564,2,2
1,78569,78569,11,12
1,78569,78569,7,23
2,78580,78580,6,7
1,78600,78600,10,19
2,78600,78600,3,16
1,78608,78608,6,19
1,78612,78612,12,22
2,78613,78613,9,23
1,78618,78618,9,18
1,78628,78628,3,2
1,78632,78632,1,9
1,78635,78635,6,3
1,78653,78653,2,28
1,78658,78658,11,17
1,78664,78664,10,22
2,78678,78678,6,14
1,78691,78691,2,2
1,78692,78692,4,22
1,78694,78694,10,8
1,78700,78700,9,4
7,78721,78721,1,6
1,78729,78729,1,22
1,78734,78734,11,18
1,78735,78735,9,22
6,78745,78745,3,16
5,78749,78749,6,27
1,78759,78759,7,1
2,78766,78766,11,1
2,78770,78770,9,18
1,78771,78771,11,15
1,78775,78775,3,10
1,78794,78794,11,15
1,78799,78799,10,3
1,78803,78803,2,14
2,78807,78807,4,23
4,78808,78808,5,20
2,78815,78815,11,2
1,78819,78819,3,16
2,78819,78819,12,10
2,78822,78822,2,6
3,78823,78823,12,14
1,78839,78839,8,27
1,78847,78847,8,1
1,78873,78873,6,25
1,78878,78878,9,27
8,78880,78880,9,13
1,78884,78884,10,13
1,78897,78897,7,18
2,78903,78903,4,21
2,78910,78910,6,2
1,78911,78911,12,22
1,78922,78922,8,12
2,78922,78922,1,7
1,78928,78928,11,9
1,78932,78932,7,3
1,78934,78934,10,16
2,78934,78934,10,24
1,78935,78935,2,2
1,78937,78937,6,9
2,78938,78938,3,28
8,78952,78952,6,28
1,78963,78963,5,10
8,78965,78965,2,27
1,78975,78975,9,5
1,78989,78989,11,10
2,78991,78991,2,12
1,78993,78993,9,23
5,78994,78994,4,2
1,78995,78995,2,28
2,78999,78999,2,18
4,79016,79016,2,22
3,79020,79020,3,2
1,79021,79021,2,24
1,79029,79029,1,19
1,79032,79032,7,6
1,79034,79034,3,23
1,79035,79035,2,18
1,79045,79045,9,27
1,79046,79046,3,1
6,79047,79047,5,21
2,79048,79048,3,6
6,79052,79052,8,20
1,79055,79055,7,16
2,79056,79056,5,16
2,79066,79066,4,18
2,79095,79095,8,19
1,79120,79120,8,3
5,79123,79123,3,1
2,79124,79124,11,12
1,79128,79128,7,16
2,79128,79128,3,22
1,79130,79130,5,14
2,79131,79131,2,14
2,79169,79169,3,28
1,79170,79170,6,19
1,79182,79182,4,18
1,79191,79191,10,19
2,79192,79192,4,10
1,79201,79201,3,8
2,79208,79208,6,12
1,79212,79212,7,5
1,79214,79214,6,9
1,79214,79214,11,7
1,79216,79216,11,18
2,79223,79223,9,8
2,79234,79234,8,24
2,79236,79236,5,1
1,79239,79239,11,12
1,79243,79243,9,6
1,79255,79255,9,16
5,79256,79256,12,23
1,79257,79257,5,18
2,79262,79262,1,24
1,79266,79266,6,19
2,79278,79278,9,19
1,79279,79279,8,26
2,79280,79280,2,9
2,79280,79280,7,17
3,79293,79293,4,28
6,79294,79294,6,24
1,79307,79307,3,1
1,79348,79348,12,16
1,79353,79353,9,8
2,79353,79353,6,8
5,79356,79356,1,24
2,79359,79359,11,28
1,79372,79372,2,14
2,79377,79377,1,11
5,79378,79378,7,15
1,79379,79379,12,6
1,79391,79391,3,3
1,79393,79393,3,19
6,79394,79394,7,26
8,79394,79394,5,25
1,79396,79396,5,21
2,79398,79398,7,15
5,79399,79399,10,10
1,79403,79403,6,17
1,79403,79403,9,11
2,79407,79407,2,11
5,79415,79415,9,4
2,79433,79433,4,9
2,79436,79436,4,25
1,79465,79465,2,15
1,79469,79469,2,7
1,79476,79476,12,13
6,79480,79480,8,8
1,79481,79481,5,18
1,79484,79484,7,15
8,79489,79489,4,5
4,79491,79491,12,23
5,79494,79494,9,17
1,79498,79498,8,14
3,79498,79498,10,25
1,79502,79502,12,4
1,79511,79511,7,24
1,79516,79516,2,12
1,79529,79529,10,27
2,79533,79533,6,7
1,79536,79536,2,9
5,79543,79543,8,19
1,79549,79549,7,1
5,79550,79550,6,17
1,79556,79556,7,16
2,79571,79571,7,26
2,79584,79584,8,22
1,79589,79589,9,17
1,79591,79591,4,19
1,79599,79599,3,13
5,79607,79607,12,16
5,79610,79610,3,17
1,79616,79616,7,4
2,79635,79635,9,1
2,79638,79638,10,10
7,79648,79648,3,8
1,79655,79655,7,14
1,79655,79655,10,23
1,79657,79657,10,3
2,79662,79662,3,19
1,79663,79663,4,4
2,79669,79669,12,1
1,79670,79670,8,15
2,79672,79672,6,5
5,79726,79726,2,25
5,79756,79756,6,15
1,79758,79758,6,21
1,79775,79775,5,19
1,79775,79775,6,10
3,79776,79776,10,7
3,79793,79793,9,8
2,79797,79797,12,20
1,79798,79798,12,4
1,79803,79803,10,27
6,79809,79809,12,2
1,79820,79820,2,13
2,79820,79820,6,18
1,79822,79822,7,15
7,79845,79845,12,4
1,79851,79851,4,22
1,79865,79865,9,11
4,79887,79887,10,20
3,79894,79894,2,28
1,79896,79896,4,13
1,79899,79899,6,21
4,79902,79902,12,26
4,79907,79907,6,13
1,79909,79909,6,6
2,79913,79913,5,15
1,79914,79914,8,22
1,79922,79922,2,12
2,79933,79933,8,10
1,79935,79935,6,8
7,79935,79935,4,9
1,79952,79952,7,21
1,79960,79960,12,9
7,79963,79963,5,14
5,79964,79964,4,4
2,79972,79972,6,28
1,79973,79973,9,22
5,79976,79976,5,4
2,79978,79978,10,1
5,79978,79978,5,27
1,79979,79979,8,21
4,79982,79982,6,16
1,79988,79988,8,3
1,79990,79990,4,21
3,79992,79992,9,8
2,79993,79993,3,3
2,79994,79994,7,7
1,79998,79998,1,22
1,79999,79999,7,10
6,80002,80002,12,24
1,80003,80003,11,26
2,80009,80009,8,13
2,80014,80014,12,2
1,80024,80024,12,20
1,80025,80025,12,19
2,80028,80028,7,15
2,80033,80033,10,19
2,80038,80038,3,27
3,80040,80040,6,23
1,80043,80043,5,8
1,80045,80045,6,26
2,80047,80047,10,18
1,80064,80064,11,24
3,80065,80065,8,2
3,80068,80068,12,22
2,80074,80074,6,13
6,80077,80077,12,28
1,80079,80079,10,14
1,80086,80086,6,18
1,80087,80087,7,1
2,80108,80108,4,17
1,80109,80109,7,19
1,80111,80111,3,21
3,80116,80116,11,17
1,80119,80119,2,9
2,80126,80126,6,12
8,80130,80130,6,1
1,80136,80136,3,28
1,80137,80137,4,11
1,80138,80138,12,19
2,80141,80141,3,12
4,80145,80145,3,8
1,80149,80149,5,2
2,80153,80153,12,10
1,80168,80168,5,2
5,80179,80179,9,4
1,80188,80188,9,16
8,80196,80196,6,18
1,80203,80203,12,7
2,80203,80203,9,13
2,80214,80214,6,15
5,80226,80226,9,10
1,80231,80231,7,28
2,80231,80231,9,9
8,80233,80233,10,13
1,80241,80241,4,22
6,80242,80242,6,8
2,80244,80244,9,1
6,80244,80244,8,15
6,80250,80250,5,21
5,80251,80251,3,9
8,80266,80266,10,11
1,80267,80267,6,22
1,80268,80268,3,17
1,80270,80270,4,22
1,80276,80276,3,11
5,80276,80276,12,24
2,80299,80299,1,15
1,80304,80304,8,27
1,80314,80314,3,12
1,80318,80318,1,19
4,80318,80318,9,7
2,80351,80351,1,11
2,80363,80363,1,28
8,80390,80390,3,10
1,80405,80405,12,10
2,80409,80409,9,11
1,80420,80420,10,1
3,80420,80420,10,19
7,80426,80426,9,24
4,80427,80427,7,15
1,80430,80430,2,3
1,80436,80436,12,26
1,80455,80455,2,14
1,80462,80462,10,23
8,80474,80474,12,16
1,80490,80490,1,27
2,80491,80491,4,27
1,80502,80502,1,4
1,80505,80505,1,15
1,80525,80525,6,15
3,80531,80531,6,23
1,80540,80540,11,8
1,80540,80540,5,27
1,80547,80547,4,23
1,80556,80556,5,28
2,80560,80560,8,13
2,80570,80570,7,7
6,80574,80574,6,9
5,80602,80602,7,10
1,80604,80604,5,18
1,80605,80605,9,20
4,80610,80610,1,7
2,80618,80618,11,25
2,80623,80623,10,1
2,80628,80628,12,5
1,80629,80629,3,22
1,80631,80631,3,21
1,80643,80643,6,12
1,80646,80646,7,21
1,80649,80649,5,16
2,80656,80656,7,21
4,80656,80656,12,3
3,80664,80664,12,7
2,80665,80665,4,17
1,80670,80670,1,14
4,80673,80673,7,4
1,80679,80679,7,13
6,80685,80685,11,25
1,80686,80686,10,16
1,80690,80690,4,9
6,80692,80692,10,19
2,80698,80698,2,25
4,80704,80704,12,11
1,80722,80722,5,25
1,80727,80727,1,26
1,80730,80730,6,13
1,80730,80730,2,9
1,80731,80731,6,4
4,80731,80731,3,10
1,80734,80734,8,16
3,80737,80737,5,27
2,80738,80738,10,13
1,80750,80750,2,12
1,80763,80763,3,5
6,80764,80764,1,13
1,80767,80767,6,4
1,80771,80771,10,12
2,80800,80800,8,2
2,80814,80814,3,7
2,80825,80825,5,21
1,80832,80832,7,27
3,80833,80833,6,4
1,80842,80842,11,24
2,80843,80843,11,21
1,80848,80848,9,7
1,80855,80855,6,18
7,80868,80868,8,4
2,80869,80869,10,24
2,80870,80870,10,13
3,80876,80876,8,23
6,80877,80877,12,25
1,80883,80883,12,26
1,80889,80889,5,9
3,80890,80890,5,3
2,80897,80897,7,21
2,80897,80897,5,21
1,80906,80906,4,3
4,80912,80912,5,22
4,80927,80927,11,18
7,80934,80934,3,12
8,80944,80944,4,9
1,80960,80960,7,19
2,80960,80960,4,13
1,80961,80961,12,21
1,80962,80962,4,19
1,80983,80983,9,8
1,80988,80988,12,1
1,80991,80991,10,6
2,80992,80992,12,22
1,80995,80995,12,15
6,81006,81006,8,19
1,81008,81008,5,27
1,81017,81017,5,13
2,81019,81019,7,25
3,81021,81021,8,28
2,81028,81028,6,1
1,81029,81029,10,28
2,81037,81037,3,9
1,81042,81042,11,14
2,81048,81048,10,13
2,81048,81048,8,27
3,81057,81057,11,4
1,81062,81062,11,4
3,81069,81069,6,3
1,81080,81080,9,25
1,81080,81080,3,16
8,81082,81082,3,24
1,81093,81093,10,8
6,81107,81107,12,11
2,81112,81112,1,26
5,81116,81116,6,15
1,81121,81121,5,9
1,81138,81138,9,17
1,81151,81151,11,28
3,81156,81156,4,9
1,81164,81164,5,18
1,81164,81164,4,18
2,81164,81164,7,28
1,81171,81171,4,2
2,81172,81172,7,11
1,81180,81180,11,11
1,81183,81183,7,11
6,81185,81185,7,4
1,81187,81187,11,13
1,81189,81189,10,26
4,81199,81199,3,28
5,81205,81205,8,3
1,81209,81209,12,4
4,81215,81215,12,8
4,81217,81217,1,20
7,81219,81219,1,1
1,81230,81230,8,6
1,81231,81231,3,15
1,81242,81242,9,25
1,81242,81242,10,14
1,81242,81242,12,9
2,81260,81260,1,28
4,81262,81262,7,15
2,81273,81273,1,2
1,81274,81274,8,6
2,81276,81276,7,17
2,81277,81277,6,1
1,81290,81290,6,8
6,81294,81294,5,17
1,81304,81304,1,3
3,81304,81304,1,8
2,81311,81311,5,15
2,81314,81314,12,4
2,81315,81315,5,25
1,81316,81316,12,11
2,81318,81318,4,27
8,81328,81328,7,10
2,81333,81333,7,25
1,81338,81338,11,16
2,81340,81340,3,24
2,81348,81348,7,16
1,81355,81355,7,25
1,81369,81369,12,26
1,81370,81370,11,15
1,81370,81370,9,17
1,81371,81371,7,3
2,81373,81373,2,17
7,81381,81381,4,20
2,81383,81383,4,3
1,81389,81389,3,11
1,81392,81392,12,2
7,81396,81396,12,1
1,81399,81399,3,21
1,81404,81404,1,21
2,81419,81419,4,16
2,81419,81419,2,9
3,81426,81426,3,24
8,81444,81444,9,4
2,81456,81456,10,21
1,81458,81458,12,14
3,81461,81461,12,1
6,81467,81467,2,21
3,81474,81474,2,22
1,81479,81479,5,16
1,81489,81489,11,13
1,81493,81493,1,17
1,81493,81493,12,26
1,81499,81499,2,2
1,81502,81502,5,5
1,81505,81505,8,1
1,81505,81505,8,13
3,81514,81514,4,21
1,81520,81520,2,3
1,81521,81521,4,14
1,81536,81536,1,5
7,81536,81536,1,4
1,81540,81540,5,27
1,81554,81554,3,22
2,81559,81559,5,5
7,81565,81565,7,26
2,81574,81574,3,2
1,81580,81580,11,4
8,81581,81581,8,1
8,81582,81582,1,20
1,81597,81597,2,22
2,81607,81607,7,15
1,81611,81611,6,16
1,81614,81614,3,8
1,81628,81628,10,8
1,81628,81628,4,22
7,81635,81635,1,26
8,81636,81636,5,3
2,81642,81642,4,22
1,81644,81644,12,4
1,81645,81645,5,15
1,81645,81645,2,20
1,81647,81647,2,25
1,81662,81662,3,11
1,81668,81668,5,6
1,81672,81672,10,9
1,81679,81679,7,26
1,81692,81692,10,12
1,81700,81700,3,12
1,81700,81700,10,15
5,81703,81703,11,5
5,81709,81709,2,24
6,81724,81724,7,5
3,81730,81730,8,21
1,81756,81756,10,9
2,81760,81760,1,10
8,81760,81760,10,6
1,81767,81767,5,20
1,81770,81770,12,14
4,81771,81771,5,16
1,81774,81774,8,16
1,81775,81775,8,17
1,81777,81777,3,22
2,81780,81780,4,5
8,81783,81783,4,14
1,81786,81786,7,14
1,81786,81786,2,21
1,81793,81793,10,13
5,81807,81807,5,23
8,81808,81808,11,22
1,81815,81815,2,7
1,81816,81816,3,10
1,81817,81817,4,22
3,81817,81817,5,18
1,81819,81819,11,9
3,81821,81821,12,26
7,81822,81822,3,19
2,81828,81828,11,2
1,81830,81830,2,22
1,81839,81839,6,3
2,81847,81847,2,9
2,81852,81852,11,12
1,81857,81857,1,14
2,81859,81859,5,17
2,81859,81859,3,13
1,81864,81864,4,22
1,81889,81889,7,22
3,81891,81891,11,14
1,81901,81901,10,14
1,81902,81902,4,1
2,81902,81902,5,6
7,81905,81905,8,21
1,81908,81908,5,8
1,81919,81919,5,8
1,81929,81929,5,24
1,81929,81929,7,21
1,81937,81937,4,19
1,81938,81938,3,5
2,81938,81938,7,14
3,81939,81939,11,18
6,81948,81948,3,19
1,81964,81964,10,28
7,81964,81964,7,11
2,81966,81966,7,12
1,81982,81982,10,26
1,81983,81983,11,11
2,81988,81988,2,8
1,81993,81993,1,15
1,81999,81999,9,8
1,82003,82003,7,21
1,82009,82009,12,25
1,82013,82013,7,15
2,82019,82019,11,2
1,82022,82022,1,14
1,82024,82024,4,23
1,82028,82028,2,13
1,82031,82031,10,27
2,82063,82063,2,24
1,82076,82076,9,10
4,82080,82080,8,2
3,82086,82086,12,27
1,82095,82095,6,1
7,82099,82099,6,28
1,82103,82103,10,28
1,82104,82104,5,24
1,82107,82107,9,18
1,82111,82111,9,19
2,82112,82112,9,22
8,82112,82112,1,14
1,82113,82113,5,10
1,82124,82124,11,12
1,82125,82125,12,6
8,82134,82134,3,28
1,82137,82137,5,5
7,82137,82137,6,27
1,82141,82141,5,4
2,82148,82148,11,4
1,82151,82151,1,26
1,82152,82152,3,1
1,82154,82154,1,13
1,82159,82159,3,7
1,82161,82161,12,18
1,82165,82165,6,16
1,82167,82167,2,25
2,82168,82168,9,27
1,82173,82173,10,22
1,82174,82174,1,23
7,82179,82179,10,19
2,82189,82189,4,13
3,82195,82195,7,16
1,82201,82201,5,2
1,82213,82213,6,18
2,82222,82222,6,4
1,82241,82241,5,17
1,82241,82241,12,19
1,82251,82251,10,16
2,82254,82254,7,20
2,82256,82256,6,20
1,82260,82260,6,9
1,82260,82260,2,11
1,82266,82266,5,1
6,82267,82267,4,6
2,82280,82280,12,10
1,82282,82282,11,11
1,82283,82283,12,11
1,82299,82299,10,10
1,82300,82300,9,17
6,82313,82313,11,6
1,82323,82323,8,15
2,82325,82325,8,10
1,82330,82330,3,2
1,82338,82338,4,12
1,82338,82338,8,20
3,82342,82342,9,25
1,82368,82368,1,15
6,82369,82369,2,1
7,82370,82370,3,16
2,82373,82373,10,17
2,82374,82374,2,1
1,82380,82380,6,21
2,82381,82381,11,3
1,82385,82385,11,20
1,82389,82389,3,3
3,82401,82401,7,7
2,82415,82415,4,2
1,82418,82418,8,15
1,82421,82421,5,17
1,82428,82428,5,18
1,82434,82434,12,22
1,82438,82438,1,13
1,82454,82454,6,15
1,82471,82471,11,22
1,82474,82474,7,25
2,82476,82476,7,26
1,82514,82514,11,6
1,82521,82521,8,1
1,82526,82526,12,19
2,82527,82527,1,2
2,82528,82528,5,23
8,82534,82534,1,8
1,82540,82540,6,26
1,82542,82542,5,25
1,82543,82543,11,13
1,82547,82547,2,3
1,82550,82550,5,18
2,82554,82554,9,8
6,82563,82563,3,8
1,82574,82574,12,25
2,82579,82579,6,12
1,82585,82585,11,19
1,82594,82594,11,21
2,82601,82601,10,18
1,82603,82603,6,22
6,82610,82610,9,2
1,82612,82612,7,5
1,82612,82612,4,26
1,82613,82613,11,28
6,82617,82617,11,20
2,82621,82621,1,8
3,82622,82622,12,26
1,82625,82625,5,28
1,82632,82632,4,2
1,82643,82643,8,19
1,82649,82649,3,23
1,82660,82660,4,21
3,82682,82682,11,15
3,82699,82699,3,13
1,82700,82700,4,1
6,82712,82712,3,7
1,82738,82738,8,22
1,82738,82738,4,23
1,82740,82740,7,16
2,82744,82744,11,2
7,82746,82746,12,3
2,82748,82748,11,4
1,82762,82762,12,1
6,82762,82762,12,1
1,82768,82768,2,22
2,82771,82771,4,13
6,82779,82779,7,22
1,82786,82786,8,21
2,82786,82786,4,7
2,82791,82791,4,21
1,82806,82806,12,17
1,82807,82807,5,10
7,82813,82813,3,4
1,82821,82821,10,2
1,82824,82824,6,10
1,82824,82824,8,7
1,82828,82828,6,8
1,82838,82838,12,14
2,82842,82842,6,13
1,82844,82844,10,18
1,82850,82850,9,5
2,82859,82859,11,14
2,82867,82867,3,11
3,82872,82872,3,3
1,82875,82875,4,19
7,82878,82878,10,18
2,82883,82883,10,22
3,82884,82884,3,23
1,82893,82893,9,21
1,82899,82899,1,3
1,82906,82906,1,12
1,82913,82913,2,19
2,82915,82915,4,2
2,82917,82917,10,21
1,82921,82921,12,23
1,82922,82922,11,13
1,82922,82922,7,6
8,82924,82924,9,3
4,82928,82928,12,13
5,82932,82932,3,13
1,82934,82934,3,22
1,82939,82939,12,4
1,82940,82940,9,6
2,82942,82942,2,14
4,82981,82981,4,13
8,82982,82982,4,23
8,82982,82982,4,1
7,82989,82989,10,20
5,82993,82993,10,24
2,82996,82996,12,16
1,83011,83011,3,16
1,83012,83012,1,23
7,83015,83015,11,19
2,83018,83018,4,14
2,83028,83028,7,26
1,83033,83033,1,11
7,83041,83041,12,8
2,83044,83044,7,25
1,83051,83051,9,22
3,83057,83057,8,10
1,83059,83059,1,16
1,83065,83065,3,12
4,83070,83070,6,9
7,83073,83073,3,8
5,83076,83076,2,11
3,83077,83077,7,1
2,83078,83078,11,8
1,83090,83090,7,9
1,83093,83093,12,16
6,83095,83095,8,2
1,83096,83096,10,14
2,83097,83097,9,20
3,83099,83099,11,12
1,83100,83100,8,5
4,83144,83144,7,9
5,83156,83156,12,7
2,83158,83158,2,15
1,83160,83160,2,9
1,83161,83161,6,5
1,83169,83169,11,1
1,83170,83170,9,12
1,83182,83182,8,5
1,83188,83188,6,28
7,83197,83197,3,28
1,83199,83199,5,2
1,83202,83202,8,20
1,83203,83203,7,20
1,83206,83206,9,2
3,83206,83206,10,10
7,83209,83209,10,7
1,83211,83211,9,21
1,83218,83218,4,22
1,83219,83219,7,25
3,83221,83221,12,17
4,83223,83223,4,11
6,83223,83223,9,11
2,83229,83229,11,3
2,83231,83231,12,14
3,83236,83236,4,23
2,83246,83246,2,5
2,83249,83249,10,20
1,83252,83252,2,21
3,83259,83259,9,25
7,83275,83275,4,9
1,83279,83279,2,12
2,83280,83280,2,12
1,83288,83288,10,27
1,83301,83301,2,26
2,83304,83304,8,26
1,83307,83307,5,4
1,83310,83310,3,26
1,83317,83317,10,19
2,83328,83328,1,7
4,83330,83330,6,22
1,83335,83335,2,24
5,83340,83340,12,25
1,83356,83356,1,24
1,83356,83356,6,28
1,83357,83357,11,1
2,83359,83359,3,3
1,83367,83367,12,23
1,83367,83367,12,4
1,83378,83378,7,26
3,83384,83384,1,2
3,83387,83387,4,26
1,83390,83390,1,13
1,83390,83390,5,13
2,83391,83391,2,14
1,83401,83401,12,6
7,83401,83401,9,3
1,83403,83403,8,6
4,83404,83404,11,3
1,83415,83415,2,23
8,83421,83421,12,16
1,83427,83427,1,3
1,83428,83428,7,20
3,83429,83429,1,15
1,83430,83430,5,13
6,83439,83439,9,15
1,83456,83456,5,19
1,83466,83466,11,12
3,83467,83467,1,10
8,83479,83479,6,28
1,83482,83482,1,12
2,83488,83488,7,8
1,83494,83494,10,23
6,83508,83508,8,6
4,83513,83513,12,2
4,83518,83518,4,13
5,83522,83522,2,8
1,83527,83527,1,14
1,83533,83533,1,27
8,83536,83536,12,4
1,83539,83539,3,13
1,83543,83543,9,2
2,83557,83557,6,22
1,83566,83566,3,24
1,83569,83569,9,19
2,83572,83572,4,15
2,83588,83588,1,5
1,83589,83589,3,15
1,83591,83591,10,26
3,83596,83596,5,13
8,83600,83600,12,5
5,83601,83601,1,17
2,83602,83602,1,9
1,83625,83625,2,27
1,83647,83647,11,17
1,83647,83647,12,5
2,83657,83657,11,25
1,83658,83658,12,11
6,83682,83682,3,21
1,83684,83684,4,2
2,83698,83698,10,23
1,83699,83699,10,4
5,83704,83704,8,17
3,83711,83711,11,14
1,83717,83717,8,9
2,83722,83722,9,1
4,83726,83726,9,7
5,83727,83727,4,15
2,83738,83738,8,28
1,83756,83756,8,19
2,83761,83761,1,24
6,83766,83766,9,24
1,83768,83768,10,23
3,83768,83768,7,10
1,83769,83769,10,9
2,83769,83769,8,7
1,83770,83770,3,13
8,83791,83791,1,7
1,83794,83794,10,11
1,83801,83801,9,10
1,83806,83806,12,12
2,83808,83808,12,2
1,83810,83810,3,9
1,83812,83812,10,26
2,83812,83812,7,28
1,83816,83816,2,10
1,83824,83824,12,1
2,83824,83824,10,11
1,83850,83850,10,11
1,83863,83863,9,25
1,83866,83866,9,19
2,83866,83866,3,7
1,83868,83868,8,7
7,83875,83875,3,15
8,83878,83878,6,14
6,83901,83901,10,16
1,83902,83902,9,14
1,83903,83903,7,2
2,83903,83903,8,15
1,83908,83908,7,10
1,83911,83911,10,20
8,83917,83917,12,18
1,83936,83936,1,2
2,83939,83939,9,28
1,83942,83942,10,8
1,83944,83944,1,22
1,83945,83945,11,18
1,83947,83947,8,24
2,83951,83951,9,24
1,83954,83954,4,16
1,83959,83959,7,4
6,83967,83967,7,3
2,83984,83984,3,7
1,83986,83986,5,10
1,83987,83987,3,20
1,83997,83997,5,14
1,84010,84010,4,14
1,84030,84030,10,23
1,84052,84052,7,13
6,84053,84053,5,20
1,84097,84097,7,18
3,84104,84104,7,4
2,84106,84106,9,22
3,84115,84115,1,4
8,84116,84116,12,12
1,84118,84118,12,18
1,84124,84124,12,10
1,84125,84125,1,21
2,84131,84131,8,12
1,84134,84134,9,10
1,84138,84138,8,26
1,84139,84139,6,28
2,84139,84139,2,9
2,84154,84154,3,3
1,84168,84168,5,16
1,84189,84189,11,2
1,84194,84194,6,14
2,84195,84195,3,5
1,84207,84207,4,6
2,84211,84211,8,12
7,84213,84213,1,18
2,84251,84251,6,18
6,84251,84251,3,24
5,84256,84256,7,12
1,84278,84278,4,25
1,84290,84290,4,12
1,84293,84293,10,25
1,84300,84300,10,18
8,84300,84300,11,2
1,84308,84308,7,12
5,84322,84322,3,5
1,84327,84327,7,14
8,84328,84328,4,11
1,84329,84329,11,10
1,84335,84335,10,12
2,84336,84336,2,7
1,84337,84337,12,27
6,84337,84337,6,14
6,84350,84350,2,9
2,84363,84363,3,11
2,84402,84402,6,6
1,84413,84413,5,3
2,84413,84413,5,19
6,84416,84416,6,24
8,84418,84418,7,7
2,84422,84422,5,21
3,84426,84426,5,24
1,84430,84430,4,13
1,84438,84438,10,23
2,84444,84444,4,5
3,84447,84447,9,5
1,84452,84452,12,23
1,84455,84455,10,10
1,84460,84460,9,18
7,84461,84461,6,3
1,84475,84475,12,5
1,84488,84488,2,12
1,84493,84493,1,10
1,84495,84495,8,21
6,84499,84499,7,11
1,84501,84501,1,2
1,84506,84506,4,19
1,84517,84517,12,1
1,84527,84527,12,8
2,84546,84546,2,13
2,84551,84551,6,15
6,84556,84556,11,19
3,84559,84559,9,14
2,84571,84571,1,10
1,84572,84572,1,21
1,84579,84579,4,25
1,84585,84585,4,19
1,84596,84596,7,1
1,84604,84604,10,3
1,84607,84607,12,19
1,84611,84611,6,4
1,84616,84616,7,22
1,84624,84624,4,1
8,84632,84632,12,13
7,84633,84633,7,27
1,84642,84642,11,16
1,84654,84654,11,8
2,84658,84658,12,4
1,84668,84668,6,22
2,84674,84674,10,5
8,84682,84682,6,11
1,84699,84699,11,14
2,84712,84712,2,6
1,84714,84714,6,4
2,84716,84716,4,9
5,84717,84717,12,12
3,84718,84718,7,11
1,84721,84721,9,21
1,84737,84737,12,9
1,84739,84739,10,12
8,84739,84739,12,11
2,84746,84746,10,18
1,84752,84752,1,21
2,84753,84753,9,6
2,84757,84757,1,18
1,84758,84758,11,19
1,84760,84760,12,23
3,84767,84767,6,8
1,84774,84774,2,28
1,84775,84775,6,7
4,84775,84775,4,22
1,84786,84786,5,20
1,84790,84790,11,12
7,84799,84799,1,1
1,84803,84803,8,2
1,84808,84808,5,6
1,84810,84810,8,25
7,84831,84831,7,10
1,84852,84852,3,3
1,84855,84855,2,27
2,84855,84855,11,15
1,84858,84858,10,16
1,84882,84882,3,17
2,84887,84887,3,26
1,84888,84888,2,4
1,84893,84893,7,2
3,84893,84893,10,2
2,84895,84895,2,3
1,84900,84900,11,19
2,84900,84900,11,19
2,84905,84905,3,28
1,84911,84911,8,28
1,84912,84912,3,26
1,84928,84928,11,13
1,84934,84934,6,10
1,84935,84935,11,25
2,84935,84935,10,12
2,84942,84942,8,2
8,84943,84943,5,3
2,84946,84946,12,20
3,84950,84950,2,24
2,84953,84953,2,24
1,84954,84954,5,18
1,84975,84975,6,7
1,84990,84990,5,20
1,84995,84995,11,6
2,84995,84995,7,18
5,85007,85007,7,12
1,85015,85015,4,5
1,85026,85026,12,2
3,85033,85033,3,9
7,85033,85033,11,3
1,85034,85034,3,5
7,85039,85039,3,4
8,85040,85040,5,13
1,85043,85043,6,22
1,85046,85046,3,3
2,85055,85055,4,5
2,85060,85060,2,10
8,85064,85064,6,8
1,85066,85066,9,9
1,85079,85079,10,9
1,85088,85088,5,18
5,85092,85092,4,24
3,85093,85093,8,6
1,85103,85103,4,26
1,85113,85113,1,3
1,85116,85116,10,20
2,85126,85126,3,24
2,85128,85128,9,8
2,85131,85131,2,21
7,85133,85133,6,1
6,85136,85136,12,22
1,85140,85140,1,4
1,85141,85141,3,13
1,85151,85151,2,7
1,85154,85154,3,17
1,85156,85156,5,18
1,85157,85157,4,28
8,85162,85162,11,2
1,85179,85179,8,17
3,85181,85181,5,12
2,85183,85183,3,20
1,85201,85201,7,18
1,85203,85203,7,25
5,85211,85211,7,4
2,85216,85216,8,16
1,85225,85225,1,24
2,85229,85229,10,22
8,85235,85235,11,24
8,85235,85235,9,5
3,85244,85244,2,10
2,85251,85251,5,18
2,85255,85255,8,4
1,85256,85256,4,13
2,85264,85264,11,1
1,85273,85273,8,22
2,85273,85273,11,27
1,85281,85281,2,26
1,85282,85282,10,11
1,85287,85287,11,21
1,85290,85290,7,18
1,85296,85296,7,14
1,85296,85296,6,24
1,85309,85309,3,5
1,85323,85323,5,2
1,85326,85326,10,7
2,85330,85330,2,10
6,85332,85332,1,10
6,85349,85349,12,17
5,85353,85353,4,18
1,85361,85361,2,24
1,85364,85364,2,21
3,85372,85372,9,28
1,85376,85376,10,3
1,85376,85376,9,19
3,85382,85382,5,1
2,85399,85399,9,5
1,85418,85418,1,28
2,85427,85427,11,24
1,85439,85439,7,7
8,85442,85442,1,3
1,85445,85445,1,26
1,85449,85449,6,1
1,85452,85452,9,2
2,85452,85452,5,2
2,85461,85461,6,9
3,85472,85472,8,21
2,85473,85473,12,14
1,85480,85480,2,15
1,85485,85485,12,15
1,85488,85488,7,20
1,85491,85491,7,3
1,85493,85493,12,24
1,85493,85493,8,4
5,85497,85497,10,3
8,85501,85501,5,6
2,85504,85504,4,10
7,85511,85511,7,13
1,85528,85528,1,16
1,85537,85537,3,17
8,85539,85539,8,7
1,85547,85547,9,13
1,85553,85553,6,7
1,85581,85581,3,4
1,85581,85581,2,25
1,85584,85584,1,13
1,85585,85585,2,20
1,85589,85589,8,16
6,85605,85605,12,6
2,85613,85613,3,8
1,85616,85616,9,27
1,85623,85623,3,5
2,85641,85641,6,24
3,85641,85641,8,10
1,85646,85646,3,19
5,85650,85650,2,15
8,85659,85659,3,10
7,85662,85662,8,16
1,85668,85668,2,14
3,85670,85670,5,9
2,85675,85675,7,12
5,85677,85677,3,15
1,85705,85705,9,27
2,85721,85721,5,7
8,85726,85726,1,16
1,85728,85728,6,26
1,85731,85731,10,27
6,85744,85744,12,23
3,85747,85747,8,25
1,85758,85758,10,14
1,85759,85759,11,13
1,85761,85761,8,19
1,85768,85768,4,10
1,85774,85774,6,3
1,85775,85775,2,7
2,85780,85780,5,28
7,85787,85787,6,28
1,85789,85789,9,23
1,85804,85804,12,19
1,85821,85821,11,24
1,85822,85822,9,18
1,85827,85827,12,14
1,85840,85840,1,11
1,85850,85850,9,23
1,85851,85851,4,23
2,85873,85873,9,22
1,85892,85892,1,17
2,85893,85893,7,10
1,85897,85897,12,22
1,85918,85918,3,1
1,85926,85926,3,2
1,85931,85931,11,21
1,85932,85932,5,5
2,85941,85941,1,28
2,85941,85941,7,14
1,85951,85951,7,25
3,85955,85955,5,20
1,85959,85959,7,9
1,85964,85964,10,5
2,85972,85972,5,27
1,85975,85975,3,18
1,85988,85988,1,21
1,85991,85991,1,10
1,85994,85994,10,20
2,85998,85998,7,12
1,86006,86006,3,28
1,86014,86014,8,24
2,86018,86018,11,17
1,86027,86027,7,9
1,86027,86027,12,17
3,86042,86042,3,20
2,86043,86043,6,18
5,86050,86050,2,20
1,86052,86052,11,24
6,86052,86052,7,15
1,86070,86070,3,11
2,86078,86078,10,9
8,86080,86080,12,21
2,86081,86081,12,11
2,86096,86096,9,24
1,86098,86098,1,26
1,86107,86107,2,25
4,86108,86108,12,2
1,86113,86113,2,14
1,86122,86122,8,4
1,86134,86134,9,21
1,86148,86148,11,2
2,86155,86155,12,23
5,86160,86160,1,15
1,86164,86164,11,25
2,86164,86164,10,18
1,86183,86183,2,28
1,86189,86189,7,27
1,86192,86192,11,21
3,86194,86194,2,6
1,86197,86197,6,3
1,86201,86201,11,8
3,86213,86213,12,19
1,86214,86214,12,17
2,86226,86226,3,10
2,86232,86232,7,24
2,86239,86239,12,21
1,86240,86240,12,22
2,86240,86240,9,21
2,86242,86242,6,20
1,86245,86245,10,13
1,86250,86250,3,27
5,86252,86252,3,8
1,86261,86261,3,17
4,86266,86266,1,14
1,86268,86268,4,17
6,86272,86272,9,14
7,86275,86275,2,22
8,86277,86277,10,2
2,86284,86284,2,27
1,86288,86288,7,2
1,86311,86311,2,9
1,86315,86315,6,26
8,86316,86316,7,12
2,86321,86321,10,21
1,86323,86323,8,1
4,86335,86335,9,12
2,86344,86344,2,9
1,86349,86349,6,12
1,86355,86355,11,7
1,86371,86371,11,9
3,86378,86378,10,20
1,86380,86380,5,2
7,86398,86398,1,5
1,86403,86403,8,25
3,86403,86403,9,4
1,86406,86406,6,11
2,86415,86415,9,21
1,86418,86418,7,4
1,86418,86418,10,20
1,86429,86429,8,2
1,86430,86430,9,7
1,86431,86431,10,26
1,86433,86433,4,23
1,86435,86435,12,10
1,86437,86437,9,28
1,86440,86440,1,10
1,86447,86447,10,8
2,86451,86451,5,8
1,86455,86455,7,8
1,86456,86456,12,2
1,86460,86460,8,13
3,86460,86460,6,25
1,86462,86462,8,24
1,86466,86466,6,1
6,86472,86472,7,14
1,86481,86481,7,1
3,86485,86485,9,17
1,86486,86486,7,6
2,86490,86490,6,13
1,86512,86512,11,15
2,86512,86512,7,16
2,86531,86531,9,21
3,86534,86534,7,5
3,86535,86535,9,17
3,86538,86538,2,20
2,86539,86539,7,7
2,86540,86540,5,14
2,86548,86548,1,25
5,86562,86562,7,23
8,86564,86564,1,12
2,86572,86572,2,11
7,86580,86580,4,22
1,86609,86609,9,5
5,86615,86615,1,28
1,86617,86617,10,7
2,86620,86620,12,26
1,86625,86625,8,15
2,86640,86640,10,12
1,86652,86652,3,7
1,86664,86664,2,21
2,86664,86664,4,18
2,86666,86666,8,14
2,86667,86667,4,23
2,86667,86667,9,21
1,86675,86675,5,4
1,86688,86688,7,10
1,86693,86693,9,27
1,86714,86714,11,21
2,86719,86719,12,27
1,86721,86721,9,11
2,86728,86728,10,10
1,86732,86732,12,19
1,86738,86738,10,8
6,86738,86738,6,12
8,86741,86741,3,11
5,86747,86747,6,3
2,86754,86754,12,2
1,86760,86760,10,26
1,86764,86764,4,24
4,86765,86765,1,6
1,86771,86771,1,16
8,86781,86781,1,12
1,86782,86782,8,28
2,86782,86782,4,21
1,86792,86792,6,15
2,86795,86795,2,15
8,86797,86797,9,2
1,86800,86800,8,17
1,86819,86819,8,28
1,86822,86822,11,17
1,86823,86823,9,17
4,86827,86827,11,26
4,86834,86834,6,24
1,86846,86846,8,13
3,86846,86846,12,28
2,86850,86850,3,6
1,86853,86853,3,18
1,86862,86862,8,20
1,86867,86867,2,5
1,86869,86869,11,10
3,86882,86882,7,3
1,86884,86884,4,4
2,86890,86890,6,21
1,86916,86916,4,28
1,86919,86919,2,1
1,86935,86935,1,1
2,86941,86941,5,18
2,86955,86955,5,24
1,86976,86976,2,25
3,86976,86976,12,25
3,86978,86978,1,15
1,86991,86991,3,3
2,87003,87003,2,17
6,87008,87008,11,10
2,87010,87010,1,2
5,87024,87024,5,17
1,87032,87032,6,6
1,87045,87045,5,1
2,87061,87061,1,23
1,87065,87065,3,12
1,87069,87069,3,26
1,87074,87074,10,24
8,87081,87081,3,9
1,87083,87083,1,20
5,87087,87087,11,22
1,87099,87099,3,14
1,87100,87100,2,19
3,87107,87107,4,15
2,87108,87108,8,27
6,87108,87108,9,16
1,87111,87111,1,17
1,87119,87119,2,2
1,87124,87124,7,7
1,87129,87129,11,17
1,87133,87133,10,4
1,87135,87135,6,7
6,87137,87137,12,2
2,87139,87139,7,23
1,87147,87147,10,20
6,87156,87156,10,6
1,87157,87157,10,12
7,87163,87163,2,27
1,87180,87180,7,8
1,87181,87181,5,17
1,87186,87186,9,4
4,87189,87189,4,26
1,87194,87194,4,28
1,87199,87199,9,20
1,87208,87208,5,13
1,87215,87215,12,12
8,87232,87232,3,22
2,87237,87237,7,16
1,87239,87239,8,2
2,87241,87241,7,24
1,87242,87242,3,5
1,87250,87250,7,21
2,87259,87259,10,5
2,87265,87265,5,28
1,87267,87267,11,11
2,87275,87275,10,9
1,87285,87285,10,27
2,87285,87285,9,14
3,87286,87286,12,6
1,87287,87287,2,10
1,87287,87287,2,5
1,87288,87288,6,18
1,87309,87309,5,25
1,87320,87320,6,21
1,87321,87321,4,28
1,87328,87328,10,28
2,87329,87329,8,10
1,87341,87341,1,28
2,87342,87342,2,17
1,87348,87348,9,3
1,87357,87357,3,17
8,87365,87365,5,2
1,87376,87376,10,12
1,87392,87392,11,17
1,87402,87402,11,2
2,87403,87403,6,23
6,87407,87407,7,17
1,87410,87410,10,18
1,87411,87411,9,27
1,87421,87421,9,27
1,87424,87424,4,8
1,87430,87430,11,23
1,87436,87436,4,6
1,87446,87446,3,25
2,87456,87456,12,17
6,87465,87465,2,5
8,87476,87476,10,27
1,87481,87481,1,3
4,87493,87493,11,26
1,87496,87496,3,18
1,87500,87500,11,3
2,87502,87502,1,10
1,87513,87513,4,2
3,87516,87516,12,19
1,87518,87518,11,22
1,87535,87535,9,17
1,87537,87537,3,23
1,87545,87545,3,2
6,87553,87553,9,22
3,87563,87563,2,3
4,87563,87563,2,6
1,87567,87567,4,8
1,87568,87568,8,19
8,87570,87570,5,17
1,87576,87576,12,4
1,87579,87579,1,19
1,87584,87584,3,20
1,87610,87610,6,2
2,87613,87613,6,27
2,87617,87617,4,5
6,87617,87617,3,11
1,87620,87620,11,6
7,87628,87628,11,20
8,87629,87629,7,13
2,87631,87631,3,10
1,87633,87633,10,24
2,87634,87634,12,19
3,87637,87637,8,12
5,87637,87637,12,18
1,87644,87644,11,9
1,87670,87670,11,12
1,87673,87673,7,6
1,87677,87677,6,28
1,87683,87683,6,7
2,87683,87683,6,16
1,87684,87684,4,18
2,87691,87691,3,6
2,87693,87693,1,28
1,87696,87696,11,10
1,87699,87699,10,25
2,87699,87699,11,14
2,87705,87705,2,25
2,87707,87707,8,7
1,87713,87713,12,3
1,87719,87719,6,28
1,87722,87722,3,28
1,87722,87722,9,5
1,87726,87726,1,24
1,87729,87729,12,26
1,87732,87732,4,23
1,87742,87742,11,8
5,87742,87742,6,25
1,87743,87743,10,12
1,87748,87748,12,22
3,87750,87750,9,7
1,87773,87773,10,27
3,87797,87797,6,21
1,87806,87806,5,6
1,87817,87817,1,23
1,87842,87842,3,5
1,87845,87845,8,8
8,87846,87846,8,18
2,87868,87868,5,22
2,87869,87869,11,27
1,87875,87875,11,13
5,87902,87902,10,25
2,87906,87906,2,1
1,87913,87913,1,20
3,87913,87913,10,20
5,87927,87927,1,3
1,87928,87928,4,17
5,87928,87928,12,14
6,87931,87931,9,11
1,87932,87932,3,19
1,87939,87939,11,27
5,87952,87952,9,12
1,87961,87961,11,25
1,87967,87967,4,9
3,87971,87971,12,9
7,87975,87975,5,25
1,87980,87980,7,22
1,87982,87982,2,13
5,87982,87982,11,28
5,87991,87991,2,21
2,87995,87995,1,2
1,88000,88000,8,20
2,88004,88004,12,26
7,88007,88007,2,3
1,88008,88008,9,5
1,88008,88008,3,21
6,88016,88016,12,25
4,88025,88025,9,13
2,88028,88028,7,21
3,88035,88035,12,11
1,88044,88044,4,10
2,88048,88048,9,7
5,88056,88056,6,2
8,88068,88068,11,6
1,88082,88082,9,24
2,88082,88082,11,19
2,88084,88084,3,11
1,88086,88086,3,27
1,88092,88092,4,1
1,88096,88096,12,12
7,88106,88106,7,19
6,88111,88111,9,9
1,88114,88114,9,11
2,88119,88119,4,6
2,88122,88122,11,11
5,88122,88122,5,18
1,88128,88128,7,11
4,88128,88128,11,14
3,88144,88144,6,13
1,88148,88148,9,14
1,88149,88149,1,16
1,88160,88160,10,1
2,88169,88169,1,13
2,88170,88170,4,23
7,88181,88181,11,13
8,88189,88189,7,2
6,88190,88190,4,1
1,88191,88191,2,27
1,88195,88195,12,17
8,88201,88201,2,18
1,88205,88205,1,2
2,88209,88209,12,5
7,88210,88210,8,4
1,88211,88211,2,28
1,88214,88214,10,25
1,88218,88218,6,26
1,88227,88227,11,11
1,88230,88230,3,27
5,88230,88230,8,20
1,88233,88233,4,16
1,88239,88239,11,22
1,88239,88239,7,21
1,88247,88247,11,22
1,88258,88258,8,26
1,88264,88264,12,24
3,88265,88265,2,4
1,88267,88267,8,1
1,88269,88269,7,22
1,88280,88280,8,10
2,88281,88281,1,1
1,88282,88282,1,11
5,88315,88315,5,22
1,88326,88326,5,14
1,88341,88341,11,14
1,88347,88347,1,25
1,88351,88351,9,8
3,88356,88356,2,6
3,88358,88358,2,25
1,88359,88359,6,10
3,88360,88360,6,14
2,88366,88366,6,2
1,88375,88375,6,13
1,88377,88377,3,28
1,88380,88380,10,28
2,88382,88382,5,8
1,88383,88383,2,28
1,88393,88393,2,7
2,88395,88395,3,23
1,88400,88400,2,2
1,88404,88404,8,8
1,88406,88406,3,16
1,88414,88414,4,19
1,88417,88417,8,15
8,88431,88431,4,25
3,88434,88434,7,5
1,88437,88437,6,5
4,88446,88446,5,27
1,88454,88454,8,1
3,88458,88458,3,17
1,88465,88465,6,27
1,88466,88466,2,5
1,88475,88475,4,18
3,88484,88484,1,1
8,88495,88495,1,17
6,88497,88497,10,24
6,88503,88503,5,13
1,88508,88508,9,16
2,88510,88510,5,21
2,88517,88517,5,28
1,88532,88532,4,8
1,88542,88542,7,11
2,88545,88545,9,4
1,88557,88557,1,10
1,88562,88562,9,12
1,88565,88565,5,20
6,88569,88569,9,8
1,88576,88576,3,4
2,88584,88584,12,27
1,88602,88602,8,22
5,88602,88602,8,22
2,88607,88607,7,19
1,88632,88632,12,6
1,88637,88637,4,2
2,88671,88671,12,27
3,88673,88673,3,9
2,88693,88693,1,15
1,88706,88706,10,5
1,88716,88716,9,19
1,88718,88718,8,2
7,88735,88735,12,6
1,88737,88737,10,19
5,88743,88743,7,17
2,88749,88749,6,14
6,88772,88772,11,14
1,88782,88782,8,24
1,88794,88794,6,7
1,88803,88803,8,25
1,88826,88826,11,15
1,88838,88838,4,12
1,88844,88844,9,14
1,88844,88844,6,25
8,88844,88844,10,19
1,88850,88850,8,10
1,88855,88855,9,16
1,88862,88862,4,7
3,88869,88869,5,4
1,88874,88874,11,5
1,88875,88875,1,4
1,88887,88887,12,10
2,88889,88889,4,13
2,88890,88890,11,17
2,88903,88903,7,17
2,88909,88909,9,24
1,88917,88917,9,9
2,88925,88925,9,7
1,88930,88930,9,4
8,88935,88935,6,24
1,88940,88940,9,25
1,88941,88941,3,17
1,88941,88941,9,25
1,88941,88941,1,12
1,88945,88945,6,18
8,88947,88947,3,11
2,88948,88948,8,22
1,88950,88950,2,23
1,88951,88951,3,7
7,88953,88953,1,8
1,88972,88972,11,28
2,88976,88976,2,6
2,88981,88981,9,5
1,88983,88983,1,17
5,88986,88986,9,8
1,88988,88988,1,22
1,88988,88988,5,12
1,88995,88995,1,16
1,89004,89004,5,26
1,89006,89006,9,26
3,89019,89019,7,4
1,89024,89024,7,28
1,89025,89025,12,17
6,89027,89027,1,28
2,89029,89029,11,6
2,89034,89034,4,4
1,89054,89054,1,12
1,89057,89057,11,12
3,89057,89057,2,28
2,89063,89063,10,12
1,89072,89072,10,26
1,89079,89079,9,27
2,89089,89089,7,25
1,89090,89090,6,19
1,89093,89093,3,11
1,89102,89102,4,3
2,89107,89107,11,7
2,89116,89116,1,8
1,89118,89118,11,22
2,89128,89128,1,1
2,89135,89135,12,23
7,89138,89138,6,24
1,89152,89152,2,11
8,89160,89160,3,1
1,89162,89162,5,16
4,89163,89163,7,20
6,89164,89164,2,4
1,89166,89166,10,5
1,89167,89167,12,14
1,89167,89167,2,10
8,89172,89172,7,21
1,89174,89174,3,16
1,89177,89177,12,19
1,89178,89178,1,2
1,89179,89179,12,21
2,89181,89181,9,6
2,89186,89186,4,1
3,89188,89188,7,23
2,89197,89197,8,24
2,89202,89202,4,15
1,89217,89217,8,8
1,89219,89219,11,19
1,89220,89220,5,21
2,89220,89220,8,20
2,89222,89222,8,9
1,89225,89225,7,28
1,89225,89225,4,7
1,89225,89225,10,25
1,89248,89248,10,9
7,89250,89250,12,25
2,89253,89253,2,6
4,89257,89257,4,10
1,89259,89259,9,14
1,89259,89259,4,12
4,89267,89267,4,9
1,89269,89269,6,23
2,89272,89272,11,26
1,89273,89273,1,8
7,89296,89296,7,27
1,89299,89299,7,18
2,89303,89303,12,4
1,89306,89306,3,23
1,89311,89311,3,16
1,89314,89314,8,11
1,89324,89324,4,22
1,89325,89325,1,11
1,89327,89327,4,21
2,89328,89328,3,12
4,89332,89332,9,26
1,89344,89344,7,7
7,89357,89357,5,25
1,89367,89367,8,13
1,89383,89383,8,20
1,89387,89387,6,4
1,89392,89392,10,25
2,89413,89413,6,20
8,89429,89429,8,1
1,89433,89433,7,10
1,89433,89433,5,27
3,89437,89437,7,2
1,89452,89452,7,21
1,89453,89453,12,5
1,89458,89458,11,10
3,89460,89460,11,8
1,89463,89463,9,11
5,89463,89463,10,1
2,89464,89464,10,12
2,89464,89464,7,23
1,89467,89467,9,16
8,89469,89469,4,16
1,89478,89478,9,8
2,89490,89490,10,14
1,89493,89493,8,10
6,89496,89496,5,4
1,89512,89512,8,5
2,89532,89532,10,26
2,89532,89532,10,5
2,89539,89539,5,18
1,89546,89546,8,15
1,89550,89550,12,21
2,89550,89550,7,28
3,89569,89569,9,28
5,89580,89580,1,6
1,89583,89583,11,27
7,89584,89584,12,11
2,89605,89605,6,5
1,89607,89607,9,24
1,89617,89617,2,19
1,89641,89641,7,17
6,89658,89658,2,20
8,89666,89666,5,14
2,89687,89687,12,17
2,89693,89693,4,10
1,89706,89706,8,11
1,89709,89709,8,13
1,89714,89714,11,9
1,89720,89720,11,28
1,89729,89729,11,11
1,89742,89742,1,8
2,89742,89742,11,27
2,89757,89757,10,12
2,89758,89758,11,27
2,89760,89760,6,12
1,89773,89773,3,21
8,89778,89778,1,1
1,89784,89784,3,21
1,89784,89784,10,11
1,89807,89807,3,13
1,89807,89807,12,1
6,89808,89808,11,3
2,89811,89811,9,23
1,89814,89814,10,21
1,89815,89815,3,10
7,89820,89820,7,25
1,89832,89832,5,27
7,89832,89832,5,2
4,89847,89847,10,12
1,89849,89849,12,23
1,89856,89856,9,13
1,89868,89868,3,14
2,89881,89881,5,15
2,89896,89896,6,10
1,89908,89908,10,21
1,89921,89921,3,17
1,89922,89922,6,11
1,89932,89932,1,25
7,89932,89932,4,11
1,89939,89939,5,13
6,89945,89945,11,15
5,89946,89946,3,9
1,89959,89959,6,17
1,89961,89961,11,19
1,89965,89965,9,23
1,89966,89966,6,19
2,89972,89972,10,10
1,89978,89978,8,19
5,89983,89983,7,12
5,89990,89990,11,3
1,89998,89998,11,12
2,90008,90008,5,24
1,90009,90009,9,26
1,90023,90023,3,24
1,90026,90026,5,5
1,90028,90028,10,4
2,90028,90028,7,11
1,90031,90031,1,4
1,90046,90046,10,8
1,90050,90050,6,23
1,90054,90054,12,8
3,90058,90058,7,27
6,90058,90058,12,8
1,90059,90059,9,6
3,90060,90060,2,13
1,90061,90061,1,7
1,90061,90061,3,5
1,90063,90063,9,12
1,90065,90065,7,2
1,90070,90070,3,2
1,90081,90081,3,15
1,90089,90089,11,11
1,90095,90095,5,11
2,90097,90097,1,6
1,90099,90099,12,10
2,90103,90103,5,3
1,90105,90105,2,27
1,90107,90107,7,14
1,90110,90110,5,2
1,90111,90111,9,11
1,90114,90114,4,14
1,90137,90137,7,7
1,90137,90137,6,11
2,90153,90153,7,25
8,90153,90153,11,21
1,90166,90166,12,1
1,90167,90167,8,22
2,90169,90169,11,22
8,90171,90171,7,9
8,90172,90172,1,7
1,90173,90173,12,9
1,90173,90173,2,5
2,90174,90174,9,19
1,90188,90188,10,11
4,90191,90191,3,15
1,90192,90192,9,24
1,90194,90194,8,25
1,90199,90199,8,9
5,90202,90202,11,9
1,90205,90205,1,2
4,90205,90205,12,5
1,90206,90206,9,8
1,90207,90207,5,2
1,90214,90214,4,10
1,90220,90220,4,21
1,90238,90238,4,8
1,90241,90241,6,17
3,90247,90247,3,8
2,90261,90261,1,1
1,90271,90271,10,17
2,90289,90289,5,22
3,90290,90290,5,10
4,90294,90294,12,10
2,90300,90300,6,25
2,90306,90306,8,25
1,90317,90317,6,7
1,90326,90326,2,12
1,90326,90326,7,9
2,90341,90341,7,15
8,90348,90348,10,28
1,90355,90355,2,18
3,90360,90360,8,13
1,90371,90371,11,3
1,90374,90374,4,19
1,90376,90376,5,22
1,90377,90377,11,1
1,90380,90380,2,19
1,90382,90382,3,19
1,90382,90382,7,7
1,90384,90384,1,13
2,90398,90398,3,4
8,90402,90402,6,28
2,90405,90405,8,21
1,90406,90406,11,12
1,90414,90414,12,24
1,90416,90416,1,6
6,90424,90424,7,5
1,90427,90427,2,20
6,90427,90427,9,18
1,90429,90429,9,15
1,90434,90434,12,25
1,90438,90438,1,1
4,90441,90441,8,3
1,90451,90451,12,25
1,90459,90459,8,25
2,90460,90460,3,9
1,90464,90464,1,2
1,90502,90502,2,10
2,90504,90504,4,13
4,90505,90505,9,13
1,90506,90506,10,13
1,90510,90510,6,20
2,90510,90510,9,17
2,90518,90518,5,26
2,90518,90518,5,22
3,90518,90518,12,22
1,90521,90521,8,21
1,90525,90525,8,5
2,90526,90526,5,12
1,90531,90531,11,6
2,90535,90535,9,17
2,90536,90536,5,15
2,90538,90538,5,5
7,90545,90545,5,16
1,90551,90551,2,24
1,90556,90556,11,12
2,90557,90557,1,10
1,90574,90574,4,6
1,90582,90582,6,28
1,90585,90585,12,4
6,90585,90585,3,9
1,90586,90586,11,12
1,90586,90586,12,18
1,90588,90588,3,4
3,90597,90597,3,8
1,90607,90607,2,17
1,90618,90618,11,17
1,90624,90624,4,28
2,90625,90625,9,11
2,90632,90632,4,12
1,90640,90640,7,28
1,90647,90647,5,15
2,90648,90648,6,3
1,90650,90650,4,6
2,90678,90678,11,15
1,90687,90687,10,2
8,90696,90696,6,23
1,90704,90704,11,12
1,90705,90705,9,6
6,90707,90707,10,2
2,90709,90709,3,27
1,90713,90713,8,17
6,90721,90721,3,25
5,90726,90726,5,2
1,90736,90736,1,9
1,90746,90746,4,25
5,90748,90748,9,6
7,90750,90750,6,14
1,90764,90764,1,16
1,90766,90766,4,14
6,90768,90768,4,22
1,90790,90790,8,23
1,90790,90790,6,2
1,90800,90800,12,24
1,90806,90806,4,28
1,90809,90809,8,9
1,90815,90815,6,22
1,90832,90832,1,12
2,90832,90832,8,20
3,90833,90833,8,28
2,90838,90838,9,10
2,90841,90841,1,26
7,90841,90841,5,17
7,90850,90850,2,27
1,90860,90860,11,24
3,90864,90864,1,11
1,90865,90865,2,25
1,90886,90886,7,28
2,90893,90893,5,22
6,90893,90893,11,4
1,90904,90904,11,19
3,90909,90909,5,21
1,90911,90911,4,10
1,90915,90915,8,8
1,90938,90938,12,25
2,90948,90948,9,13
1,90951,90951,5,5
2,90955,90955,8,10
2,90958,90958,3,18
1,90961,90961,5,13
2,90967,90967,12,10
5,90967,90967,4,12
1,90981,90981,10,15
3,90982,90982,8,15
2,90987,90987,2,8
7,91000,91000,12,24
1,91021,91021,10,20
1,91039,91039,11,28
1,91045,91045,1,19
1,91047,91047,12,7
3,91049,91049,1,28
2,91052,91052,8,7
4,91057,91057,5,1
1,91059,91059,11,27
1,91061,91061,3,18
1,91062,91062,11,22
7,91072,91072,5,14
1,91081,91081,10,21
1,91109,91109,2,13
4,91133,91133,2,16
6,91134,91134,4,10
7,91171,91171,12,21
2,91176,91176,11,14
1,91181,91181,2,14
1,91184,91184,3,22
6,91189,91189,4,12
1,91198,91198,9,4
1,91220,91220,9,8
1,91228,91228,8,17
2,91228,91228,7,12
1,91235,91235,9,9
2,91238,91238,9,27
2,91239,91239,8,28
5,91262,91262,5,23
1,91266,91266,11,13
1,91274,91274,4,14
1,91278,91278,11,3
1,91282,91282,9,20
1,91303,91303,4,17
2,91305,91305,12,3
1,91307,91307,5,5
1,91329,91329,7,21
2,91344,91344,5,16
2,91346,91346,2,19
1,91354,91354,11,19
1,91378,91378,6,9
2,91383,91383,10,19
2,91394,91394,8,7
2,91398,91398,3,20
6,91402,91402,11,9
5,91418,91418,12,24
1,91427,91427,4,11
1,91429,91429,2,6
1,91440,91440,4,9
2,91459,91459,8,20
8,91462,91462,10,19
1,91465,91465,3,5
1,91468,91468,2,20
1,91474,91474,12,27
1,91479,91479,5,6
2,91487,91487,9,7
2,91487,91487,12,10
7,91488,91488,4,19
1,91490,91490,6,27
1,91496,91496,8,4
3,91499,91499,3,4
1,91517,91517,6,6
1,91532,91532,12,18
6,91538,91538,11,10
1,91539,91539,1,26
2,91542,91542,1,27
1,91544,91544,8,2
1,91544,91544,6,25
1,91557,91557,8,4
1,91568,91568,7,26
1,91587,91587,10,10
2,91598,91598,10,16
1,91611,91611,10,12
1,91617,91617,1,1
5,91617,91617,7,25
1,91619,91619,7,23
2,91619,91619,12,7
2,91631,91631,2,7
7,91637,91637,3,26
2,91645,91645,11,18
1,91652,91652,4,23
2,91655,91655,3,25
2,91664,91664,9,12
1,91667,91667,2,10
1,91679,91679,8,16
1,91679,91679,1,17
2,91680,91680,10,8
2,91706,91706,7,24
2,91707,91707,5,1
1,91711,91711,1,14
3,91721,91721,10,11
2,91723,91723,3,9
2,91747,91747,1,25
1,91749,91749,5,4
5,91758,91758,1,25
2,91782,91782,7,14
2,91790,91790,1,15
2,91794,91794,6,18
2,91797,91797,4,1
2,91816,91816,4,7
3,91817,91817,2,25
1,91829,91829,1,11
7,91832,91832,10,11
1,91838,91838,10,5
2,91843,91843,1,8
1,91851,91851,6,28
7,91852,91852,11,11
6,91856,91856,10,23
1,91859,91859,10,3
2,91876,91876,8,13
8,91878,91878,6,8
2,91883,91883,6,5
1,91889,91889,7,7
2,91899,91899,9,17
5,91900,91900,9,18
1,91905,91905,7,11
1,91923,91923,1,17
5,91926,91926,11,12
1,91930,91930,6,14
1,91938,91938,8,17
1,91940,91940,2,13
2,91943,91943,2,27
1,91945,91945,5,20
2,91946,91946,11,10
1,91950,91950,11,12
2,91955,91955,11,18
2,91956,91956,12,17
2,91957,91957,2,19
6,91959,91959,10,13
1,91960,91960,1,17
1,91966,91966,5,7
1,91968,91968,2,2
3,91971,91971,6,16
1,91972,91972,3,9
8,91972,91972,9,12
1,91975,91975,4,13
1,91976,91976,10,9
1,91976,91976,2,20
3,91979,91979,12,2
2,92008,92008,11,14
1,92009,92009,8,3
8,92020,92020,5,24
1,92030,92030,9,18
1,92035,92035,9,20
5,92039,92039,1,17
1,92046,92046,11,2
1,92048,92048,5,9
3,92056,92056,10,6
1,92058,92058,9,10
1,92059,92059,12,1
1,92072,92072,9,28
1,92074,92074,3,12
1,92093,92093,7,7
1,92099,92099,7,10
7,92101,92101,5,16
1,92103,92103,1,2
8,92109,92109,9,14
5,92115,92115,11,23
1,92121,92121,11,25
8,92125,92125,4,17
1,92133,92133,11,2
1,92142,92142,10,23
1,92153,92153,5,9
3,92156,92156,5,23
1,92173,92173,12,23
6,92173,92173,2,20
1,92176,92176,5,26
1,92176,92176,2,9
1,92180,92180,4,8
1,92184,92184,2,19
5,92186,92186,1,25
7,92190,92190,3,16
1,92197,92197,2,15
1,92202,92202,5,3
2,92223,92223,2,1
1,92228,92228,7,6
2,92236,92236,1,8
3,92245,92245,10,19
1,92247,92247,3,28
3,92248,92248,1,5
2,92267,92267,4,1
1,92274,92274,10,16
8,92279,92279,7,28
8,92282,92282,2,28
2,92289,92289,11,25
2,92295,92295,10,4
1,92298,92298,3,4
2,92302,92302,6,6
7,92307,92307,5,6
2,92311,92311,9,27
2,92314,92314,10,8
1,92315,92315,4,9
1,92319,92319,5,19
7,92340,92340,1,18
7,92346,92346,7,13
1,92368,92368,8,21
1,92372,92372,10,15
1,92376,92376,6,14
8,92405,92405,6,16
1,92421,92421,5,6
2,92421,92421,7,14
7,92421,92421,8,16
1,92431,92431,7,24
1,92440,92440,5,27
3,92450,92450,7,19
2,92459,92459,5,27
2,92479,92479,11,11
4,92479,92479,9,27
3,92506,92506,7,16
1,92510,92510,1,7
2,92512,92512,9,10
2,92517,92517,6,14
3,92518,92518,9,9
1,92524,92524,5,23
1,92536,92536,10,28
1,92537,92537,9,6
1,92539,92539,1,25
2,92539,92539,11,15
2,92560,92560,3,23
3,92568,92568,9,28
2,92579,92579,11,19
1,92590,92590,5,2
1,92590,92590,12,21
1,92593,92593,7,12
1,92594,92594,3,3
1,92600,92600,8,15
2,92600,92600,4,23
1,92606,92606,11,21
1,92613,92613,9,2
1,92625,92625,12,26
3,92630,92630,3,13
1,92650,92650,6,7
5,92659,92659,3,10
2,92677,92677,11,28
2,92680,92680,7,22
1,92683,92683,1,27
7,92693,92693,9,8
3,92702,92702,4,23
6,92704,92704,3,22
2,92712,92712,8,15
1,92714,92714,3,5
2,92724,92724,12,25
1,92732,92732,7,28
1,92736,92736,10,2
1,92737,92737,6,6
1,92739,92739,10,7
1,92746,92746,7,21
2,92746,92746,8,9
2,92752,92752,3,27
7,92777,92777,10,24
1,92780,92780,8,7
7,92782,92782,6,11
1,92785,92785,1,28
1,92787,92787,8,19
3,92792,92792,10,8
1,92801,92801,11,13
4,92802,92802,12,16
1,92811,92811,4,22
1,92818,92818,8,3
1,92822,92822,11,26
1,92834,92834,2,6
1,92847,92847,12,22
7,92860,92860,1,25
1,92873,92873,12,28
3,92876,92876,3,6
2,92891,92891,5,12
1,92901,92901,4,15
1,92901,92901,10,1
2,92911,92911,3,6
5,92912,92912,7,7
2,92917,92917,4,2
1,92920,92920,3,20
4,92933,92933,8,6
2,92934,92934,12,11
1,92936,92936,4,27
1,92945,92945,6,2
1,92945,92945,12,24
2,92945,92945,3,28
1,92948,92948,6,15
1,92968,92968,3,13
1,92973,92973,12,4
1,92978,92978,9,10
7,92987,92987,12,2
3,92992,92992,2,26
2,93003,93003,6,11
1,93011,93011,12,24
1,93024,93024,1,9
1,93027,93027,3,5
2,93029,93029,1,10
1,93032,93032,7,24
1,93035,93035,4,26
2,93037,93037,7,15
1,93046,93046,2,8
1,93049,93049,9,18
2,93052,93052,7,15
2,93057,93057,11,23
3,93063,93063,7,23
1,93070,93070,7,25
3,93072,93072,8,4
8,93084,93084,11,26
1,93097,93097,5,9
1,93102,93102,7,7
2,93104,93104,1,21
1,93122,93122,1,21
1,93136,93136,12,17
2,93138,93138,7,9
1,93148,93148,3,27
1,93148,93148,6,17
1,93164,93164,8,3
2,93164,93164,3,11
1,93165,93165,3,18
1,93169,93169,4,10
1,93174,93174,10,3
1,93178,93178,8,10
2,93183,93183,8,5
5,93186,93186,7,14
1,93188,93188,3,19
2,93189,93189,10,5
1,93196,93196,10,21
1,93205,93205,6,22
2,93205,93205,8,2
2,93213,93213,1,18
1,93218,93218,11,3
8,93226,93226,11,11
1,93243,93243,3,10
7,93246,93246,9,5
1,93250,93250,5,19
1,93252,93252,12,13
7,93253,93253,9,18
8,93260,93260,4,1
2,93274,93274,8,11
1,93284,93284,9,17
2,93285,93285,7,17
1,93288,93288,7,7
2,93289,93289,1,22
1,93292,93292,5,4
2,93306,93306,12,24
8,93310,93310,5,27
5,93312,93312,1,27
2,93318,93318,3,23
8,93344,93344,6,6
1,93352,93352,9,6
3,93353,93353,6,8
1,93365,93365,8,17
2,93365,93365,12,5
1,93367,93367,6,7
1,93373,93373,5,4
1,93386,93386,8,28
2,93389,93389,5,3
2,93403,93403,7,11
1,93412,93412,6,24
7,93420,93420,7,13
1,93422,93422,11,2
6,93423,93423,9,22
1,93424,93424,1,22
1,93453,93453,12,18
2,93476,93476,10,11
1,93478,93478,10,24
2,93483,93483,9,27
8,93487,93487,2,25
6,93492,93492,7,19
1,93499,93499,11,7
2,93509,93509,7,20
1,93512,93512,6,7
1,93512,93512,3,21
2,93516,93516,1,22
2,93527,93527,3,14
1,93537,93537,3,11
1,93545,93545,4,7
1,93546,93546,4,3
1,93547,93547,3,27
2,93557,93557,4,9
1,93563,93563,2,23
4,93569,93569,11,17
1,93577,93577,7,7
7,93578,93578,8,28
2,93587,93587,6,12
1,93588,93588,11,21
2,93590,93590,5,21
2,93604,93604,11,11
1,93614,93614,7,3
2,93615,93615,2,11
4,93616,93616,7,27
4,93616,93616,10,17
1,93629,93629,7,18
2,93652,93652,5,20
1,93653,93653,10,23
1,93669,93669,7,1
1,93669,93669,3,10
1,93676,93676,2,14
2,93676,93676,6,6
1,93681,93681,11,12
1,93683,93683,2,16
1,93693,93693,7,4
6,93701,93701,9,8
1,93702,93702,6,12
2,93707,93707,9,22
1,93709,93709,5,5
1,93717,93717,6,11
1,93728,93728,10,21
1,93732,93732,2,8
1,93737,93737,8,14
2,93738,93738,7,26
2,93760,93760,5,3
1,93762,93762,12,17
1,93763,93763,12,11
1,93764,93764,8,15
2,93766,93766,6,28
1,93771,93771,9,27
1,93774,93774,3,26
1,93777,93777,7,11
2,93778,93778,9,13
8,93782,93782,3,26
3,93783,93783,10,6
1,93788,93788,7,19
1,93793,93793,7,27
2,93793,93793,10,14
1,93798,93798,3,17
1,93801,93801,8,28
2,93805,93805,4,9
1,93808,93808,10,5
2,93810,93810,5,1
1,93815,93815,10,24
1,93818,93818,6,11
1,93820,93820,2,21
2,93824,93824,6,7
2,93829,93829,8,13
2,93831,93831,8,18
2,93835,93835,9,10
5,93836,93836,5,12
2,93849,93849,12,10
2,93851,93851,9,17
2,93855,93855,7,24
2,93872,93872,11,21
4,93876,93876,10,27
1,93889,93889,11,6
1,93891,93891,4,10
1,93892,93892,7,6
2,93897,93897,3,25
4,93908,93908,8,14
1,93910,93910,7,5
6,93910,93910,2,21
1,93913,93913,9,12
1,93913,93913,3,19
4,93918,93918,7,27
1,93921,93921,5,24
2,93928,93928,9,8
5,93959,93959,6,6
7,93964,93964,12,6
1,93966,93966,3,22
6,93971,93971,11,7
1,93973,93973,8,18
1,93981,93981,11,17
2,93983,93983,5,22
1,93988,93988,9,24
1,93991,93991,8,8
2,93994,93994,7,9
2,93995,93995,9,14
1,93996,93996,12,6
1,93999,93999,4,15
1,94007,94007,2,2
1,94010,94010,9,26
2,94019,94019,3,27
1,94029,94029,1,16
1,94035,94035,1,23
5,94036,94036,3,18
1,94042,94042,10,10
1,94046,94046,8,12
2,94068,94068,1,11
2,94070,94070,8,26
1,94079,94079,4,21
1,94088,94088,7,2
1,94088,94088,4,26
1,94092,94092,7,25
1,94097,94097,9,17
2,94097,94097,3,24
5,94099,94099,5,25
6,94102,94102,7,8
2,94103,94103,1,28
1,94105,94105,1,2
1,94111,94111,2,13
2,94117,94117,11,26
1,94122,94122,2,12
8,94127,94127,8,17
2,94145,94145,9,14
2,94152,94152,2,1
1,94155,94155,8,28
1,94161,94161,2,9
2,94167,94167,8,18
1,94173,94173,10,27
1,94174,94174,7,6
3,94176,94176,6,5
6,94194,94194,10,25
7,94203,94203,12,9
1,94235,94235,2,25
1,94240,94240,11,9
5,94240,94240,6,18
1,94242,94242,6,9
1,94243,94243,10,12
2,94245,94245,7,12
1,94248,94248,3,15
2,94248,94248,9,1
1,94252,94252,9,23
3,94265,94265,8,6
1,94274,94274,8,22
1,94283,94283,4,25
5,94291,94291,3,18
1,94310,94310,1,2
1,94320,94320,12,11
4,94329,94329,8,20
1,94331,94331,1,19
2,94339,94339,12,9
2,94345,94345,12,22
2,94347,94347,7,21
2,94351,94351,1,28
1,94353,94353,2,7
1,94353,94353,8,5
4,94356,94356,10,12
6,94358,94358,7,8
1,94367,94367,2,2
1,94390,94390,3,6
1,94406,94406,6,15
1,94415,94415,4,2
1,94420,94420,7,25
2,94423,94423,4,12
1,94424,94424,5,1
1,94426,94426,3,17
2,94431,94431,5,7
5,94436,94436,5,13
2,94440,94440,1,7
1,94449,94449,9,19
1,94457,94457,7,4
1,94461,94461,12,11
1,94461,94461,10,24
1,94467,94467,6,9
7,94467,94467,11,7
1,94479,94479,4,23
1,94482,94482,6,18
1,94485,94485,3,9
1,94502,94502,3,1
2,94502,94502,5,21
2,94503,94503,4,28
6,94506,94506,5,20
3,94516,94516,3,17
1,94524,94524,4,14
1,94531,94531,12,10
2,94538,94538,2,21
1,94539,94539,2,28
1,94544,94544,7,6
2,94546,94546,2,24
1,94548,94548,11,14
3,94553,94553,11,1
1,94571,94571,12,9
1,94572,94572,3,23
4,94572,94572,4,7
2,94574,94574,11,9
1,94580,94580,3,2
2,94582,94582,12,22
1,94583,94583,9,17
1,94589,94589,9,9
2,94591,94591,4,28
1,94593,94593,1,27
2,94598,94598,1,18
1,94600,94600,2,25
4,94604,94604,9,24
3,94606,94606,9,16
2,94608,94608,11,5
1,94613,94613,11,19
1,94636,94636,11,10
1,94640,94640,5,24
3,94647,94647,12,11
2,94661,94661,8,7
5,94664,94664,7,3
3,94666,94666,8,8
4,94699,94699,2,1
2,94711,94711,4,4
6,94732,94732,12,24
5,94735,94735,12,27
1,94741,94741,9,3
1,94742,94742,1,1
8,94744,94744,5,16
1,94746,94746,10,19
1,94760,94760,7,15
1,94775,94775,9,14
6,94776,94776,7,22
2,94788,94788,1,2
6,94793,94793,7,4
5,94794,94794,9,11
3,94795,94795,1,21
1,94797,94797,1,7
3,94829,94829,12,24
8,94833,94833,8,24
6,94857,94857,8,9
1,94861,94861,10,22
1,94865,94865,5,5
1,94883,94883,11,13
1,94902,94902,10,15
2,94907,94907,10,15
2,94907,94907,2,8
1,94913,94913,11,3
2,94918,94918,12,19
2,94922,94922,2,18
2,94927,94927,10,8
1,94929,94929,9,8
1,94931,94931,4,9
1,94932,94932,5,25
4,94932,94932,10,25
2,94936,94936,10,4
1,94948,94948,2,21
8,94948,94948,4,20
5,94949,94949,4,26
5,94950,94950,6,2
1,94960,94960,4,14
2,94961,94961,8,23
1,94965,94965,6,21
1,94972,94972,6,14
2,94979,94979,9,4
1,94980,94980,9,15
1,94985,94985,11,23
1,94985,94985,9,11
8,94986,94986,11,28
2,94988,94988,9,6
4,94991,94991,7,19
6,95004,95004,3,6
2,95017,95017,3,20
1,95021,95021,10,13
2,95024,95024,6,28
1,95030,95030,9,2
2,95041,95041,1,5
6,95061,95061,6,3
5,95068,95068,2,15
1,95083,95083,4,17
1,95085,95085,2,24
3,95106,95106,8,16
1,95111,95111,7,27
1,95116,95116,3,28
2,95138,95138,3,15
1,95143,95143,7,2
1,95144,95144,1,22
1,95151,95151,4,22
1,95157,95157,6,18
3,95162,95162,10,4
3,95167,95167,7,3
1,95175,95175,10,27
1,95176,95176,3,8
2,95181,95181,4,17
1,95194,95194,6,22
1,95197,95197,10,24
4,95230,95230,6,3
1,95235,95235,7,1
1,95237,95237,3,8
8,95246,95246,6,28
1,95268,95268,7,11
6,95272,95272,6,5
1,95277,95277,4,7
2,95277,95277,7,24
2,95278,95278,11,18
1,95304,95304,4,27
1,95307,95307,6,10
1,95308,95308,8,25
1,95321,95321,5,12
1,95336,95336,11,18
1,95341,95341,8,13
1,95344,95344,12,21
2,95352,95352,6,21
2,95352,95352,10,25
1,95353,95353,12,13
8,95356,95356,1,19
1,95358,95358,9,9
4,95361,95361,5,12
1,95370,95370,1,10
3,95386,95386,10,12
1,95392,95392,3,8
1,95398,95398,9,11
1,95404,95404,12,16
8,95429,95429,3,25
1,95431,95431,11,23
1,95436,95436,8,27
1,95437,95437,4,28
2,95437,95437,3,10
1,95438,95438,9,24
1,95445,95445,6,3
1,95457,95457,11,18
1,95457,95457,7,7
3,95460,95460,7,2
1,95462,95462,10,10
3,95467,95467,5,26
1,95468,95468,7,11
1,95501,95501,8,15
2,95504,95504,7,6
1,95507,95507,2,28
2,95546,95546,1,6
2,95571,95571,10,18
7,95575,95575,6,7
1,95578,95578,9,22
2,95585,95585,3,7
2,95598,95598,8,16
1,95610,95610,4,13
6,95615,95615,10,16
2,95623,95623,6,2
1,95628,95628,9,16
2,95628,95628,3,18
1,95637,95637,6,18
1,95644,95644,3,21
1,95646,95646,8,14
2,95659,95659,6,19
1,95660,95660,1,12
1,95661,95661,3,18
3,95664,95664,7,11
2,95665,95665,9,1
3,95670,95670,7,15
2,95678,95678,3,7
1,95690,95690,3,19
1,95692,95692,6,13
1,95705,95705,4,16
1,95706,95706,8,25
1,95706,95706,6,6
1,95716,95716,9,7
1,95722,95722,6,17
1,95732,95732,10,21
8,95732,95732,10,9
3,95734,95734,2,8
2,95743,95743,6,19
1,95752,95752,11,13
6,95754,95754,12,27
1,95757,95757,1,26
1,95761,95761,2,4
1,95763,95763,1,20
1,95763,95763,12,14
1,95770,95770,9,28
1,95781,95781,10,23
1,95782,95782,5,7
4,95809,95809,1,26
1,95815,95815,6,28
2,95816,95816,12,4
5,95819,95819,11,20
1,95821,95821,1,2
1,95827,95827,12,24
1,95833,95833,6,9
1,95838,95838,9,6
7,95838,95838,11,5
8,95843,95843,8,8
2,95851,95851,4,10
2,95852,95852,11,13
1,95856,95856,8,6
2,95858,95858,11,11
1,95885,95885,8,20
7,95894,95894,6,26
8,95909,95909,8,21
3,95915,95915,8,3
1,95917,95917,1,21
2,95917,95917,11,3
1,95922,95922,11,8
2,95922,95922,7,22
2,95924,95924,10,2
1,95929,95929,7,27
1,95943,95943,4,16
3,95945,95945,2,2
3,95964,95964,6,8
1,95967,95967,7,6
1,95996,95996,5,25
1,95999,95999,9,8
1,96005,96005,3,13
1,96006,96006,8,24
2,96006,96006,11,11
7,96007,96007,2,22
2,96019,96019,4,22
1,96028,96028,3,7
2,96032,96032,8,17
1,96035,96035,10,18
1,96041,96041,12,15
2,96051,96051,9,3
6,96051,96051,6,8
1,96053,96053,11,9
1,96060,96060,6,17
1,96093,96093,6,6
7,96101,96101,3,22
1,96106,96106,1,14
1,96116,96116,7,21
5,96126,96126,7,10
5,96131,96131,7,10
2,96135,96135,2,14
1,96152,96152,6,2
5,96153,96153,6,17
1,96163,96163,1,11
5,96168,96168,9,1
1,96176,96176,6,24
3,96176,96176,8,3
2,96178,96178,12,25
1,96200,96200,9,16
1,96201,96201,3,17
2,96202,96202,2,4
1,96207,96207,7,11
5,96209,96209,11,14
8,96217,96217,3,3
1,96232,96232,4,18
1,96238,96238,1,7
1,96251,96251,7,28
1,96258,96258,7,11
2,96278,96278,12,25
2,96279,96279,3,1
2,96281,96281,6,18
2,96282,96282,7,15
7,96285,96285,6,23
2,96289,96289,9,1
1,96307,96307,8,14
6,96319,96319,2,16
5,96322,96322,7,18
1,96330,96330,9,19
1,96335,96335,11,28
2,96337,96337,11,5
7,96355,96355,9,7
1,96357,96357,4,20
6,96359,96359,10,15
1,96367,96367,8,17
2,96368,96368,10,14
1,96377,96377,2,6
8,96381,96381,4,3
1,96382,96382,12,19
1,96388,96388,7,23
8,96389,96389,10,2
1,96391,96391,1,28
3,96393,96393,3,8
1,96394,96394,11,26
1,96404,96404,3,17
2,96409,96409,3,13
7,96412,96412,6,21
6,96414,96414,11,10
5,96417,96417,12,11
3,96421,96421,10,15
8,96425,96425,9,9
1,96426,96426,10,27
2,96427,96427,6,12
1,96428,96428,2,7
1,96435,96435,4,3
1,96439,96439,4,28
1,96441,96441,10,24
1,96459,96459,1,23
1,96465,96465,10,20
1,96466,96466,3,11
6,96468,96468,1,28
1,96476,96476,5,16
1,96478,96478,3,22
1,96503,96503,11,6
1,96505,96505,11,1
8,96527,96527,3,6
2,96528,96528,6,15
1,96556,96556,12,15
2,96558,96558,1,20
1,96565,96565,12,1
2,96570,96570,1,23
8,96570,96570,8,19
2,96574,96574,4,11
1,96577,96577,11,11
1,96579,96579,9,3
1,96580,96580,5,1
2,96582,96582,3,15
1,96592,96592,3,24
2,96592,96592,5,24
2,96598,96598,3,15
2,96601,96601,8,14
1,96606,96606,12,4
1,96612,96612,1,13
2,96612,96612,12,23
1,96623,96623,1,13
1,96623,96623,7,17
2,96627,96627,5,21
2,96650,96650,7,21
8,96651,96651,5,5
5,96652,96652,6,4
1,96656,96656,9,8
1,96660,96660,5,5
1,96661,96661,3,13
4,96669,96669,7,1
1,96670,96670,10,7
4,96675,96675,10,18
2,96678,96678,9,18
1,96681,96681,4,27
2,96681,96681,8,20
2,96684,96684,5,14
1,96685,96685,5,1
1,96686,96686,12,20
1,96693,96693,9,6
2,96693,96693,9,13
1,96704,96704,5,21
4,96711,96711,1,7
2,96719,96719,9,22
1,96720,96720,6,12
4,96728,96728,9,21
8,96731,96731,10,26
2,96739,96739,11,25
2,96762,96762,7,22
1,96763,96763,4,21
1,96767,96767,12,3
1,96767,96767,6,3
1,96783,96783,10,5
6,96785,96785,9,1
1,96789,96789,3,21
7,96794,96794,12,7
1,96800,96800,6,14
1,96810,96810,1,5
1,96832,96832,6,3
1,96842,96842,1,14
1,96846,96846,6,9
4,96850,96850,9,14
1,96857,96857,3,3
6,96864,96864,1,6
1,96865,96865,7,14
1,96866,96866,4,26
1,96868,96868,9,18
1,96875,96875,12,27
1,96877,96877,5,3
7,96878,96878,2,7
2,96892,96892,3,9
4,96892,96892,12,28
8,96895,96895,1,24
3,96907,96907,9,27
5,96909,96909,6,16
5,96916,96916,5,14
1,96919,96919,5,14
1,96924,96924,6,10
2,96940,96940,9,19
2,96944,96944,5,12
8,96963,96963,12,25
6,96964,96964,9,13
2,96965,96965,3,18
1,96968,96968,7,28
6,96970,96970,10,7
2,96975,96975,1,2
1,96979,96979,10,16
5,96979,96979,2,20
1,96980,96980,3,28
2,96992,96992,9,11
1,97000,97000,3,8
1,97003,97003,8,8
2,97015,97015,9,28
2,97017,97017,5,12
1,97025,97025,8,16
1,97034,97034,10,6
2,97036,97036,10,10
6,97039,97039,3,14
1,97044,97044,11,6
1,97046,97046,8,2
1,97052,97052,12,1
4,97059,97059,6,13
2,97075,97075,5,19
8,97085,97085,4,24
1,97094,97094,6,9
6,97097,97097,5,8
1,97109,97109,12,4
1,97111,97111,8,13
1,97116,97116,9,6
2,97129,97129,11,7
1,97140,97140,12,17
2,97151,97151,1,14
2,97163,97163,9,13
2,97164,97164,5,13
3,97181,97181,8,6
2,97183,97183,2,14
2,97187,97187,5,26
1,97192,97192,10,17
1,97194,97194,8,16
8,97204,97204,5,17
6,97217,97217,4,4
4,97222,97222,6,6
1,97227,97227,8,11
1,97236,97236,6,16
2,97239,97239,9,3
1,97250,97250,3,9
6,97261,97261,6,13
1,97274,97274,7,17
5,97280,97280,9,10
1,97281,97281,6,22
1,97286,97286,12,8
3,97288,97288,3,3
6,97288,97288,12,10
2,97289,97289,9,8
2,97302,97302,6,11
2,97322,97322,8,15
8,97329,97329,2,6
1,97336,97336,3,18
8,97336,97336,6,26
1,97347,97347,10,23
2,97352,97352,9,25
2,97359,97359,6,17
1,97361,97361,12,21
3,97361,97361,11,10
4,97366,97366,6,17
1,97408,97408,9,4
6,97428,97428,5,19
1,97432,97432,2,5
3,97438,97438,9,3
2,97445,97445,1,27
1,97452,97452,11,21
6,97475,97475,9,8
1,97480,97480,3,9
1,97489,97489,9,14
2,97494,97494,2,23
1,97499,97499,2,21
3,97504,97504,10,19
1,97507,97507,2,8
8,97515,97515,6,8
1,97520,97520,8,13
1,97523,97523,7,7
2,97525,97525,8,15
1,97531,97531,12,23
1,97535,97535,2,27
2,97539,97539,12,1
8,97549,97549,8,28
8,97560,97560,8,4
1,97565,97565,6,6
1,97571,97571,6,14
2,97571,97571,7,15
2,97591,97591,11,14
1,97616,97616,4,10
2,97627,97627,7,18
2,97630,97630,1,14
3,97639,97639,2,28
1,97642,97642,8,27
1,97644,97644,4,27
2,97660,97660,5,24
1,97683,97683,4,19
2,97683,97683,9,24
5,97688,97688,4,14
1,97699,97699,8,2
1,97700,97700,3,26
6,97705,97705,7,16
7,97716,97716,10,15
7,97724,97724,6,4
8,97725,97725,6,7
1,97738,97738,10,23
1,97739,97739,1,27
1,97744,97744,3,28
5,97754,97754,1,4
1,97758,97758,2,25
1,97758,97758,9,1
1,97762,97762,6,1
2,97767,97767,11,22
1,97775,97775,8,2
1,97783,97783,2,14
6,97785,97785,8,17
2,97789,97789,5,17
1,97791,97791,8,25
1,97805,97805,11,26
1,97815,97815,12,24
1,97819,97819,9,27
1,97823,97823,8,16
1,97823,97823,12,20
3,97842,97842,12,6
2,97848,97848,12,11
2,97849,97849,3,18
6,97849,97849,1,17
2,97861,97861,3,9
1,97875,97875,11,27
4,97875,97875,12,1
6,97880,97880,7,14
2,97883,97883,8,9
1,97885,97885,5,7
1,97895,97895,10,27
1,97905,97905,8,13
5,97906,97906,3,13
2,97907,97907,11,10
6,97908,97908,6,10
2,97922,97922,9,19
1,97924,97924,7,5
1,97925,97925,9,3
1,97939,97939,10,14
8,97939,97939,9,1
2,97950,97950,10,9
2,97952,97952,12,26
6,97952,97952,11,14
2,97965,97965,8,9
2,97992,97992,7,22
4,97992,97992,3,25
2,98007,98007,4,13
3,98018,98018,12,1
1,98025,98025,6,25
2,98030,98030,8,28
1,98035,98035,9,15
2,98040,98040,1,28
1,98044,98044,12,19
1,98052,98052,12,3
1,98064,98064,6,3
2,98073,98073,11,5
5,98080,98080,8,11
5,98096,98096,9,10
2,98105,98105,12,26
1,98106,98106,10,1
8,98108,98108,3,25
1,98115,98115,2,17
1,98115,98115,5,4
1,98119,98119,7,13
1,98127,98127,4,24
2,98141,98141,3,15
2,98144,98144,7,9
1,98146,98146,3,4
2,98150,98150,7,1
1,98163,98163,4,17
4,98168,98168,3,9
2,98176,98176,8,6
1,98177,98177,11,27
2,98180,98180,8,16
1,98185,98185,3,17
1,98200,98200,10,12
5,98217,98217,5,8
1,98220,98220,2,7
1,98222,98222,3,5
3,98232,98232,10,4
1,98237,98237,8,27
1,98240,98240,4,11
1,98255,98255,8,8
2,98262,98262,10,19
1,98264,98264,10,4
2,98265,98265,12,27
2,98265,98265,5,22
1,98267,98267,11,11
1,98271,98271,1,22
1,98275,98275,7,11
1,98279,98279,4,9
4,98284,98284,9,8
2,98285,98285,5,6
8,98290,98290,3,1
3,98299,98299,5,11
1,98300,98300,9,22
2,98303,98303,8,4
4,98311,98311,3,8
3,98316,98316,4,8
2,98339,98339,5,14
2,98340,98340,3,2
2,98343,98343,10,9
1,98345,98345,12,2
2,98346,98346,9,18
7,98347,98347,7,8
2,98368,98368,8,19
1,98378,98378,5,10
3,98378,98378,1,8
1,98384,98384,3,9
1,98384,98384,10,14
1,98385,98385,10,6
1,98399,98399,10,21
2,98402,98402,10,7
1,98404,98404,9,27
5,98407,98407,5,4
2,98409,98409,11,3
1,98410,98410,4,10
6,98429,98429,2,15
1,98430,98430,5,2
2,98443,98443,3,25
1,98448,98448,9,18
8,98455,98455,6,17
1,98456,98456,9,8
2,98462,98462,9,7
1,98468,98468,12,2
1,98483,98483,7,27
1,98500,98500,1,23
1,98508,98508,5,3
1,98520,98520,11,19
1,98521,98521,9,1
1,98523,98523,6,18
8,98525,98525,7,18
3,98528,98528,7,7
3,98528,98528,5,21
2,98531,98531,3,23
1,98532,98532,9,5
1,98533,98533,12,16
2,98538,98538,1,23
5,98553,98553,1,24
1,98562,98562,10,9
1,98562,98562,4,8
1,98566,98566,5,15
2,98579,98579,2,16
1,98580,98580,8,21
2,98586,98586,1,19
1,98588,98588,1,12
1,98589,98589,3,8
2,98591,98591,10,12
1,98595,98595,7,27
8,98599,98599,1,15
2,98600,98600,6,26
1,98607,98607,8,18
1,98608,98608,3,5
1,98631,98631,6,17
7,98634,98634,4,4
1,98635,98635,9,17
2,98636,98636,7,6
3,98654,98654,12,21
1,98665,98665,4,24
1,98678,98678,3,22
1,98682,98682,10,12
1,98683,98683,4,26
3,98683,98683,10,5
1,98684,98684,1,22
2,98698,98698,12,4
7,98701,98701,1,5
2,98715,98715,11,20
1,98717,98717,12,28
1,98720,98720,7,18
1,98732,98732,7,18
2,98736,98736,10,10
1,98745,98745,10,5
1,98745,98745,10,23
1,98754,98754,7,16
1,98789,98789,7,18
2,98791,98791,2,14
2,98794,98794,6,23
3,98801,98801,10,6
1,98802,98802,11,5
2,98809,98809,3,12
2,98812,98812,12,14
2,98824,98824,12,26
8,98834,98834,9,2
1,98844,98844,10,8
8,98845,98845,2,20
2,98851,98851,10,17
2,98861,98861,6,18
1,98865,98865,7,7
2,98866,98866,9,9
1,98873,98873,1,9
7,98877,98877,7,21
8,98892,98892,2,28
1,98898,98898,5,19
1,98902,98902,11,14
1,98903,98903,11,14
2,98910,98910,9,9
2,98911,98911,10,19
2,98912,98912,5,26
1,98927,98927,11,23
2,98933,98933,3,5
4,98940,98940,9,2
4,98942,98942,6,14
6,98945,98945,6,5
2,98953,98953,10,11
1,98954,98954,5,25
2,98956,98956,3,12
1,98966,98966,1,14
1,98967,98967,11,8
2,98971,98971,10,7
2,98981,98981,5,21
3,98986,98986,5,3
1,98987,98987,4,8
1,98989,98989,3,27
1,99003,99003,7,24
6,99007,99007,1,10
3,99018,99018,6,26
1,99023,99023,4,17
2,99023,99023,6,1
1,99024,99024,11,24
6,99032,99032,2,14
2,99033,99033,5,11
1,99046,99046,6,8
1,99047,99047,12,22
1,99060,99060,11,15
1,99086,99086,7,6
1,99086,99086,5,23
2,99089,99089,12,7
3,99090,99090,3,9
2,99101,99101,7,7
6,99109,99109,9,1
4,99115,99115,1,4
1,99119,99119,6,18
1,99123,99123,4,15
7,99127,99127,1,5
2,99129,99129,10,20
1,99130,99130,4,20
4,99137,99137,2,10
2,99139,99139,5,13
1,99140,99140,7,6
1,99140,99140,8,26
8,99145,99145,2,8
1,99154,99154,10,4
1,99162,99162,10,5
2,99164,99164,6,6
1,99174,99174,7,12
1,99187,99187,4,23
6,99190,99190,11,18
1,99194,99194,4,2
3,99199,99199,3,23
1,99205,99205,5,10
1,99208,99208,3,24
1,99212,99212,3,9
7,99212,99212,5,18
1,99214,99214,7,16
1,99217,99217,8,23
1,99228,99228,10,6
1,99236,99236,4,12
3,99239,99239,12,9
1,99244,99244,9,28
1,99248,99248,3,13
2,99250,99250,4,17
1,99255,99255,5,14
1,99262,99262,3,18
1,99271,99271,7,21
1,99271,99271,9,26
4,99276,99276,8,15
2,99287,99287,8,20
1,99288,99288,9,27
1,99293,99293,9,12
1,99302,99302,7,9
8,99311,99311,11,19
1,99317,99317,4,10
5,99332,99332,8,17
1,99341,99341,7,8
1,99353,99353,9,10
1,99365,99365,8,19
6,99367,99367,6,19
1,99371,99371,6,28
1,99381,99381,4,12
1,99382,99382,10,21
1,99385,99385,4,4
1,99386,99386,4,11
6,99388,99388,1,23
2,99390,99390,8,17
6,99403,99403,6,12
1,99409,99409,9,13
1,99415,99415,11,19
2,99436,99436,1,26
1,99438,99438,10,13
2,99439,99439,7,28
1,99445,99445,6,23
3,99446,99446,1,5
1,99477,99477,2,26
4,99477,99477,5,6
1,99485,99485,7,15
2,99488,99488,11,3
8,99522,99522,9,18
1,99527,99527,4,24
1,99528,99528,9,3
1,99530,99530,1,19
3,99532,99532,11,17
1,99547,99547,3,17
1,99551,99551,6,28
1,99554,99554,11,2
1,99559,99559,6,25
1,99562,99562,1,13
8,99578,99578,9,25
6,99590,99590,4,3
6,99591,99591,3,4
2,99592,99592,3,2
8,99593,99593,2,10
1,99600,99600,8,5
1,99606,99606,3,18
2,99609,99609,7,13
5,99617,99617,2,23
1,99619,99619,11,5
1,99620,99620,10,28
2,99631,99631,10,17
2,99649,99649,8,23
6,99649,99649,11,22
1,99650,99650,6,11
8,99665,99665,12,1
1,99674,99674,11,27
1,99675,99675,6,20
3,99689,99689,10,28
8,99706,99706,8,27
2,99716,99716,9,8
2,99727,99727,1,3
1,99754,99754,3,4
8,99760,99760,3,1
2,99764,99764,4,23
6,99765,99765,12,2
6,99772,99772,3,25
1,99794,99794,9,7
2,99798,99798,11,11
1,99812,99812,10,27
5,99812,99812,9,16
8,99812,99812,7,7
1,99820,99820,3,6
2,99829,99829,10,24
1,99851,99851,7,15
8,99861,99861,12,14
2,99863,99863,2,27
1,99872,99872,5,4
1,99875,99875,12,19
2,99879,99879,9,24
2,99886,99886,12,17
1,99895,99895,4,9
1,99903,99903,3,20
1,99905,99905,5,24
1,99926,99926,1,10
1,99945,99945,5,9
2,99955,99955,9,28
3,99958,99958,2,3
1,99961,99961,1,5
1,99965,99965,9,20
